<?xml version = '1.0' encoding = 'UTF-8'?>
<FKIndexAssociation class="oracle.dbtools.crest.model.design.relational.FKIndexAssociation" directorySegmentName="seg_0" id="054F2447-6542-F8D8-C52E-F5ABF5078C78" containerWithKeyObject="49AFD941-8AF5-B3D1-041E-4734B4309560" localFKIndex="635CD431-A71E-F0DB-622B-2694D5694ABF" name="HISTORIAL_CLINICO_PERSONA_FK">
<sourceConnName>PRFINALBD2020</sourceConnName>
<sourceObjSchema>MARIO</sourceObjSchema>
<sourceObjName>HISTORIAL_CLINICO_PERSONA_FK</sourceObjName>
<createdBy>mario</createdBy>
<createdTime>2020-11-05 18:06:14 UTC</createdTime>
<ownerDesignName>Diagrama</ownerDesignName>
<referredTableLongName>MARIO.PERSONA</referredTableLongName>
<deleteRule>NO ACTION</deleteRule>
<referredTableID>DAAE24F0-731D-4C5A-4ED0-CC20657A3FF1</referredTableID>
<keyObject>FD7C1A16-04CE-E643-30F0-0ECDC33BF003</keyObject>
<referredKeyID>FD7C1A16-04CE-E643-30F0-0ECDC33BF003</referredKeyID>
<mandatory>true</mandatory>
<refColNames>ID_PERSONA</refColNames>
<transferable>true</transferable>
<rely>false</rely>
<columnDependencyConstraintGenerateInDDL>true</columnDependencyConstraintGenerateInDDL>
</FKIndexAssociation>