<?xml version = '1.0' encoding = 'UTF-8'?>
<FKIndexAssociation class="oracle.dbtools.crest.model.design.relational.FKIndexAssociation" directorySegmentName="seg_0" id="079FB32E-5776-E1B8-AE90-731E4252E366" containerWithKeyObject="39307C34-8C01-01FB-AA59-D2DABF893BC9" localFKIndex="3D0E57BB-6DEC-7025-216E-4E8EDF15A651" name="PAGO_DETALLE_PAGO_FK">
<sourceConnName>PRFINALBD2020</sourceConnName>
<sourceObjSchema>MARIO</sourceObjSchema>
<sourceObjName>PAGO_DETALLE_PAGO_FK</sourceObjName>
<createdBy>mario</createdBy>
<createdTime>2020-11-05 18:06:14 UTC</createdTime>
<ownerDesignName>Diagrama</ownerDesignName>
<referredTableLongName>MARIO.DETALLE_PAGO</referredTableLongName>
<deleteRule>NO ACTION</deleteRule>
<referredTableID>6CAAAFCC-4081-A1B4-6E7C-6061F10DF940</referredTableID>
<keyObject>4C6C5D6D-1B89-D609-2667-C638156E3582</keyObject>
<referredKeyID>4C6C5D6D-1B89-D609-2667-C638156E3582</referredKeyID>
<mandatory>true</mandatory>
<refColNames>ID_DETALLE_PAGO</refColNames>
<transferable>true</transferable>
<rely>false</rely>
<columnDependencyConstraintGenerateInDDL>true</columnDependencyConstraintGenerateInDDL>
</FKIndexAssociation>