<?xml version = '1.0' encoding = 'UTF-8'?>
<FKIndexAssociation class="oracle.dbtools.crest.model.design.relational.FKIndexAssociation" directorySegmentName="seg_0" id="0EFA9FE0-7E79-1F6E-F076-75F8D49040A3" containerWithKeyObject="C29DBB12-2CE8-F609-D7F8-FAD689097182" localFKIndex="695E5C5D-B8C7-BD81-7B6C-04B2931A06A2" name="DIRECCION_ZONAS_FK">
<sourceConnName>PRFINALBD2020</sourceConnName>
<sourceObjSchema>MARIO</sourceObjSchema>
<sourceObjName>DIRECCION_ZONAS_FK</sourceObjName>
<createdBy>mario</createdBy>
<createdTime>2020-11-05 18:06:14 UTC</createdTime>
<ownerDesignName>Diagrama</ownerDesignName>
<referredTableLongName>MARIO.ZONAS</referredTableLongName>
<deleteRule>NO ACTION</deleteRule>
<referredTableID>0696C456-79E1-BB8C-4400-576A84443414</referredTableID>
<keyObject>84FADD61-5027-DD44-3D90-1E18A53C6403</keyObject>
<referredKeyID>84FADD61-5027-DD44-3D90-1E18A53C6403</referredKeyID>
<mandatory>true</mandatory>
<refColNames>ID_ZONA</refColNames>
<transferable>true</transferable>
<rely>false</rely>
<columnDependencyConstraintGenerateInDDL>true</columnDependencyConstraintGenerateInDDL>
</FKIndexAssociation>