<?xml version = '1.0' encoding = 'UTF-8'?>
<FKIndexAssociation class="oracle.dbtools.crest.model.design.relational.FKIndexAssociation" directorySegmentName="seg_0" id="122BEF18-A2CC-240B-5D52-61C85BDEA631" containerWithKeyObject="39307C34-8C01-01FB-AA59-D2DABF893BC9" localFKIndex="805C1CB4-84E3-81CB-44A5-29DB0D4B99C0" name="PAGO_PROVEEDORES_FK">
<sourceConnName>PRFINALBD2020</sourceConnName>
<sourceObjSchema>MARIO</sourceObjSchema>
<sourceObjName>PAGO_PROVEEDORES_FK</sourceObjName>
<createdBy>mario</createdBy>
<createdTime>2020-11-05 18:06:14 UTC</createdTime>
<ownerDesignName>Diagrama</ownerDesignName>
<referredTableLongName>MARIO.PROVEEDORES</referredTableLongName>
<deleteRule>NO ACTION</deleteRule>
<referredTableID>B314EE70-9C4D-F1C1-A36D-9F1397309936</referredTableID>
<keyObject>F9365682-9BDD-9971-8F89-0FFCEC172055</keyObject>
<referredKeyID>F9365682-9BDD-9971-8F89-0FFCEC172055</referredKeyID>
<mandatory>true</mandatory>
<refColNames>ID_PROVEEDOR</refColNames>
<transferable>true</transferable>
<rely>false</rely>
<columnDependencyConstraintGenerateInDDL>true</columnDependencyConstraintGenerateInDDL>
</FKIndexAssociation>