<?xml version = '1.0' encoding = 'UTF-8'?>
<FKIndexAssociation class="oracle.dbtools.crest.model.design.relational.FKIndexAssociation" directorySegmentName="seg_0" id="1551CFD4-EA6A-22C1-0C62-38ACE0346138" containerWithKeyObject="42691672-7A53-954E-BB18-BE39770CB803" localFKIndex="5258FF0E-A94A-7DC2-2AC8-902183FCDC87" name="LABORATORIO_EXAMEN">
<sourceConnName>PRFINALBD2020</sourceConnName>
<sourceObjSchema>MARIO</sourceObjSchema>
<sourceObjName>LABORATORIO_EXAMEN</sourceObjName>
<createdBy>mario</createdBy>
<createdTime>2020-11-05 18:06:14 UTC</createdTime>
<ownerDesignName>Diagrama</ownerDesignName>
<referredTableLongName>MARIO.EXAMENES</referredTableLongName>
<deleteRule>NO ACTION</deleteRule>
<referredTableID>E68094FE-6FFD-8530-6D6D-53E7B7046037</referredTableID>
<keyObject>2C6B3E3B-7281-415E-887C-56487BE5D7DB</keyObject>
<referredKeyID>2C6B3E3B-7281-415E-887C-56487BE5D7DB</referredKeyID>
<mandatory>true</mandatory>
<refColNames>ID_EXAMEN</refColNames>
<transferable>true</transferable>
<rely>false</rely>
<columnDependencyConstraintGenerateInDDL>true</columnDependencyConstraintGenerateInDDL>
</FKIndexAssociation>