<?xml version = '1.0' encoding = 'UTF-8'?>
<FKIndexAssociation class="oracle.dbtools.crest.model.design.relational.FKIndexAssociation" directorySegmentName="seg_0" id="18A8453F-D8FE-A635-B3A3-57E3C2134F78" containerWithKeyObject="C8D089D9-2517-D749-2592-C7B57FE13656" localFKIndex="D19CEB83-7260-B1BC-515F-3C334B443DE1" name="MOVIMIENTO_EXAMENES">
<sourceConnName>PRFINALBD2020</sourceConnName>
<sourceObjSchema>MARIO</sourceObjSchema>
<sourceObjName>MOVIMIENTO_EXAMENES</sourceObjName>
<createdBy>mario</createdBy>
<createdTime>2020-11-05 18:06:14 UTC</createdTime>
<ownerDesignName>Diagrama</ownerDesignName>
<referredTableLongName>MARIO.EXAMENES</referredTableLongName>
<deleteRule>NO ACTION</deleteRule>
<referredTableID>E68094FE-6FFD-8530-6D6D-53E7B7046037</referredTableID>
<keyObject>2C6B3E3B-7281-415E-887C-56487BE5D7DB</keyObject>
<referredKeyID>2C6B3E3B-7281-415E-887C-56487BE5D7DB</referredKeyID>
<mandatory>true</mandatory>
<refColNames>ID_EXAMEN</refColNames>
<transferable>true</transferable>
<rely>false</rely>
<columnDependencyConstraintGenerateInDDL>true</columnDependencyConstraintGenerateInDDL>
</FKIndexAssociation>