<?xml version = '1.0' encoding = 'UTF-8'?>
<FKIndexAssociation class="oracle.dbtools.crest.model.design.relational.FKIndexAssociation" directorySegmentName="seg_0" id="1D5AAAF7-7111-1D6E-B16C-B988BDEF9BEA" containerWithKeyObject="25B56DB1-9365-9711-8F04-ED7ED5114F94" localFKIndex="B42143D4-015F-3C40-62B7-61343EA906E4" name="DIAGNOSTICO_FK">
<sourceConnName>PRFINALBD2020</sourceConnName>
<sourceObjSchema>MARIO</sourceObjSchema>
<sourceObjName>DIAGNOSTICO_FK</sourceObjName>
<createdBy>mario</createdBy>
<createdTime>2020-11-05 18:06:14 UTC</createdTime>
<ownerDesignName>Diagrama</ownerDesignName>
<referredTableLongName>MARIO.DIAGNOSTICO</referredTableLongName>
<deleteRule>NO ACTION</deleteRule>
<referredTableID>BD413888-08C2-3A4C-6CC4-92B8033C1DC6</referredTableID>
<keyObject>AD8119E7-5CF6-185F-A983-325579907C25</keyObject>
<referredKeyID>AD8119E7-5CF6-185F-A983-325579907C25</referredKeyID>
<mandatory>true</mandatory>
<refColNames>ID_DIAGNOSTICO</refColNames>
<transferable>true</transferable>
<rely>false</rely>
<columnDependencyConstraintGenerateInDDL>true</columnDependencyConstraintGenerateInDDL>
</FKIndexAssociation>