<?xml version = '1.0' encoding = 'UTF-8'?>
<FKIndexAssociation class="oracle.dbtools.crest.model.design.relational.FKIndexAssociation" directorySegmentName="seg_0" id="1E1487C6-0BA0-6E8C-77B9-4C8D6C248544" containerWithKeyObject="D86C05D2-7DB9-0584-7C53-7BCC0D961BCE" localFKIndex="476B6F7C-46D3-6CB7-E38B-A314206B795D" name="ENCARGADO_SEDE_SEDE_FK">
<sourceConnName>PRFINALBD2020</sourceConnName>
<sourceObjSchema>MARIO</sourceObjSchema>
<sourceObjName>ENCARGADO_SEDE_SEDE_FK</sourceObjName>
<createdBy>mario</createdBy>
<createdTime>2020-11-05 18:06:14 UTC</createdTime>
<ownerDesignName>Diagrama</ownerDesignName>
<referredTableLongName>MARIO.SEDE</referredTableLongName>
<deleteRule>NO ACTION</deleteRule>
<referredTableID>7D7F1CE5-6B2F-B70E-8B3B-F9D773F3FCA9</referredTableID>
<keyObject>DE350045-A146-96A7-56CC-15A66ED7F61F</keyObject>
<referredKeyID>DE350045-A146-96A7-56CC-15A66ED7F61F</referredKeyID>
<mandatory>true</mandatory>
<refColNames>ID_SEDE</refColNames>
<transferable>true</transferable>
<rely>false</rely>
<columnDependencyConstraintGenerateInDDL>true</columnDependencyConstraintGenerateInDDL>
</FKIndexAssociation>