<?xml version = '1.0' encoding = 'UTF-8'?>
<FKIndexAssociation class="oracle.dbtools.crest.model.design.relational.FKIndexAssociation" directorySegmentName="seg_0" id="26CC6ADB-35E9-A0C2-77D1-E92A4FE2516E" containerWithKeyObject="492F5DAF-5D4A-1BFC-176F-3D53784447D4" localFKIndex="3859D5AD-738D-BF22-979B-30EFCC315141" name="COLONIA_MUNICIPIOS_FK">
<sourceConnName>PRFINALBD2020</sourceConnName>
<sourceObjSchema>MARIO</sourceObjSchema>
<sourceObjName>COLONIA_MUNICIPIOS_FK</sourceObjName>
<createdBy>mario</createdBy>
<createdTime>2020-11-05 18:06:14 UTC</createdTime>
<ownerDesignName>Diagrama</ownerDesignName>
<referredTableLongName>MARIO.MUNICIPIOS</referredTableLongName>
<deleteRule>NO ACTION</deleteRule>
<referredTableID>63BF8F4D-ECDC-8351-A62A-C4496BD60D1C</referredTableID>
<keyObject>995D1A51-AE4E-C030-039C-21FEB6984049</keyObject>
<referredKeyID>995D1A51-AE4E-C030-039C-21FEB6984049</referredKeyID>
<mandatory>true</mandatory>
<refColNames>ID_MUNICIPIO</refColNames>
<transferable>true</transferable>
<rely>false</rely>
<columnDependencyConstraintGenerateInDDL>true</columnDependencyConstraintGenerateInDDL>
</FKIndexAssociation>