<?xml version = '1.0' encoding = 'UTF-8'?>
<FKIndexAssociation class="oracle.dbtools.crest.model.design.relational.FKIndexAssociation" directorySegmentName="seg_0" id="270061F1-8F46-2A4D-E66A-16033350ED7C" containerWithKeyObject="59D6E1BD-C989-0E4D-8C58-93777F59198D" localFKIndex="47E8A788-C707-C3DD-D860-0DB77FC0938D" name="EXAMEN_PERSONA_EXAMENES_FK">
<sourceConnName>PRFINALBD2020</sourceConnName>
<sourceObjSchema>MARIO</sourceObjSchema>
<sourceObjName>EXAMEN_PERSONA_EXAMENES_FK</sourceObjName>
<createdBy>mario</createdBy>
<createdTime>2020-11-05 18:06:14 UTC</createdTime>
<ownerDesignName>Diagrama</ownerDesignName>
<referredTableLongName>MARIO.EXAMENES</referredTableLongName>
<deleteRule>NO ACTION</deleteRule>
<referredTableID>E68094FE-6FFD-8530-6D6D-53E7B7046037</referredTableID>
<keyObject>2C6B3E3B-7281-415E-887C-56487BE5D7DB</keyObject>
<referredKeyID>2C6B3E3B-7281-415E-887C-56487BE5D7DB</referredKeyID>
<mandatory>true</mandatory>
<refColNames>ID_EXAMEN</refColNames>
<transferable>true</transferable>
<rely>false</rely>
<columnDependencyConstraintGenerateInDDL>true</columnDependencyConstraintGenerateInDDL>
</FKIndexAssociation>