<?xml version = '1.0' encoding = 'UTF-8'?>
<FKIndexAssociation class="oracle.dbtools.crest.model.design.relational.FKIndexAssociation" directorySegmentName="seg_0" id="286C6423-C559-6F9C-A631-CD9865980582" containerWithKeyObject="F688188E-527D-18EE-455B-7BC2F47CF7C7" localFKIndex="85EC0266-7055-E547-DFDC-CB92BAB77EB6" name="ID_RAZONSOCIAL">
<sourceConnName>PRFINALBD2020</sourceConnName>
<sourceObjSchema>MARIO</sourceObjSchema>
<sourceObjName>ID_RAZONSOCIAL</sourceObjName>
<createdBy>mario</createdBy>
<createdTime>2020-11-05 18:06:14 UTC</createdTime>
<ownerDesignName>Diagrama</ownerDesignName>
<referredTableLongName>MARIO.RAZON_SOCIAL_PERSONA</referredTableLongName>
<deleteRule>NO ACTION</deleteRule>
<referredTableID>FADA4BE7-D438-FCA2-729A-9410CF69C598</referredTableID>
<keyObject>E445248A-70D6-95B0-F9A2-5C9CF588CEB7</keyObject>
<referredKeyID>E445248A-70D6-95B0-F9A2-5C9CF588CEB7</referredKeyID>
<mandatory>true</mandatory>
<refColNames>ID_RAZON_SOCIAL</refColNames>
<transferable>true</transferable>
<rely>false</rely>
<columnDependencyConstraintGenerateInDDL>true</columnDependencyConstraintGenerateInDDL>
</FKIndexAssociation>