<?xml version = '1.0' encoding = 'UTF-8'?>
<FKIndexAssociation class="oracle.dbtools.crest.model.design.relational.FKIndexAssociation" directorySegmentName="seg_0" id="33271D3C-9DE7-152B-A31B-C6CA6E89266E" containerWithKeyObject="438FDF3D-496C-F894-AD62-C27191C5D400" localFKIndex="1FABDA7F-C62A-DD2B-1564-48548408CEFB" name="CITA_CLINICAS_FK">
<sourceConnName>PRFINALBD2020</sourceConnName>
<sourceObjSchema>MARIO</sourceObjSchema>
<sourceObjName>CITA_CLINICAS_FK</sourceObjName>
<createdBy>mario</createdBy>
<createdTime>2020-11-05 18:06:14 UTC</createdTime>
<ownerDesignName>Diagrama</ownerDesignName>
<referredTableLongName>MARIO.CLINICAS</referredTableLongName>
<deleteRule>NO ACTION</deleteRule>
<referredTableID>24527552-2730-7B88-65CD-9CA081EA3D1D</referredTableID>
<keyObject>A1217E4B-5103-3928-1F84-81CC25F4E7EE</keyObject>
<referredKeyID>A1217E4B-5103-3928-1F84-81CC25F4E7EE</referredKeyID>
<mandatory>true</mandatory>
<refColNames>ID_CLINICA</refColNames>
<transferable>true</transferable>
<rely>false</rely>
<columnDependencyConstraintGenerateInDDL>true</columnDependencyConstraintGenerateInDDL>
</FKIndexAssociation>