<?xml version = '1.0' encoding = 'UTF-8'?>
<FKIndexAssociation class="oracle.dbtools.crest.model.design.relational.FKIndexAssociation" directorySegmentName="seg_0" id="344F6CA2-EC1B-B3CA-091E-A4E66EB229EA" containerWithKeyObject="41192E90-E5C5-82E5-D1E9-1233BBDB6031" localFKIndex="FE989B2C-4D7D-2A16-1702-D67DBB6A31C3" name="COMPANIA_TELEFONO_TELEFONO_FK">
<sourceConnName>PRFINALBD2020</sourceConnName>
<sourceObjSchema>MARIO</sourceObjSchema>
<sourceObjName>COMPANIA_TELEFONO_TELEFONO_FK</sourceObjName>
<createdBy>mario</createdBy>
<createdTime>2020-11-05 18:06:14 UTC</createdTime>
<ownerDesignName>Diagrama</ownerDesignName>
<referredTableLongName>MARIO.TELEFONO</referredTableLongName>
<deleteRule>NO ACTION</deleteRule>
<referredTableID>EE672680-2E9E-47F0-6C0C-71DA9604AC68</referredTableID>
<keyObject>1ACACB1D-AF7C-FEB5-4114-DA1A276496A8</keyObject>
<referredKeyID>1ACACB1D-AF7C-FEB5-4114-DA1A276496A8</referredKeyID>
<mandatory>true</mandatory>
<refColNames>ID_TELEFONO</refColNames>
<transferable>true</transferable>
<rely>false</rely>
<columnDependencyConstraintGenerateInDDL>true</columnDependencyConstraintGenerateInDDL>
</FKIndexAssociation>