<?xml version = '1.0' encoding = 'UTF-8'?>
<FKIndexAssociation class="oracle.dbtools.crest.model.design.relational.FKIndexAssociation" directorySegmentName="seg_0" id="3E4C4688-9B0E-EDEA-6851-031947752AEA" containerWithKeyObject="EDF1932D-8DFD-EDD7-BD23-C60EE5E0EB26" localFKIndex="D5D02E57-2DC5-92AA-BADF-4A4F123E9E80" name="LOTES_INSUMO_CLINICAS_FK">
<sourceConnName>PRFINALBD2020</sourceConnName>
<sourceObjSchema>MARIO</sourceObjSchema>
<sourceObjName>LOTES_INSUMO_CLINICAS_FK</sourceObjName>
<createdBy>mario</createdBy>
<createdTime>2020-11-05 18:06:14 UTC</createdTime>
<ownerDesignName>Diagrama</ownerDesignName>
<referredTableLongName>MARIO.INSUMO_CLINICAS</referredTableLongName>
<deleteRule>NO ACTION</deleteRule>
<referredTableID>11EFCB4B-6C18-0FB9-8BD3-62D0F3FD49ED</referredTableID>
<keyObject>AF14E898-4DCD-3517-20BB-86A6D882099E</keyObject>
<referredKeyID>AF14E898-4DCD-3517-20BB-86A6D882099E</referredKeyID>
<mandatory>true</mandatory>
<refColNames>ID_INSUMO,ID_LOTE</refColNames>
<transferable>true</transferable>
<rely>false</rely>
<columnDependencyConstraintGenerateInDDL>true</columnDependencyConstraintGenerateInDDL>
</FKIndexAssociation>