<?xml version = '1.0' encoding = 'UTF-8'?>
<FKIndexAssociation class="oracle.dbtools.crest.model.design.relational.FKIndexAssociation" directorySegmentName="seg_0" id="45863A52-B907-517A-2B84-8A4556BAB41E" containerWithKeyObject="06C9E805-F168-90DA-0DB0-8D84ABC5CADA" localFKIndex="032A4066-2649-CA43-368C-9E71B64F3BE5" name="DETALLE_TIEMPO_FK">
<sourceConnName>PRFINALBD2020</sourceConnName>
<sourceObjSchema>MARIO</sourceObjSchema>
<sourceObjName>DETALLE_TIEMPO_FK</sourceObjName>
<createdBy>mario</createdBy>
<createdTime>2020-11-05 18:06:14 UTC</createdTime>
<ownerDesignName>Diagrama</ownerDesignName>
<referredTableLongName>MARIO.TIEMPO_COMIDA</referredTableLongName>
<deleteRule>NO ACTION</deleteRule>
<referredTableID>E017B928-3D9A-E366-853E-2A91D3477523</referredTableID>
<keyObject>39750EF7-7361-D24F-5DAD-EE791285EF95</keyObject>
<referredKeyID>39750EF7-7361-D24F-5DAD-EE791285EF95</referredKeyID>
<mandatory>true</mandatory>
<refColNames>ID_TIEMPO_COMIDA</refColNames>
<transferable>true</transferable>
<rely>false</rely>
<columnDependencyConstraintGenerateInDDL>true</columnDependencyConstraintGenerateInDDL>
</FKIndexAssociation>