<?xml version = '1.0' encoding = 'UTF-8'?>
<FKIndexAssociation class="oracle.dbtools.crest.model.design.relational.FKIndexAssociation" directorySegmentName="seg_0" id="47B8C104-6535-0DD3-3555-342DF18FFCA9" containerWithKeyObject="9717DA77-AB3D-DC5C-45DB-1A8DA76CD345" localFKIndex="702979F5-EAAF-19CC-7B00-F0151B0C731B" name="CUENTAYPROVEEDORES">
<sourceConnName>PRFINALBD2020</sourceConnName>
<sourceObjSchema>MARIO</sourceObjSchema>
<sourceObjName>CUENTAYPROVEEDORES</sourceObjName>
<createdBy>mario</createdBy>
<createdTime>2020-11-05 18:06:14 UTC</createdTime>
<ownerDesignName>Diagrama</ownerDesignName>
<referredTableLongName>MARIO.PROVEEDORES</referredTableLongName>
<deleteRule>NO ACTION</deleteRule>
<referredTableID>B314EE70-9C4D-F1C1-A36D-9F1397309936</referredTableID>
<keyObject>F9365682-9BDD-9971-8F89-0FFCEC172055</keyObject>
<referredKeyID>F9365682-9BDD-9971-8F89-0FFCEC172055</referredKeyID>
<mandatory>true</mandatory>
<refColNames>ID_PROVEEDOR</refColNames>
<transferable>true</transferable>
<rely>false</rely>
<columnDependencyConstraintGenerateInDDL>true</columnDependencyConstraintGenerateInDDL>
</FKIndexAssociation>