<?xml version = '1.0' encoding = 'UTF-8'?>
<FKIndexAssociation class="oracle.dbtools.crest.model.design.relational.FKIndexAssociation" directorySegmentName="seg_0" id="48631B65-BEC1-625F-D44D-1F3C92CB6134" containerWithKeyObject="753D7137-BEFD-76A0-A0A8-B7E087995A23" localFKIndex="5A070169-93DF-D8F6-A84E-145063C0004D" name="FK_MOVIMIEN_REFERENCE_CREDITO_">
<sourceConnName>PRFINALBD2020</sourceConnName>
<sourceObjSchema>MARIO</sourceObjSchema>
<sourceObjName>FK_MOVIMIEN_REFERENCE_CREDITO_</sourceObjName>
<createdBy>mario</createdBy>
<createdTime>2020-11-05 18:06:14 UTC</createdTime>
<ownerDesignName>Diagrama</ownerDesignName>
<referredTableLongName>MARIO.CREDITO_CILIENTE</referredTableLongName>
<deleteRule>NO ACTION</deleteRule>
<referredTableID>FCCE1C29-37A9-FE27-85F4-F370B2ED9DDD</referredTableID>
<keyObject>07C98A58-7111-55C7-9CA7-B094F320B934</keyObject>
<referredKeyID>07C98A58-7111-55C7-9CA7-B094F320B934</referredKeyID>
<mandatory>false</mandatory>
<refColNames>ID_CREDITO</refColNames>
<transferable>true</transferable>
<rely>false</rely>
<columnDependencyConstraintGenerateInDDL>true</columnDependencyConstraintGenerateInDDL>
</FKIndexAssociation>