<?xml version = '1.0' encoding = 'UTF-8'?>
<FKIndexAssociation class="oracle.dbtools.crest.model.design.relational.FKIndexAssociation" directorySegmentName="seg_0" id="4A9368F0-7857-FEB9-D4A4-BBDA07290C90" containerWithKeyObject="FCCE1C29-37A9-FE27-85F4-F370B2ED9DDD" localFKIndex="4C030BA5-E0D9-124B-703D-13450697530E" name="FK_CREDITO__REFERENCE_CLIENTE">
<sourceConnName>PRFINALBD2020</sourceConnName>
<sourceObjSchema>MARIO</sourceObjSchema>
<sourceObjName>FK_CREDITO__REFERENCE_CLIENTE</sourceObjName>
<createdBy>mario</createdBy>
<createdTime>2020-11-05 18:06:14 UTC</createdTime>
<ownerDesignName>Diagrama</ownerDesignName>
<referredTableLongName>MARIO.CLIENTE</referredTableLongName>
<deleteRule>NO ACTION</deleteRule>
<referredTableID>446E3953-2814-C291-5BDF-FB969AC34A53</referredTableID>
<keyObject>9DCD33F8-83F0-CED8-DB83-C50B2439A9D7</keyObject>
<referredKeyID>9DCD33F8-83F0-CED8-DB83-C50B2439A9D7</referredKeyID>
<mandatory>false</mandatory>
<refColNames>ID_CLIENTE</refColNames>
<transferable>true</transferable>
<rely>false</rely>
<columnDependencyConstraintGenerateInDDL>true</columnDependencyConstraintGenerateInDDL>
</FKIndexAssociation>