<?xml version = '1.0' encoding = 'UTF-8'?>
<FKIndexAssociation class="oracle.dbtools.crest.model.design.relational.FKIndexAssociation" directorySegmentName="seg_0" id="4B413D8F-E993-F1D3-5DCC-F346A4584C44" containerWithKeyObject="88FE782A-28DF-2B18-3115-C6BDE942D845" localFKIndex="6FF392ED-B776-0383-0F94-582B8E084674" name="FK_DETALLE__REFERENCE_PRODUCTO">
<sourceConnName>PRFINALBD2020</sourceConnName>
<sourceObjSchema>MARIO</sourceObjSchema>
<sourceObjName>FK_DETALLE__REFERENCE_PRODUCTO</sourceObjName>
<createdBy>mario</createdBy>
<createdTime>2020-11-05 18:06:14 UTC</createdTime>
<ownerDesignName>Diagrama</ownerDesignName>
<referredTableLongName>MARIO.PRODUCTOS_SERVICIOS</referredTableLongName>
<deleteRule>NO ACTION</deleteRule>
<referredTableID>878D304F-F42C-4A1D-5EA3-F615AF6A7727</referredTableID>
<keyObject>A206F20D-4635-17C4-7745-FCA06C1B842F</keyObject>
<referredKeyID>A206F20D-4635-17C4-7745-FCA06C1B842F</referredKeyID>
<mandatory>true</mandatory>
<refColNames>ID_PRO_SER</refColNames>
<transferable>true</transferable>
<rely>false</rely>
<columnDependencyConstraintGenerateInDDL>true</columnDependencyConstraintGenerateInDDL>
</FKIndexAssociation>