<?xml version = '1.0' encoding = 'UTF-8'?>
<FKIndexAssociation class="oracle.dbtools.crest.model.design.relational.FKIndexAssociation" directorySegmentName="seg_0" id="4F46F375-8D3E-66A7-C0B5-B97792E8FEC7" containerWithKeyObject="49AFD941-8AF5-B3D1-041E-4734B4309560" localFKIndex="F7951DD4-C70A-1F9D-321B-94349B678BDE" name="HISTORIAL_SIGNOS">
<sourceConnName>PRFINALBD2020</sourceConnName>
<sourceObjSchema>MARIO</sourceObjSchema>
<sourceObjName>HISTORIAL_SIGNOS</sourceObjName>
<createdBy>mario</createdBy>
<createdTime>2020-11-05 18:06:14 UTC</createdTime>
<ownerDesignName>Diagrama</ownerDesignName>
<referredTableLongName>MARIO.SIGNOS_VITALES</referredTableLongName>
<deleteRule>NO ACTION</deleteRule>
<referredTableID>0F782B37-565C-D85A-4369-3D05F0319981</referredTableID>
<keyObject>48D6A2CF-CC22-ED85-47FB-BFDCB2B61BA5</keyObject>
<referredKeyID>48D6A2CF-CC22-ED85-47FB-BFDCB2B61BA5</referredKeyID>
<mandatory>true</mandatory>
<refColNames>ID_SIGNOS_VITALES</refColNames>
<transferable>true</transferable>
<rely>false</rely>
<columnDependencyConstraintGenerateInDDL>true</columnDependencyConstraintGenerateInDDL>
</FKIndexAssociation>