<?xml version = '1.0' encoding = 'UTF-8'?>
<FKIndexAssociation class="oracle.dbtools.crest.model.design.relational.FKIndexAssociation" directorySegmentName="seg_0" id="50943A00-16A7-A2C4-7058-363158A5D696" containerWithKeyObject="CB0E63FD-C463-94CC-A7D6-78952ED03273" localFKIndex="64B397A7-A63B-0592-C1CC-020DA798E801" name="FARMACIA_FARMACIAS_FK">
<sourceConnName>PRFINALBD2020</sourceConnName>
<sourceObjSchema>MARIO</sourceObjSchema>
<sourceObjName>FARMACIA_FARMACIAS_FK</sourceObjName>
<createdBy>mario</createdBy>
<createdTime>2020-11-05 18:06:14 UTC</createdTime>
<ownerDesignName>Diagrama</ownerDesignName>
<referredTableLongName>MARIO.FARMACIAS</referredTableLongName>
<deleteRule>NO ACTION</deleteRule>
<referredTableID>9BC11318-BD8A-789E-BE65-67EB38CC3796</referredTableID>
<keyObject>EA31C770-56D8-F164-E9A3-E44038DBB7C4</keyObject>
<referredKeyID>EA31C770-56D8-F164-E9A3-E44038DBB7C4</referredKeyID>
<mandatory>true</mandatory>
<refColNames>ID_FARMACIA</refColNames>
<transferable>true</transferable>
<rely>false</rely>
<columnDependencyConstraintGenerateInDDL>true</columnDependencyConstraintGenerateInDDL>
</FKIndexAssociation>