<?xml version = '1.0' encoding = 'UTF-8'?>
<FKIndexAssociation class="oracle.dbtools.crest.model.design.relational.FKIndexAssociation" directorySegmentName="seg_0" id="51F03523-9560-258D-2A9E-C1A12036FCB8" containerWithKeyObject="87600EF4-E418-F57C-A6A4-3B124C4D5D55" localFKIndex="97A5019F-0749-0324-7600-0A12CB86E84B" name="ENFERMEDAD_TIPO_ENFERMEDAD_FK">
<sourceConnName>PRFINALBD2020</sourceConnName>
<sourceObjSchema>MARIO</sourceObjSchema>
<sourceObjName>ENFERMEDAD_TIPO_ENFERMEDAD_FK</sourceObjName>
<createdBy>mario</createdBy>
<createdTime>2020-11-05 18:06:14 UTC</createdTime>
<ownerDesignName>Diagrama</ownerDesignName>
<referredTableLongName>MARIO.TIPO_ENFERMEDAD</referredTableLongName>
<deleteRule>NO ACTION</deleteRule>
<referredTableID>2E342708-AAF1-A6BE-652B-2454866574E4</referredTableID>
<keyObject>2F92019E-E610-DB74-E2E5-8EA5F0C36E7F</keyObject>
<referredKeyID>2F92019E-E610-DB74-E2E5-8EA5F0C36E7F</referredKeyID>
<mandatory>true</mandatory>
<refColNames>ID_TIPO_ENFERMEDAD</refColNames>
<transferable>true</transferable>
<rely>false</rely>
<columnDependencyConstraintGenerateInDDL>true</columnDependencyConstraintGenerateInDDL>
</FKIndexAssociation>