<?xml version = '1.0' encoding = 'UTF-8'?>
<FKIndexAssociation class="oracle.dbtools.crest.model.design.relational.FKIndexAssociation" directorySegmentName="seg_0" id="5B09CF4E-A1BE-F1CF-E426-B8AFEDFD63B9" containerWithKeyObject="446E3953-2814-C291-5BDF-FB969AC34A53" localFKIndex="761CD09C-0BD3-AA38-BD52-5CF3CBFD6EE1" name="CLIENTE_RSOCIALP">
<sourceConnName>PRFINALBD2020</sourceConnName>
<sourceObjSchema>MARIO</sourceObjSchema>
<sourceObjName>CLIENTE_RSOCIALP</sourceObjName>
<createdBy>mario</createdBy>
<createdTime>2020-11-05 18:06:14 UTC</createdTime>
<ownerDesignName>Diagrama</ownerDesignName>
<referredTableLongName>MARIO.RAZON_SOCIAL_PERSONA</referredTableLongName>
<deleteRule>NO ACTION</deleteRule>
<referredTableID>FADA4BE7-D438-FCA2-729A-9410CF69C598</referredTableID>
<keyObject>E445248A-70D6-95B0-F9A2-5C9CF588CEB7</keyObject>
<referredKeyID>E445248A-70D6-95B0-F9A2-5C9CF588CEB7</referredKeyID>
<mandatory>false</mandatory>
<refColNames>ID_RAZON_SOCIAL</refColNames>
<transferable>true</transferable>
<rely>false</rely>
<columnDependencyConstraintGenerateInDDL>true</columnDependencyConstraintGenerateInDDL>
</FKIndexAssociation>