<?xml version = '1.0' encoding = 'UTF-8'?>
<FKIndexAssociation class="oracle.dbtools.crest.model.design.relational.FKIndexAssociation" directorySegmentName="seg_0" id="638584A1-A8A2-F48B-56D4-E6F76B6AEF57" containerWithKeyObject="EDF1932D-8DFD-EDD7-BD23-C60EE5E0EB26" localFKIndex="0F061387-BB8B-81ED-201F-077FA2424432" name="LOTES_COMPRAS_FK">
<sourceConnName>PRFINALBD2020</sourceConnName>
<sourceObjSchema>MARIO</sourceObjSchema>
<sourceObjName>LOTES_COMPRAS_FK</sourceObjName>
<createdBy>mario</createdBy>
<createdTime>2020-11-05 18:06:14 UTC</createdTime>
<ownerDesignName>Diagrama</ownerDesignName>
<referredTableLongName>MARIO.COMPRAS</referredTableLongName>
<deleteRule>NO ACTION</deleteRule>
<referredTableID>2B1DDCCE-3845-0A08-9CE1-C8A801AE01D0</referredTableID>
<keyObject>B7C146E0-E036-2870-CE0C-C5712F65ABA1</keyObject>
<referredKeyID>B7C146E0-E036-2870-CE0C-C5712F65ABA1</referredKeyID>
<mandatory>true</mandatory>
<refColNames>ID_COMPRA</refColNames>
<transferable>true</transferable>
<rely>false</rely>
<columnDependencyConstraintGenerateInDDL>true</columnDependencyConstraintGenerateInDDL>
</FKIndexAssociation>