<?xml version = '1.0' encoding = 'UTF-8'?>
<FKIndexAssociation class="oracle.dbtools.crest.model.design.relational.FKIndexAssociation" directorySegmentName="seg_0" id="640B90DC-8D7F-B2A2-4169-F2307C386844" containerWithKeyObject="06C9E805-F168-90DA-0DB0-8D84ABC5CADA" localFKIndex="5A09AF3F-DEB4-F616-00B2-AFE4DC285049" name="DETALLE_ALIMENTO_FK">
<sourceConnName>PRFINALBD2020</sourceConnName>
<sourceObjSchema>MARIO</sourceObjSchema>
<sourceObjName>DETALLE_ALIMENTO_FK</sourceObjName>
<createdBy>mario</createdBy>
<createdTime>2020-11-05 18:06:14 UTC</createdTime>
<ownerDesignName>Diagrama</ownerDesignName>
<referredTableLongName>MARIO.ALIMENTO</referredTableLongName>
<deleteRule>NO ACTION</deleteRule>
<referredTableID>889BC87C-B7F3-A0FA-5073-E95314F59DE7</referredTableID>
<keyObject>2C98C486-77A4-F0FC-0407-FA7C138C00FA</keyObject>
<referredKeyID>2C98C486-77A4-F0FC-0407-FA7C138C00FA</referredKeyID>
<mandatory>true</mandatory>
<refColNames>ID_ALIMENTO</refColNames>
<transferable>true</transferable>
<rely>false</rely>
<columnDependencyConstraintGenerateInDDL>true</columnDependencyConstraintGenerateInDDL>
</FKIndexAssociation>