<?xml version = '1.0' encoding = 'UTF-8'?>
<FKIndexAssociation class="oracle.dbtools.crest.model.design.relational.FKIndexAssociation" directorySegmentName="seg_0" id="6E3DA59F-D065-AD06-2D4F-E4F79F93FC7B" containerWithKeyObject="0DB8A580-D81D-CDF5-7373-7F17A5E78CDA" localFKIndex="A77D95C8-4E20-50FB-632C-052E6D736886" name="DETALLE_COMPRA_COMPRAS_FK">
<sourceConnName>PRFINALBD2020</sourceConnName>
<sourceObjSchema>MARIO</sourceObjSchema>
<sourceObjName>DETALLE_COMPRA_COMPRAS_FK</sourceObjName>
<createdBy>mario</createdBy>
<createdTime>2020-11-05 18:06:14 UTC</createdTime>
<ownerDesignName>Diagrama</ownerDesignName>
<referredTableLongName>MARIO.COMPRAS</referredTableLongName>
<deleteRule>NO ACTION</deleteRule>
<referredTableID>2B1DDCCE-3845-0A08-9CE1-C8A801AE01D0</referredTableID>
<keyObject>B7C146E0-E036-2870-CE0C-C5712F65ABA1</keyObject>
<referredKeyID>B7C146E0-E036-2870-CE0C-C5712F65ABA1</referredKeyID>
<mandatory>true</mandatory>
<refColNames>ID_COMPRA</refColNames>
<transferable>true</transferable>
<rely>false</rely>
<columnDependencyConstraintGenerateInDDL>true</columnDependencyConstraintGenerateInDDL>
</FKIndexAssociation>