<?xml version = '1.0' encoding = 'UTF-8'?>
<FKIndexAssociation class="oracle.dbtools.crest.model.design.relational.FKIndexAssociation" directorySegmentName="seg_0" id="7A5E4ECB-FFCE-5609-0FC3-394AF9C3E6E2" containerWithKeyObject="06C9E805-F168-90DA-0DB0-8D84ABC5CADA" localFKIndex="029B58B2-6D5A-46BF-C33A-0B3C495E5EEE" name="DETALLE_DIETA_FK">
<sourceConnName>PRFINALBD2020</sourceConnName>
<sourceObjSchema>MARIO</sourceObjSchema>
<sourceObjName>DETALLE_DIETA_FK</sourceObjName>
<createdBy>mario</createdBy>
<createdTime>2020-11-05 18:06:14 UTC</createdTime>
<ownerDesignName>Diagrama</ownerDesignName>
<referredTableLongName>MARIO.DIETA</referredTableLongName>
<deleteRule>NO ACTION</deleteRule>
<referredTableID>75A72754-57D9-DCC0-69D3-BB05B154BC3C</referredTableID>
<keyObject>97E401EF-8B74-6915-363C-FC84E0D73511</keyObject>
<referredKeyID>97E401EF-8B74-6915-363C-FC84E0D73511</referredKeyID>
<mandatory>true</mandatory>
<refColNames>ID_DIETA</refColNames>
<transferable>true</transferable>
<rely>false</rely>
<columnDependencyConstraintGenerateInDDL>true</columnDependencyConstraintGenerateInDDL>
</FKIndexAssociation>