<?xml version = '1.0' encoding = 'UTF-8'?>
<FKIndexAssociation class="oracle.dbtools.crest.model.design.relational.FKIndexAssociation" directorySegmentName="seg_0" id="7BB01BC5-89E1-7400-B63C-2F8C0A898B46" containerWithKeyObject="BD413888-08C2-3A4C-6CC4-92B8033C1DC6" localFKIndex="1EAC5890-DBD5-4178-66A0-6D27DE1A0741" name="DIAGNOSTICO_ENFERMEDAD_FK">
<sourceConnName>PRFINALBD2020</sourceConnName>
<sourceObjSchema>MARIO</sourceObjSchema>
<sourceObjName>DIAGNOSTICO_ENFERMEDAD_FK</sourceObjName>
<createdBy>mario</createdBy>
<createdTime>2020-11-05 18:06:14 UTC</createdTime>
<ownerDesignName>Diagrama</ownerDesignName>
<referredTableLongName>MARIO.ENFERMEDAD</referredTableLongName>
<deleteRule>NO ACTION</deleteRule>
<referredTableID>87600EF4-E418-F57C-A6A4-3B124C4D5D55</referredTableID>
<keyObject>6D432335-6D27-C9B2-DD1A-18E54A6D8636</keyObject>
<referredKeyID>6D432335-6D27-C9B2-DD1A-18E54A6D8636</referredKeyID>
<mandatory>true</mandatory>
<refColNames>ID_ENFERMEDAD</refColNames>
<transferable>true</transferable>
<rely>false</rely>
<columnDependencyConstraintGenerateInDDL>true</columnDependencyConstraintGenerateInDDL>
</FKIndexAssociation>