<?xml version = '1.0' encoding = 'UTF-8'?>
<FKIndexAssociation class="oracle.dbtools.crest.model.design.relational.FKIndexAssociation" directorySegmentName="seg_0" id="851B4C47-A772-C510-0F07-53B11318BC59" containerWithKeyObject="DF710BCC-4857-0571-AE03-C4D82FA9A13C" localFKIndex="D4EB5C3D-E909-3271-49B2-B53FFB00C81D" name="DIRECC_PROVEE">
<sourceConnName>PRFINALBD2020</sourceConnName>
<sourceObjSchema>MARIO</sourceObjSchema>
<sourceObjName>DIRECC_PROVEE</sourceObjName>
<createdBy>mario</createdBy>
<createdTime>2020-11-05 18:06:14 UTC</createdTime>
<ownerDesignName>Diagrama</ownerDesignName>
<referredTableLongName>MARIO.DIRECCION</referredTableLongName>
<deleteRule>NO ACTION</deleteRule>
<referredTableID>C29DBB12-2CE8-F609-D7F8-FAD689097182</referredTableID>
<keyObject>B0EE7E14-E5C2-B451-19EE-122A12AE84FE</keyObject>
<referredKeyID>B0EE7E14-E5C2-B451-19EE-122A12AE84FE</referredKeyID>
<mandatory>true</mandatory>
<refColNames>ID_DIRECCION</refColNames>
<transferable>true</transferable>
<rely>false</rely>
<columnDependencyConstraintGenerateInDDL>true</columnDependencyConstraintGenerateInDDL>
</FKIndexAssociation>