<?xml version = '1.0' encoding = 'UTF-8'?>
<FKIndexAssociation class="oracle.dbtools.crest.model.design.relational.FKIndexAssociation" directorySegmentName="seg_0" id="8635B61E-A99A-CAA9-5E6A-958571F43074" containerWithKeyObject="BD413888-08C2-3A4C-6CC4-92B8033C1DC6" localFKIndex="1AB6E948-3F58-5DAA-0E50-DA9A239CEC55" name="DIAGNOSTICOEHISTCLINC">
<sourceConnName>PRFINALBD2020</sourceConnName>
<sourceObjSchema>MARIO</sourceObjSchema>
<sourceObjName>DIAGNOSTICOEHISTCLINC</sourceObjName>
<createdBy>mario</createdBy>
<createdTime>2020-11-05 18:06:14 UTC</createdTime>
<ownerDesignName>Diagrama</ownerDesignName>
<referredTableLongName>MARIO.HISTORIAL_CLINICO</referredTableLongName>
<deleteRule>NO ACTION</deleteRule>
<referredTableID>49AFD941-8AF5-B3D1-041E-4734B4309560</referredTableID>
<keyObject>EA8C9DDF-2298-C69F-53BF-828663433FEE</keyObject>
<referredKeyID>EA8C9DDF-2298-C69F-53BF-828663433FEE</referredKeyID>
<mandatory>true</mandatory>
<refColNames>ID_HISTORIAL_CLINICO</refColNames>
<transferable>true</transferable>
<rely>false</rely>
<columnDependencyConstraintGenerateInDDL>true</columnDependencyConstraintGenerateInDDL>
</FKIndexAssociation>