<?xml version = '1.0' encoding = 'UTF-8'?>
<FKIndexAssociation class="oracle.dbtools.crest.model.design.relational.FKIndexAssociation" directorySegmentName="seg_0" id="9A440E62-F416-3E10-6C5A-28A714D0AF58" containerWithKeyObject="25B56DB1-9365-9711-8F04-ED7ED5114F94" localFKIndex="1F568E91-05E4-76C4-D2BF-F48C91840BA2" name="PACIENTE_FK">
<sourceConnName>PRFINALBD2020</sourceConnName>
<sourceObjSchema>MARIO</sourceObjSchema>
<sourceObjName>PACIENTE_FK</sourceObjName>
<createdBy>mario</createdBy>
<createdTime>2020-11-05 18:06:14 UTC</createdTime>
<ownerDesignName>Diagrama</ownerDesignName>
<referredTableLongName>MARIO.PACIENTE_ODONTOLOGIA</referredTableLongName>
<deleteRule>NO ACTION</deleteRule>
<referredTableID>93E132CD-85E9-D8BA-10C8-CB3971434C17</referredTableID>
<keyObject>4D3673B1-93C6-FAD6-DF7B-D575D28126F4</keyObject>
<referredKeyID>4D3673B1-93C6-FAD6-DF7B-D575D28126F4</referredKeyID>
<mandatory>true</mandatory>
<refColNames>ID_PERSONA</refColNames>
<transferable>true</transferable>
<rely>false</rely>
<columnDependencyConstraintGenerateInDDL>true</columnDependencyConstraintGenerateInDDL>
</FKIndexAssociation>