<?xml version = '1.0' encoding = 'UTF-8'?>
<FKIndexAssociation class="oracle.dbtools.crest.model.design.relational.FKIndexAssociation" directorySegmentName="seg_0" id="9F9CFA39-5667-73F2-C3C9-304E2C3B22C3" containerWithKeyObject="CB0E63FD-C463-94CC-A7D6-78952ED03273" localFKIndex="175ABE0F-BB30-76AD-3B59-E930A8EC450A" name="FARMACIA_INSUMO_FK">
<sourceConnName>PRFINALBD2020</sourceConnName>
<sourceObjSchema>MARIO</sourceObjSchema>
<sourceObjName>FARMACIA_INSUMO_FK</sourceObjName>
<createdBy>mario</createdBy>
<createdTime>2020-11-05 18:06:14 UTC</createdTime>
<ownerDesignName>Diagrama</ownerDesignName>
<referredTableLongName>MARIO.INSUMO</referredTableLongName>
<deleteRule>NO ACTION</deleteRule>
<referredTableID>E831BB5D-827C-7DD9-3E73-D8E282935E3C</referredTableID>
<keyObject>04E806D0-943E-EE71-86DA-A578764E7FBE</keyObject>
<referredKeyID>04E806D0-943E-EE71-86DA-A578764E7FBE</referredKeyID>
<mandatory>true</mandatory>
<refColNames>ID_INSUMO</refColNames>
<transferable>true</transferable>
<rely>false</rely>
<columnDependencyConstraintGenerateInDDL>true</columnDependencyConstraintGenerateInDDL>
</FKIndexAssociation>