<?xml version = '1.0' encoding = 'UTF-8'?>
<FKIndexAssociation class="oracle.dbtools.crest.model.design.relational.FKIndexAssociation" directorySegmentName="seg_0" id="A5657CF3-C2BF-00A5-4721-5583252717BC" containerWithKeyObject="B1770E0B-6F77-D154-4423-0D98AD402405" localFKIndex="DFE06BB8-A1F2-E310-410C-14C5B2504757" name="DIRECCION_PERSONA_DIRECCION_FK">
<sourceConnName>PRFINALBD2020</sourceConnName>
<sourceObjSchema>MARIO</sourceObjSchema>
<sourceObjName>DIRECCION_PERSONA_DIRECCION_FK</sourceObjName>
<createdBy>mario</createdBy>
<createdTime>2020-11-05 18:06:14 UTC</createdTime>
<ownerDesignName>Diagrama</ownerDesignName>
<referredTableLongName>MARIO.DIRECCION</referredTableLongName>
<deleteRule>NO ACTION</deleteRule>
<referredTableID>C29DBB12-2CE8-F609-D7F8-FAD689097182</referredTableID>
<keyObject>B0EE7E14-E5C2-B451-19EE-122A12AE84FE</keyObject>
<referredKeyID>B0EE7E14-E5C2-B451-19EE-122A12AE84FE</referredKeyID>
<mandatory>true</mandatory>
<refColNames>ID_DIRECCION</refColNames>
<transferable>true</transferable>
<rely>false</rely>
<columnDependencyConstraintGenerateInDDL>true</columnDependencyConstraintGenerateInDDL>
</FKIndexAssociation>