<?xml version = '1.0' encoding = 'UTF-8'?>
<FKIndexAssociation class="oracle.dbtools.crest.model.design.relational.FKIndexAssociation" directorySegmentName="seg_0" id="A9FB7650-4A55-2CFD-ABAE-EBF354D71151" containerWithKeyObject="25085143-ADCB-A1E4-C85C-50A26FFDDD72" localFKIndex="0CFDCFE3-2666-8A83-AB3C-6002FCC33D3B" name="FK_DETALLE__REFERENCE_TIPO_PAG">
<sourceConnName>PRFINALBD2020</sourceConnName>
<sourceObjSchema>MARIO</sourceObjSchema>
<sourceObjName>FK_DETALLE__REFERENCE_TIPO_PAG</sourceObjName>
<createdBy>mario</createdBy>
<createdTime>2020-11-05 18:06:14 UTC</createdTime>
<ownerDesignName>Diagrama</ownerDesignName>
<referredTableLongName>MARIO.TIPO_PAGO</referredTableLongName>
<deleteRule>NO ACTION</deleteRule>
<referredTableID>CF1F9830-F4E6-AB2A-4C74-D34544EE87C5</referredTableID>
<keyObject>C6A64C7B-33DD-9E57-1BF7-F8EAB778EBD2</keyObject>
<referredKeyID>C6A64C7B-33DD-9E57-1BF7-F8EAB778EBD2</referredKeyID>
<mandatory>true</mandatory>
<refColNames>ID_TIPO_PAGO</refColNames>
<transferable>true</transferable>
<rely>false</rely>
<columnDependencyConstraintGenerateInDDL>true</columnDependencyConstraintGenerateInDDL>
</FKIndexAssociation>