<?xml version = '1.0' encoding = 'UTF-8'?>
<FKIndexAssociation class="oracle.dbtools.crest.model.design.relational.FKIndexAssociation" directorySegmentName="seg_0" id="AD5DE0A5-E00F-E91B-558B-59FD8C34D763" containerWithKeyObject="E831BB5D-827C-7DD9-3E73-D8E282935E3C" localFKIndex="77E33214-AF8C-440E-BC8F-3574072ADE85" name="INSUMO_LABORATORIOS_INSUMOS_FK">
<sourceConnName>PRFINALBD2020</sourceConnName>
<sourceObjSchema>MARIO</sourceObjSchema>
<sourceObjName>INSUMO_LABORATORIOS_INSUMOS_FK</sourceObjName>
<createdBy>mario</createdBy>
<createdTime>2020-11-05 18:06:14 UTC</createdTime>
<ownerDesignName>Diagrama</ownerDesignName>
<referredTableLongName>MARIO.LAB_FARMACEUTICOS_INSUMOS</referredTableLongName>
<deleteRule>NO ACTION</deleteRule>
<referredTableID>9E6AF437-8C20-92FC-F15D-BF2CAC23E73F</referredTableID>
<keyObject>5BF8430D-B2C6-0B7E-1F47-995880EB493B</keyObject>
<referredKeyID>5BF8430D-B2C6-0B7E-1F47-995880EB493B</referredKeyID>
<mandatory>true</mandatory>
<refColNames>ID_LABORATORIO</refColNames>
<transferable>true</transferable>
<rely>false</rely>
<columnDependencyConstraintGenerateInDDL>true</columnDependencyConstraintGenerateInDDL>
</FKIndexAssociation>