<?xml version = '1.0' encoding = 'UTF-8'?>
<FKIndexAssociation class="oracle.dbtools.crest.model.design.relational.FKIndexAssociation" directorySegmentName="seg_0" id="B1FF8898-2CD7-379E-EFAC-EA30A6C37FA4" containerWithKeyObject="24527552-2730-7B88-65CD-9CA081EA3D1D" localFKIndex="1D34EE4B-1BEF-821E-E2CC-7B83944FBD13" name="CLINICAS_SEDE_FK">
<sourceConnName>PRFINALBD2020</sourceConnName>
<sourceObjSchema>MARIO</sourceObjSchema>
<sourceObjName>CLINICAS_SEDE_FK</sourceObjName>
<createdBy>mario</createdBy>
<createdTime>2020-11-05 18:06:14 UTC</createdTime>
<ownerDesignName>Diagrama</ownerDesignName>
<referredTableLongName>MARIO.SEDE</referredTableLongName>
<deleteRule>NO ACTION</deleteRule>
<referredTableID>7D7F1CE5-6B2F-B70E-8B3B-F9D773F3FCA9</referredTableID>
<keyObject>DE350045-A146-96A7-56CC-15A66ED7F61F</keyObject>
<referredKeyID>DE350045-A146-96A7-56CC-15A66ED7F61F</referredKeyID>
<mandatory>true</mandatory>
<refColNames>ID_SEDE</refColNames>
<transferable>true</transferable>
<rely>false</rely>
<columnDependencyConstraintGenerateInDDL>true</columnDependencyConstraintGenerateInDDL>
</FKIndexAssociation>