<?xml version = '1.0' encoding = 'UTF-8'?>
<FKIndexAssociation class="oracle.dbtools.crest.model.design.relational.FKIndexAssociation" directorySegmentName="seg_0" id="B21537D9-030D-CF36-688E-55C6745145F1" containerWithKeyObject="FCCE1C29-37A9-FE27-85F4-F370B2ED9DDD" localFKIndex="B33C3737-3D98-0599-F116-32787A426A93" name="FK_CREDITO__REFERENCE_INTERES">
<sourceConnName>PRFINALBD2020</sourceConnName>
<sourceObjSchema>MARIO</sourceObjSchema>
<sourceObjName>FK_CREDITO__REFERENCE_INTERES</sourceObjName>
<createdBy>mario</createdBy>
<createdTime>2020-11-05 18:06:14 UTC</createdTime>
<ownerDesignName>Diagrama</ownerDesignName>
<referredTableLongName>MARIO.INTERES</referredTableLongName>
<deleteRule>NO ACTION</deleteRule>
<referredTableID>13A6D57A-E05C-C2C7-528F-4D5E0413B7FF</referredTableID>
<keyObject>7B95D5FB-D4B6-89E5-E75D-4F6FE4A38E5D</keyObject>
<referredKeyID>7B95D5FB-D4B6-89E5-E75D-4F6FE4A38E5D</referredKeyID>
<mandatory>false</mandatory>
<refColNames>ID_INTERES</refColNames>
<transferable>true</transferable>
<rely>false</rely>
<columnDependencyConstraintGenerateInDDL>true</columnDependencyConstraintGenerateInDDL>
</FKIndexAssociation>