<?xml version = '1.0' encoding = 'UTF-8'?>
<FKIndexAssociation class="oracle.dbtools.crest.model.design.relational.FKIndexAssociation" directorySegmentName="seg_0" id="B3AC9361-325C-A195-AE9C-5DF02F5EBD6C" containerWithKeyObject="C29DBB12-2CE8-F609-D7F8-FAD689097182" localFKIndex="57336F35-4B2F-B0FE-1212-0181B9D0BAF9" name="DIRECCION_COLONIA_FK">
<sourceConnName>PRFINALBD2020</sourceConnName>
<sourceObjSchema>MARIO</sourceObjSchema>
<sourceObjName>DIRECCION_COLONIA_FK</sourceObjName>
<createdBy>mario</createdBy>
<createdTime>2020-11-05 18:06:14 UTC</createdTime>
<ownerDesignName>Diagrama</ownerDesignName>
<referredTableLongName>MARIO.COLONIA</referredTableLongName>
<deleteRule>NO ACTION</deleteRule>
<referredTableID>492F5DAF-5D4A-1BFC-176F-3D53784447D4</referredTableID>
<keyObject>7356E5FD-4B25-01BF-E183-110E0D36C8A3</keyObject>
<referredKeyID>7356E5FD-4B25-01BF-E183-110E0D36C8A3</referredKeyID>
<mandatory>true</mandatory>
<refColNames>ID_COLONIA</refColNames>
<transferable>true</transferable>
<rely>false</rely>
<columnDependencyConstraintGenerateInDDL>true</columnDependencyConstraintGenerateInDDL>
</FKIndexAssociation>