<?xml version = '1.0' encoding = 'UTF-8'?>
<FKIndexAssociation class="oracle.dbtools.crest.model.design.relational.FKIndexAssociation" directorySegmentName="seg_0" id="B657F40B-5BA0-F3D3-E378-17B9B1DAD6E7" containerWithKeyObject="327ACFD9-3316-A177-4432-36053CB7BBE2" localFKIndex="BA5E0895-ACB3-174E-3304-B9FEB62E493E" name="FK_FACTURAC_REFERENCE_ESTADO">
<sourceConnName>PRFINALBD2020</sourceConnName>
<sourceObjSchema>MARIO</sourceObjSchema>
<sourceObjName>FK_FACTURAC_REFERENCE_ESTADO</sourceObjName>
<createdBy>mario</createdBy>
<createdTime>2020-11-05 18:06:14 UTC</createdTime>
<ownerDesignName>Diagrama</ownerDesignName>
<referredTableLongName>MARIO.ESTADO</referredTableLongName>
<deleteRule>NO ACTION</deleteRule>
<referredTableID>39822C4D-2B2F-BD86-83E1-00E5BE102B4D</referredTableID>
<keyObject>E0F9DE8D-E5D2-2203-1251-A6BA860239BE</keyObject>
<referredKeyID>E0F9DE8D-E5D2-2203-1251-A6BA860239BE</referredKeyID>
<mandatory>false</mandatory>
<refColNames>ID_ESTADO</refColNames>
<transferable>true</transferable>
<rely>false</rely>
<columnDependencyConstraintGenerateInDDL>true</columnDependencyConstraintGenerateInDDL>
</FKIndexAssociation>