<?xml version = '1.0' encoding = 'UTF-8'?>
<FKIndexAssociation class="oracle.dbtools.crest.model.design.relational.FKIndexAssociation" directorySegmentName="seg_0" id="B67A6024-B022-2C0F-E2E5-EC4550C5D340" containerWithKeyObject="753D7137-BEFD-76A0-A0A8-B7E087995A23" localFKIndex="88254829-281D-74FD-DE65-1C1453A0FC1A" name="FK_MOVIMIEN_REFERENCE_TIPO_MOV">
<sourceConnName>PRFINALBD2020</sourceConnName>
<sourceObjSchema>MARIO</sourceObjSchema>
<sourceObjName>FK_MOVIMIEN_REFERENCE_TIPO_MOV</sourceObjName>
<createdBy>mario</createdBy>
<createdTime>2020-11-05 18:06:14 UTC</createdTime>
<ownerDesignName>Diagrama</ownerDesignName>
<referredTableLongName>MARIO.TIPO_MOV</referredTableLongName>
<deleteRule>NO ACTION</deleteRule>
<referredTableID>7666657F-00E8-B3A3-16EB-6C5CD2E53A1A</referredTableID>
<keyObject>4D8099BE-861D-9967-E961-999C649BD7F2</keyObject>
<referredKeyID>4D8099BE-861D-9967-E961-999C649BD7F2</referredKeyID>
<mandatory>false</mandatory>
<refColNames>ID_TIPO_MOV</refColNames>
<transferable>true</transferable>
<rely>false</rely>
<columnDependencyConstraintGenerateInDDL>true</columnDependencyConstraintGenerateInDDL>
</FKIndexAssociation>