<?xml version = '1.0' encoding = 'UTF-8'?>
<FKIndexAssociation class="oracle.dbtools.crest.model.design.relational.FKIndexAssociation" directorySegmentName="seg_0" id="B79CBBD4-8051-5BA7-0032-6C9D25A6FF65" containerWithKeyObject="C8D089D9-2517-D749-2592-C7B57FE13656" localFKIndex="DD306006-518A-62DF-0852-D9DF2EA387DE" name="HISTORIAL_ENFER">
<sourceConnName>PRFINALBD2020</sourceConnName>
<sourceObjSchema>MARIO</sourceObjSchema>
<sourceObjName>HISTORIAL_ENFER</sourceObjName>
<createdBy>mario</createdBy>
<createdTime>2020-11-05 18:06:14 UTC</createdTime>
<ownerDesignName>Diagrama</ownerDesignName>
<referredTableLongName>MARIO.ENFERMEDAD</referredTableLongName>
<deleteRule>NO ACTION</deleteRule>
<referredTableID>87600EF4-E418-F57C-A6A4-3B124C4D5D55</referredTableID>
<keyObject>6D432335-6D27-C9B2-DD1A-18E54A6D8636</keyObject>
<referredKeyID>6D432335-6D27-C9B2-DD1A-18E54A6D8636</referredKeyID>
<mandatory>true</mandatory>
<refColNames>ID_ENFERMEDAD</refColNames>
<transferable>true</transferable>
<rely>false</rely>
<columnDependencyConstraintGenerateInDDL>true</columnDependencyConstraintGenerateInDDL>
</FKIndexAssociation>