<?xml version = '1.0' encoding = 'UTF-8'?>
<FKIndexAssociation class="oracle.dbtools.crest.model.design.relational.FKIndexAssociation" directorySegmentName="seg_0" id="B895F128-E32C-DBF5-4750-C3E641120D1A" containerWithKeyObject="E7686EBA-9F37-A557-542A-FE7BD2399840" localFKIndex="FF834312-56A8-014D-863C-DD101CD5DA75" name="CUENTAS_POR_PAGAR_STATUS_FK">
<sourceConnName>PRFINALBD2020</sourceConnName>
<sourceObjSchema>MARIO</sourceObjSchema>
<sourceObjName>CUENTAS_POR_PAGAR_STATUS_FK</sourceObjName>
<createdBy>mario</createdBy>
<createdTime>2020-11-05 18:06:14 UTC</createdTime>
<ownerDesignName>Diagrama</ownerDesignName>
<referredTableLongName>MARIO.STATUS</referredTableLongName>
<deleteRule>NO ACTION</deleteRule>
<referredTableID>6FE0D805-344F-4349-081C-2FF4BE8780C7</referredTableID>
<keyObject>64896331-7D2F-2D8E-A8BD-E6CEAB0EADEF</keyObject>
<referredKeyID>64896331-7D2F-2D8E-A8BD-E6CEAB0EADEF</referredKeyID>
<mandatory>true</mandatory>
<refColNames>ID_STATUS</refColNames>
<transferable>true</transferable>
<rely>false</rely>
<columnDependencyConstraintGenerateInDDL>true</columnDependencyConstraintGenerateInDDL>
</FKIndexAssociation>