<?xml version = '1.0' encoding = 'UTF-8'?>
<FKIndexAssociation class="oracle.dbtools.crest.model.design.relational.FKIndexAssociation" directorySegmentName="seg_0" id="BBC1C073-E8DA-FE35-DD0B-C8564B28E5EE" containerWithKeyObject="878D304F-F42C-4A1D-5EA3-F615AF6A7727" localFKIndex="DF3BA6AB-BFA9-A624-9E86-E5E5BF1B28F0" name="FK_PRODUCTO_REFERENCE_CATEGORI">
<sourceConnName>PRFINALBD2020</sourceConnName>
<sourceObjSchema>MARIO</sourceObjSchema>
<sourceObjName>FK_PRODUCTO_REFERENCE_CATEGORI</sourceObjName>
<createdBy>mario</createdBy>
<createdTime>2020-11-05 18:06:14 UTC</createdTime>
<ownerDesignName>Diagrama</ownerDesignName>
<referredTableLongName>MARIO.CATEGORIA</referredTableLongName>
<deleteRule>NO ACTION</deleteRule>
<referredTableID>A8857704-0E56-EAD3-4DE3-A2B6F0E0199F</referredTableID>
<keyObject>AC7376E1-3EE4-BFAC-C3D2-4AB9891FFB24</keyObject>
<referredKeyID>AC7376E1-3EE4-BFAC-C3D2-4AB9891FFB24</referredKeyID>
<mandatory>false</mandatory>
<refColNames>ID_CATEGORIA</refColNames>
<transferable>true</transferable>
<rely>false</rely>
<columnDependencyConstraintGenerateInDDL>true</columnDependencyConstraintGenerateInDDL>
</FKIndexAssociation>