<?xml version = '1.0' encoding = 'UTF-8'?>
<FKIndexAssociation class="oracle.dbtools.crest.model.design.relational.FKIndexAssociation" directorySegmentName="seg_0" id="BC3ADBA1-8DBE-043F-EA60-A40664D2B5FE" containerWithKeyObject="9BC11318-BD8A-789E-BE65-67EB38CC3796" localFKIndex="FE10BB67-00F6-6214-DE4F-3050DB994D4D" name="FARMACIAS_SEDE_FK">
<sourceConnName>PRFINALBD2020</sourceConnName>
<sourceObjSchema>MARIO</sourceObjSchema>
<sourceObjName>FARMACIAS_SEDE_FK</sourceObjName>
<createdBy>mario</createdBy>
<createdTime>2020-11-05 18:06:14 UTC</createdTime>
<ownerDesignName>Diagrama</ownerDesignName>
<referredTableLongName>MARIO.SEDE</referredTableLongName>
<deleteRule>NO ACTION</deleteRule>
<referredTableID>7D7F1CE5-6B2F-B70E-8B3B-F9D773F3FCA9</referredTableID>
<keyObject>DE350045-A146-96A7-56CC-15A66ED7F61F</keyObject>
<referredKeyID>DE350045-A146-96A7-56CC-15A66ED7F61F</referredKeyID>
<mandatory>true</mandatory>
<refColNames>ID_SEDE</refColNames>
<transferable>true</transferable>
<rely>false</rely>
<columnDependencyConstraintGenerateInDDL>true</columnDependencyConstraintGenerateInDDL>
</FKIndexAssociation>