<?xml version = '1.0' encoding = 'UTF-8'?>
<FKIndexAssociation class="oracle.dbtools.crest.model.design.relational.FKIndexAssociation" directorySegmentName="seg_0" id="C3DD0103-553D-130A-ADBF-767CF11FAAE4" containerWithKeyObject="9717DA77-AB3D-DC5C-45DB-1A8DA76CD345" localFKIndex="D0B3759A-8760-5AAE-FA4F-D8A93443DF9C" name="CUENTA_PROVEEDORES_BANCOS_FK">
<sourceConnName>PRFINALBD2020</sourceConnName>
<sourceObjSchema>MARIO</sourceObjSchema>
<sourceObjName>CUENTA_PROVEEDORES_BANCOS_FK</sourceObjName>
<createdBy>mario</createdBy>
<createdTime>2020-11-05 18:06:14 UTC</createdTime>
<ownerDesignName>Diagrama</ownerDesignName>
<referredTableLongName>MARIO.BANCOS</referredTableLongName>
<deleteRule>NO ACTION</deleteRule>
<referredTableID>E3A8C1B8-CC39-72DD-DCEF-0C4538582CA2</referredTableID>
<keyObject>85AB65A5-14E3-537A-3D74-2D31FA16A0AD</keyObject>
<referredKeyID>85AB65A5-14E3-537A-3D74-2D31FA16A0AD</referredKeyID>
<mandatory>true</mandatory>
<refColNames>ID_BANCO</refColNames>
<transferable>true</transferable>
<rely>false</rely>
<columnDependencyConstraintGenerateInDDL>true</columnDependencyConstraintGenerateInDDL>
</FKIndexAssociation>