<?xml version = '1.0' encoding = 'UTF-8'?>
<FKIndexAssociation class="oracle.dbtools.crest.model.design.relational.FKIndexAssociation" directorySegmentName="seg_0" id="C6AFE88D-0133-B8CE-058B-40E646430120" containerWithKeyObject="F2DF22D7-F77A-F5BE-AA78-8DACDDEDA92E" localFKIndex="F356710F-6B70-C68D-5DF9-89361B480AC3" name="ESPECIAL_MEDICO">
<sourceConnName>PRFINALBD2020</sourceConnName>
<sourceObjSchema>MARIO</sourceObjSchema>
<sourceObjName>ESPECIAL_MEDICO</sourceObjName>
<createdBy>mario</createdBy>
<createdTime>2020-11-05 18:06:14 UTC</createdTime>
<ownerDesignName>Diagrama</ownerDesignName>
<referredTableLongName>MARIO.MEDICO</referredTableLongName>
<deleteRule>NO ACTION</deleteRule>
<referredTableID>363A169E-F217-9A5A-3D66-0FBE66BA9FAD</referredTableID>
<keyObject>A533C5D8-DF0C-CC47-962A-BDB466C59593</keyObject>
<referredKeyID>A533C5D8-DF0C-CC47-962A-BDB466C59593</referredKeyID>
<mandatory>true</mandatory>
<refColNames>ID_PERSONA</refColNames>
<transferable>true</transferable>
<rely>false</rely>
<columnDependencyConstraintGenerateInDDL>true</columnDependencyConstraintGenerateInDDL>
</FKIndexAssociation>