<?xml version = '1.0' encoding = 'UTF-8'?>
<FKIndexAssociation class="oracle.dbtools.crest.model.design.relational.FKIndexAssociation" directorySegmentName="seg_0" id="C9D35BB9-6367-D848-31F2-461E1DB55B48" containerWithKeyObject="438FDF3D-496C-F894-AD62-C27191C5D400" localFKIndex="307DAEF4-0BD4-A3E8-7D78-38C230DEC1E4" name="CITA_SEGURO_FK">
<sourceConnName>PRFINALBD2020</sourceConnName>
<sourceObjSchema>MARIO</sourceObjSchema>
<sourceObjName>CITA_SEGURO_FK</sourceObjName>
<createdBy>mario</createdBy>
<createdTime>2020-11-05 18:06:14 UTC</createdTime>
<ownerDesignName>Diagrama</ownerDesignName>
<referredTableLongName>MARIO.SEGURO</referredTableLongName>
<deleteRule>NO ACTION</deleteRule>
<referredTableID>3635802B-F9A0-554C-2AFC-597F903C8333</referredTableID>
<keyObject>3C8C4680-6B94-B36F-FFC8-67983BFF4511</keyObject>
<referredKeyID>3C8C4680-6B94-B36F-FFC8-67983BFF4511</referredKeyID>
<mandatory>true</mandatory>
<refColNames>ID_SEGURO</refColNames>
<transferable>true</transferable>
<rely>false</rely>
<columnDependencyConstraintGenerateInDDL>true</columnDependencyConstraintGenerateInDDL>
</FKIndexAssociation>