<?xml version = '1.0' encoding = 'UTF-8'?>
<FKIndexAssociation class="oracle.dbtools.crest.model.design.relational.FKIndexAssociation" directorySegmentName="seg_0" id="CB922BCA-EC6F-E744-AF68-790318B166CC" containerWithKeyObject="88FE782A-28DF-2B18-3115-C6BDE942D845" localFKIndex="83B9CBD4-E0FB-43A1-0666-EA1C3C1C200A" name="DETALLE_FACTURA_FACTURACION_FK">
<sourceConnName>PRFINALBD2020</sourceConnName>
<sourceObjSchema>MARIO</sourceObjSchema>
<sourceObjName>DETALLE_FACTURA_FACTURACION_FK</sourceObjName>
<createdBy>mario</createdBy>
<createdTime>2020-11-05 18:06:14 UTC</createdTime>
<ownerDesignName>Diagrama</ownerDesignName>
<referredTableLongName>MARIO.FACTURACION</referredTableLongName>
<deleteRule>NO ACTION</deleteRule>
<referredTableID>327ACFD9-3316-A177-4432-36053CB7BBE2</referredTableID>
<keyObject>EBB4FF88-51F0-1045-7CD8-B74CAE7E8D15</keyObject>
<referredKeyID>EBB4FF88-51F0-1045-7CD8-B74CAE7E8D15</referredKeyID>
<mandatory>true</mandatory>
<refColNames>ID_FACTURA</refColNames>
<transferable>true</transferable>
<rely>false</rely>
<columnDependencyConstraintGenerateInDDL>true</columnDependencyConstraintGenerateInDDL>
</FKIndexAssociation>