<?xml version = '1.0' encoding = 'UTF-8'?>
<FKIndexAssociation class="oracle.dbtools.crest.model.design.relational.FKIndexAssociation" directorySegmentName="seg_0" id="D0C278B8-E132-3B0D-88FE-2459B37DDEAA" containerWithKeyObject="C29DBB12-2CE8-F609-D7F8-FAD689097182" localFKIndex="9FC20A1D-F234-32F1-1E53-742AEC21013E" name="DIRECCION_MUNICIPIOS_FK">
<sourceConnName>PRFINALBD2020</sourceConnName>
<sourceObjSchema>MARIO</sourceObjSchema>
<sourceObjName>DIRECCION_MUNICIPIOS_FK</sourceObjName>
<createdBy>mario</createdBy>
<createdTime>2020-11-05 18:06:14 UTC</createdTime>
<ownerDesignName>Diagrama</ownerDesignName>
<referredTableLongName>MARIO.MUNICIPIOS</referredTableLongName>
<deleteRule>NO ACTION</deleteRule>
<referredTableID>63BF8F4D-ECDC-8351-A62A-C4496BD60D1C</referredTableID>
<keyObject>995D1A51-AE4E-C030-039C-21FEB6984049</keyObject>
<referredKeyID>995D1A51-AE4E-C030-039C-21FEB6984049</referredKeyID>
<mandatory>true</mandatory>
<refColNames>ID_MUNICIPIO</refColNames>
<transferable>true</transferable>
<rely>false</rely>
<columnDependencyConstraintGenerateInDDL>true</columnDependencyConstraintGenerateInDDL>
</FKIndexAssociation>