<?xml version = '1.0' encoding = 'UTF-8'?>
<FKIndexAssociation class="oracle.dbtools.crest.model.design.relational.FKIndexAssociation" directorySegmentName="seg_0" id="D28E9C1C-5131-C23E-C895-6421A72185B1" containerWithKeyObject="11EFCB4B-6C18-0FB9-8BD3-62D0F3FD49ED" localFKIndex="F36673FD-CD87-CCC9-219E-CB6A4E11557C" name="INSUMO_CLINICAS_INSUMO_FK">
<sourceConnName>PRFINALBD2020</sourceConnName>
<sourceObjSchema>MARIO</sourceObjSchema>
<sourceObjName>INSUMO_CLINICAS_INSUMO_FK</sourceObjName>
<createdBy>mario</createdBy>
<createdTime>2020-11-05 18:06:14 UTC</createdTime>
<ownerDesignName>Diagrama</ownerDesignName>
<referredTableLongName>MARIO.INSUMO</referredTableLongName>
<deleteRule>NO ACTION</deleteRule>
<referredTableID>E831BB5D-827C-7DD9-3E73-D8E282935E3C</referredTableID>
<keyObject>04E806D0-943E-EE71-86DA-A578764E7FBE</keyObject>
<referredKeyID>04E806D0-943E-EE71-86DA-A578764E7FBE</referredKeyID>
<mandatory>true</mandatory>
<refColNames>ID_INSUMO</refColNames>
<transferable>true</transferable>
<rely>false</rely>
<columnDependencyConstraintGenerateInDDL>true</columnDependencyConstraintGenerateInDDL>
</FKIndexAssociation>