<?xml version = '1.0' encoding = 'UTF-8'?>
<FKIndexAssociation class="oracle.dbtools.crest.model.design.relational.FKIndexAssociation" directorySegmentName="seg_0" id="D47F4DEB-9793-A87D-A8F5-68A28442D95B" containerWithKeyObject="14138C3E-2D0F-1017-AA0F-B46F2712FB04" localFKIndex="63B9D922-D3AC-4BF5-6A24-5310C4301915" name="ID_ROLAPLICACION_USUARIO">
<sourceConnName>PRFINALBD2020</sourceConnName>
<sourceObjSchema>MARIO</sourceObjSchema>
<sourceObjName>ID_ROLAPLICACION_USUARIO</sourceObjName>
<createdBy>mario</createdBy>
<createdTime>2020-11-05 18:06:14 UTC</createdTime>
<ownerDesignName>Diagrama</ownerDesignName>
<referredTableLongName>MARIO.ROL_APLICACION</referredTableLongName>
<deleteRule>NO ACTION</deleteRule>
<referredTableID>F9FB7931-3D40-E773-FE13-B90969672AC9</referredTableID>
<keyObject>4709609F-9EA6-D684-726C-43AFB2357649</keyObject>
<referredKeyID>4709609F-9EA6-D684-726C-43AFB2357649</referredKeyID>
<mandatory>true</mandatory>
<refColNames>ID_ROL_APLICACION</refColNames>
<transferable>true</transferable>
<rely>false</rely>
<columnDependencyConstraintGenerateInDDL>true</columnDependencyConstraintGenerateInDDL>
</FKIndexAssociation>