<?xml version = '1.0' encoding = 'UTF-8'?>
<FKIndexAssociation class="oracle.dbtools.crest.model.design.relational.FKIndexAssociation" directorySegmentName="seg_0" id="D4EC3A09-2A98-3595-8AD6-26511F0B76AD" containerWithKeyObject="6CAAAFCC-4081-A1B4-6E7C-6061F10DF940" localFKIndex="BAAE5885-ADD5-E29B-2A67-1398E77CF1A6" name="DETALLE_PAGO_COMPRAS_FK">
<sourceConnName>PRFINALBD2020</sourceConnName>
<sourceObjSchema>MARIO</sourceObjSchema>
<sourceObjName>DETALLE_PAGO_COMPRAS_FK</sourceObjName>
<createdBy>mario</createdBy>
<createdTime>2020-11-05 18:06:14 UTC</createdTime>
<ownerDesignName>Diagrama</ownerDesignName>
<referredTableLongName>MARIO.COMPRAS</referredTableLongName>
<deleteRule>NO ACTION</deleteRule>
<referredTableID>2B1DDCCE-3845-0A08-9CE1-C8A801AE01D0</referredTableID>
<keyObject>B7C146E0-E036-2870-CE0C-C5712F65ABA1</keyObject>
<referredKeyID>B7C146E0-E036-2870-CE0C-C5712F65ABA1</referredKeyID>
<mandatory>true</mandatory>
<refColNames>ID_COMPRA</refColNames>
<transferable>true</transferable>
<rely>false</rely>
<columnDependencyConstraintGenerateInDDL>true</columnDependencyConstraintGenerateInDDL>
</FKIndexAssociation>