<?xml version = '1.0' encoding = 'UTF-8'?>
<FKIndexAssociation class="oracle.dbtools.crest.model.design.relational.FKIndexAssociation" directorySegmentName="seg_0" id="D89E0B4B-DB39-E432-820D-AC05B884DE49" containerWithKeyObject="75A72754-57D9-DCC0-69D3-BB05B154BC3C" localFKIndex="A6C3527A-528D-7251-2F56-CB6699FA2712" name="DIETA_CITA_FK">
<sourceConnName>PRFINALBD2020</sourceConnName>
<sourceObjSchema>MARIO</sourceObjSchema>
<sourceObjName>DIETA_CITA_FK</sourceObjName>
<createdBy>mario</createdBy>
<createdTime>2020-11-05 18:06:14 UTC</createdTime>
<ownerDesignName>Diagrama</ownerDesignName>
<referredTableLongName>MARIO.CITA</referredTableLongName>
<deleteRule>NO ACTION</deleteRule>
<referredTableID>438FDF3D-496C-F894-AD62-C27191C5D400</referredTableID>
<keyObject>D30BBC61-3453-EBFC-9C9D-D84A7E3CA435</keyObject>
<referredKeyID>D30BBC61-3453-EBFC-9C9D-D84A7E3CA435</referredKeyID>
<mandatory>true</mandatory>
<refColNames>ID_CITA</refColNames>
<transferable>true</transferable>
<rely>false</rely>
<columnDependencyConstraintGenerateInDDL>true</columnDependencyConstraintGenerateInDDL>
</FKIndexAssociation>