<?xml version = '1.0' encoding = 'UTF-8'?>
<FKIndexAssociation class="oracle.dbtools.crest.model.design.relational.FKIndexAssociation" directorySegmentName="seg_0" id="DB1E367E-1DB9-BB37-BB00-B57FEB2291E6" containerWithKeyObject="F2DF22D7-F77A-F5BE-AA78-8DACDDEDA92E" localFKIndex="548349AD-4428-B871-4087-2B5875E20AC1" name="ESPECIALIDAD_ESPECIAMD">
<sourceConnName>PRFINALBD2020</sourceConnName>
<sourceObjSchema>MARIO</sourceObjSchema>
<sourceObjName>ESPECIALIDAD_ESPECIAMD</sourceObjName>
<createdBy>mario</createdBy>
<createdTime>2020-11-05 18:06:14 UTC</createdTime>
<ownerDesignName>Diagrama</ownerDesignName>
<referredTableLongName>MARIO.ESPECIALIDAD</referredTableLongName>
<deleteRule>NO ACTION</deleteRule>
<referredTableID>93C99702-5C33-78D0-94A0-2812E341D9D8</referredTableID>
<keyObject>EA04FECA-D0BE-9DBD-1DF2-7E118F1C0558</keyObject>
<referredKeyID>EA04FECA-D0BE-9DBD-1DF2-7E118F1C0558</referredKeyID>
<mandatory>true</mandatory>
<refColNames>ID_ESPECIALIDAD</refColNames>
<transferable>true</transferable>
<rely>false</rely>
<columnDependencyConstraintGenerateInDDL>true</columnDependencyConstraintGenerateInDDL>
</FKIndexAssociation>