<?xml version = '1.0' encoding = 'UTF-8'?>
<FKIndexAssociation class="oracle.dbtools.crest.model.design.relational.FKIndexAssociation" directorySegmentName="seg_0" id="DDF4F005-2008-4726-3A37-E4F5549F25A2" containerWithKeyObject="39F654EC-8767-C1D7-2050-B8FE6399C2CA" localFKIndex="C742304D-3B21-B7EB-79B9-0EFE53B4BA15" name="INSUMO_LABORATORIOS_INSUMO_FK">
<sourceConnName>PRFINALBD2020</sourceConnName>
<sourceObjSchema>MARIO</sourceObjSchema>
<sourceObjName>INSUMO_LABORATORIOS_INSUMO_FK</sourceObjName>
<createdBy>mario</createdBy>
<createdTime>2020-11-05 18:06:14 UTC</createdTime>
<ownerDesignName>Diagrama</ownerDesignName>
<referredTableLongName>MARIO.INSUMO</referredTableLongName>
<deleteRule>NO ACTION</deleteRule>
<referredTableID>E831BB5D-827C-7DD9-3E73-D8E282935E3C</referredTableID>
<keyObject>04E806D0-943E-EE71-86DA-A578764E7FBE</keyObject>
<referredKeyID>04E806D0-943E-EE71-86DA-A578764E7FBE</referredKeyID>
<mandatory>true</mandatory>
<refColNames>ID_INSUMO</refColNames>
<transferable>true</transferable>
<rely>false</rely>
<columnDependencyConstraintGenerateInDDL>true</columnDependencyConstraintGenerateInDDL>
</FKIndexAssociation>