<?xml version = '1.0' encoding = 'UTF-8'?>
<FKIndexAssociation class="oracle.dbtools.crest.model.design.relational.FKIndexAssociation" directorySegmentName="seg_0" id="DE9D92DC-280D-6871-1969-4C5D1EE7F437" containerWithKeyObject="93E132CD-85E9-D8BA-10C8-CB3971434C17" localFKIndex="1396E974-6D44-E576-CB83-6F3577F506A2" name="ODONTO_PERSONA">
<sourceConnName>PRFINALBD2020</sourceConnName>
<sourceObjSchema>MARIO</sourceObjSchema>
<sourceObjName>ODONTO_PERSONA</sourceObjName>
<createdBy>mario</createdBy>
<createdTime>2020-11-05 18:06:14 UTC</createdTime>
<ownerDesignName>Diagrama</ownerDesignName>
<referredTableLongName>MARIO.PERSONA</referredTableLongName>
<deleteRule>NO ACTION</deleteRule>
<referredTableID>DAAE24F0-731D-4C5A-4ED0-CC20657A3FF1</referredTableID>
<keyObject>FD7C1A16-04CE-E643-30F0-0ECDC33BF003</keyObject>
<referredKeyID>FD7C1A16-04CE-E643-30F0-0ECDC33BF003</referredKeyID>
<mandatory>true</mandatory>
<refColNames>ID_PERSONA</refColNames>
<transferable>true</transferable>
<rely>false</rely>
<columnDependencyConstraintGenerateInDDL>true</columnDependencyConstraintGenerateInDDL>
</FKIndexAssociation>