<?xml version = '1.0' encoding = 'UTF-8'?>
<FKIndexAssociation class="oracle.dbtools.crest.model.design.relational.FKIndexAssociation" directorySegmentName="seg_0" id="E03EBCAF-F828-ADBD-4E44-A75185BF9AC1" containerWithKeyObject="93E132CD-85E9-D8BA-10C8-CB3971434C17" localFKIndex="93A56B6F-BA6A-3464-89B5-401BC5C550DC" name="ODONTO_CLINICAS">
<sourceConnName>PRFINALBD2020</sourceConnName>
<sourceObjSchema>MARIO</sourceObjSchema>
<sourceObjName>ODONTO_CLINICAS</sourceObjName>
<createdBy>mario</createdBy>
<createdTime>2020-11-05 18:06:14 UTC</createdTime>
<ownerDesignName>Diagrama</ownerDesignName>
<referredTableLongName>MARIO.CLINICAS</referredTableLongName>
<deleteRule>NO ACTION</deleteRule>
<referredTableID>24527552-2730-7B88-65CD-9CA081EA3D1D</referredTableID>
<keyObject>A1217E4B-5103-3928-1F84-81CC25F4E7EE</keyObject>
<referredKeyID>A1217E4B-5103-3928-1F84-81CC25F4E7EE</referredKeyID>
<mandatory>true</mandatory>
<refColNames>ID_CLINICA</refColNames>
<transferable>true</transferable>
<rely>false</rely>
<columnDependencyConstraintGenerateInDDL>true</columnDependencyConstraintGenerateInDDL>
</FKIndexAssociation>