<?xml version = '1.0' encoding = 'UTF-8'?>
<FKIndexAssociation class="oracle.dbtools.crest.model.design.relational.FKIndexAssociation" directorySegmentName="seg_0" id="E4D0FB6B-1AC7-AFCB-E024-186606DBC2CB" containerWithKeyObject="63BF8F4D-ECDC-8351-A62A-C4496BD60D1C" localFKIndex="7F4A90EC-76ED-082C-1425-FE543DA39E7F" name="MUNICIPIO_DEPARTAMENTO_FK">
<sourceConnName>PRFINALBD2020</sourceConnName>
<sourceObjSchema>MARIO</sourceObjSchema>
<sourceObjName>MUNICIPIO_DEPARTAMENTO_FK</sourceObjName>
<createdBy>mario</createdBy>
<createdTime>2020-11-05 18:06:14 UTC</createdTime>
<ownerDesignName>Diagrama</ownerDesignName>
<referredTableLongName>MARIO.DEPARTAMENTO</referredTableLongName>
<deleteRule>NO ACTION</deleteRule>
<referredTableID>CF1F1E31-2D6E-733F-5A5B-529E608D7A8D</referredTableID>
<keyObject>CBFCCE93-CBE0-43EF-462B-AF0E087FA93A</keyObject>
<referredKeyID>CBFCCE93-CBE0-43EF-462B-AF0E087FA93A</referredKeyID>
<mandatory>false</mandatory>
<refColNames>ID_DEPARTAMENTO</refColNames>
<transferable>true</transferable>
<rely>false</rely>
<columnDependencyConstraintGenerateInDDL>true</columnDependencyConstraintGenerateInDDL>
</FKIndexAssociation>