<?xml version = '1.0' encoding = 'UTF-8'?>
<FKIndexAssociation class="oracle.dbtools.crest.model.design.relational.FKIndexAssociation" directorySegmentName="seg_0" id="F6F351C5-ECB2-5314-3CA7-BAAC1FB422C9" containerWithKeyObject="CF1F1E31-2D6E-733F-5A5B-529E608D7A8D" localFKIndex="A886BC4A-9A87-7242-803F-AD99F37D1CFC" name="DEPARTAMENTO_PAIS_FK">
<sourceConnName>PRFINALBD2020</sourceConnName>
<sourceObjSchema>MARIO</sourceObjSchema>
<sourceObjName>DEPARTAMENTO_PAIS_FK</sourceObjName>
<createdBy>mario</createdBy>
<createdTime>2020-11-05 18:06:14 UTC</createdTime>
<ownerDesignName>Diagrama</ownerDesignName>
<referredTableLongName>MARIO.PAIS</referredTableLongName>
<deleteRule>NO ACTION</deleteRule>
<referredTableID>E46D278F-BB47-A307-4534-0D6A661C6156</referredTableID>
<keyObject>235500C8-BECE-1E39-D25B-734068D35469</keyObject>
<referredKeyID>235500C8-BECE-1E39-D25B-734068D35469</referredKeyID>
<mandatory>true</mandatory>
<refColNames>ID_PAIS</refColNames>
<transferable>true</transferable>
<rely>false</rely>
<columnDependencyConstraintGenerateInDDL>true</columnDependencyConstraintGenerateInDDL>
</FKIndexAssociation>