<?xml version = '1.0' encoding = 'UTF-8'?>
<FKIndexAssociation class="oracle.dbtools.crest.model.design.relational.FKIndexAssociation" directorySegmentName="seg_0" id="F923085B-D4FE-B346-0443-59AA7DC28B15" containerWithKeyObject="11EFCB4B-6C18-0FB9-8BD3-62D0F3FD49ED" localFKIndex="D09E56A4-CE2B-668F-F7C4-62FDEB411CFF" name="INSUMO_CLINICAS_CLINICAS_FK">
<sourceConnName>PRFINALBD2020</sourceConnName>
<sourceObjSchema>MARIO</sourceObjSchema>
<sourceObjName>INSUMO_CLINICAS_CLINICAS_FK</sourceObjName>
<createdBy>mario</createdBy>
<createdTime>2020-11-05 18:06:14 UTC</createdTime>
<ownerDesignName>Diagrama</ownerDesignName>
<referredTableLongName>MARIO.CLINICAS</referredTableLongName>
<deleteRule>NO ACTION</deleteRule>
<referredTableID>24527552-2730-7B88-65CD-9CA081EA3D1D</referredTableID>
<keyObject>A1217E4B-5103-3928-1F84-81CC25F4E7EE</keyObject>
<referredKeyID>A1217E4B-5103-3928-1F84-81CC25F4E7EE</referredKeyID>
<mandatory>true</mandatory>
<refColNames>ID_CLINICA</refColNames>
<transferable>true</transferable>
<rely>false</rely>
<columnDependencyConstraintGenerateInDDL>true</columnDependencyConstraintGenerateInDDL>
</FKIndexAssociation>