<?xml version = '1.0' encoding = 'UTF-8'?>
<FKIndexAssociation class="oracle.dbtools.crest.model.design.relational.FKIndexAssociation" directorySegmentName="seg_0" id="FCFBE0CB-1097-9CCA-2AF0-2D45B505FEB9" containerWithKeyObject="75A72754-57D9-DCC0-69D3-BB05B154BC3C" localFKIndex="C170924F-6AF1-6178-58DA-0BD2849C9F09" name="DIETA_MEDICO_FK">
<sourceConnName>PRFINALBD2020</sourceConnName>
<sourceObjSchema>MARIO</sourceObjSchema>
<sourceObjName>DIETA_MEDICO_FK</sourceObjName>
<createdBy>mario</createdBy>
<createdTime>2020-11-05 18:06:14 UTC</createdTime>
<ownerDesignName>Diagrama</ownerDesignName>
<referredTableLongName>MARIO.MEDICO</referredTableLongName>
<deleteRule>NO ACTION</deleteRule>
<referredTableID>363A169E-F217-9A5A-3D66-0FBE66BA9FAD</referredTableID>
<keyObject>A533C5D8-DF0C-CC47-962A-BDB466C59593</keyObject>
<referredKeyID>A533C5D8-DF0C-CC47-962A-BDB466C59593</referredKeyID>
<mandatory>true</mandatory>
<refColNames>ID_PERSONA</refColNames>
<transferable>true</transferable>
<rely>false</rely>
<columnDependencyConstraintGenerateInDDL>true</columnDependencyConstraintGenerateInDDL>
</FKIndexAssociation>