<?xml version = '1.0' encoding = 'UTF-8'?>
<FKIndexAssociation class="oracle.dbtools.crest.model.design.relational.FKIndexAssociation" directorySegmentName="seg_0" id="FD87C901-72C5-C87F-0CBE-6799FE22A8E4" containerWithKeyObject="75A72754-57D9-DCC0-69D3-BB05B154BC3C" localFKIndex="129BD7EC-45C1-429E-DC14-94BED13491A1" name="DIETA_DIAGNOSTICO_FK">
<sourceConnName>PRFINALBD2020</sourceConnName>
<sourceObjSchema>MARIO</sourceObjSchema>
<sourceObjName>DIETA_DIAGNOSTICO_FK</sourceObjName>
<createdBy>mario</createdBy>
<createdTime>2020-11-05 18:06:14 UTC</createdTime>
<ownerDesignName>Diagrama</ownerDesignName>
<referredTableLongName>MARIO.DIAGNOSTICO</referredTableLongName>
<deleteRule>NO ACTION</deleteRule>
<referredTableID>BD413888-08C2-3A4C-6CC4-92B8033C1DC6</referredTableID>
<keyObject>AD8119E7-5CF6-185F-A983-325579907C25</keyObject>
<referredKeyID>AD8119E7-5CF6-185F-A983-325579907C25</referredKeyID>
<mandatory>true</mandatory>
<refColNames>ID_DIAGNOSTICO</refColNames>
<transferable>true</transferable>
<rely>false</rely>
<columnDependencyConstraintGenerateInDDL>true</columnDependencyConstraintGenerateInDDL>
</FKIndexAssociation>