<?xml version = '1.0' encoding = 'UTF-8'?>
<Table class="oracle.dbtools.crest.model.design.relational.Table" directorySegmentName="seg_1" id="182D3B4E-5C9A-57D8-8A38-1AC6B48D059B" schemaObject="F64E1D9B-7E6B-CABF-605F-B7EAC2DFD0C0" name="TIPO_DOCUMENTO">
<sourceConnName>PRFINALBD2020</sourceConnName>
<sourceObjSchema>MARIO</sourceObjSchema>
<sourceObjName>TIPO_DOCUMENTO</sourceObjName>
<createdBy>mario</createdBy>
<createdTime>2020-11-05 18:06:14 UTC</createdTime>
<ownerDesignName>Diagrama</ownerDesignName>
<allowColumnReorder>false</allowColumnReorder>
<existDependencyGenerateInDDl>true</existDependencyGenerateInDDl>
<parsed>true</parsed>
<columns itemClass="oracle.dbtools.crest.model.design.relational.Column">
<Column name="ID_TIPO_DOCUMENTO" id="BA22FEC0-1278-8112-B3BC-A3784FCBD648">
<sourceConnName>PRFINALBD2020</sourceConnName>
<sourceObjSchema>TIPO_DOCUMENTO</sourceObjSchema>
<sourceObjName>ID_TIPO_DOCUMENTO</sourceObjName>
<createdBy>mario</createdBy>
<createdTime>2020-11-05 18:06:14 UTC</createdTime>
<ownerDesignName>Diagrama</ownerDesignName>
<useDomainConstraints>false</useDomainConstraints>
<use>1</use>
<logicalDatatype>LOGDT019</logicalDatatype>
<dataTypePrecision>*</dataTypePrecision>
<dataTypeScale>0</dataTypeScale>
<ownDataTypeParameters>,*,0</ownDataTypeParameters>
<autoIncrementCycle>false</autoIncrementCycle>
<associations>
<colAssociation fkAssociation="4DC7A962-1414-6C02-8045-156315AD49C1" referredColumn="7114AB40-C5D2-8798-E081-A8B5ABEC59D5"/>
</associations>
</Column>
<Column name="TIPO_DOCUMENTO" id="37F980D4-D53B-C30D-ACF2-80A7C1F8F9CF">
<sourceConnName>PRFINALBD2020</sourceConnName>
<sourceObjSchema>TIPO_DOCUMENTO</sourceObjSchema>
<sourceObjName>TIPO_DOCUMENTO</sourceObjName>
<createdBy>mario</createdBy>
<createdTime>2020-11-05 18:06:14 UTC</createdTime>
<ownerDesignName>Diagrama</ownerDesignName>
<nullsAllowed>true</nullsAllowed>
<useDomainConstraints>false</useDomainConstraints>
<use>1</use>
<logicalDatatype>LOGDT024</logicalDatatype>
<dataTypeSize>30 BYTE</dataTypeSize>
<ownDataTypeParameters>30 BYTE,,</ownDataTypeParameters>
<autoIncrementCycle>false</autoIncrementCycle>
</Column>
</columns>
<indexes itemClass="oracle.dbtools.crest.model.design.relational.Index">
<ind_PK_UK id="E3DC05BB-2A98-3C0B-C544-892DD7BD34B9" name="TIPO_DOCUMENTO_PK">
<sourceConnName>PRFINALBD2020</sourceConnName>
<sourceObjSchema>MARIO</sourceObjSchema>
<sourceObjName>TIPO_DOCUMENTO_PK</sourceObjName>
<createdBy>mario</createdBy>
<createdTime>2020-11-05 18:06:14 UTC</createdTime>
<ownerDesignName>Diagrama</ownerDesignName>
<pk>true</pk>
<indexState>Primary Constraint</indexState>
<isSurrogateKey>false</isSurrogateKey>
<indexColumnUsage>
<colUsage columnID="BA22FEC0-1278-8112-B3BC-A3784FCBD648"/>
</indexColumnUsage>
</ind_PK_UK>
<ind_PK_UK id="22A2B0E3-E167-6BEA-CE33-382C5EC51670" schemaObject="F64E1D9B-7E6B-CABF-605F-B7EAC2DFD0C0" name="TIPO_DOCUMENTO_PK">
<sourceConnName>PRFINALBD2020</sourceConnName>
<sourceObjSchema>MARIO</sourceObjSchema>
<sourceObjName>TIPO_DOCUMENTO_PK</sourceObjName>
<createdBy>mario</createdBy>
<createdTime>2020-11-05 18:06:14 UTC</createdTime>
<ownerDesignName>Diagrama</ownerDesignName>
<indexState>Unique Plain Index</indexState>
<isSurrogateKey>false</isSurrogateKey>
<indexColumnUsage>
<colUsage columnID="BA22FEC0-1278-8112-B3BC-A3784FCBD648"/>
</indexColumnUsage>
</ind_PK_UK>
<ind_PK_UK id="30D2D037-B1DD-DAF3-2D1F-412465DDC105" name="TIPODOC_DOCPERSONA">
<createdBy>mario</createdBy>
<createdTime>2020-11-05 18:06:14 UTC</createdTime>
<ownerDesignName>Diagrama</ownerDesignName>
<indexState>Foreign Key</indexState>
<isSurrogateKey>false</isSurrogateKey>
<indexColumnUsage>
<colUsage columnID="BA22FEC0-1278-8112-B3BC-A3784FCBD648"/>
</indexColumnUsage>
</ind_PK_UK>
</indexes>
</Table>