<?xml version = '1.0' encoding = 'UTF-8'?>
<Table class="oracle.dbtools.crest.model.design.relational.Table" directorySegmentName="seg_1" id="1F0FBADD-23D5-AA94-1096-510FFDC6E1DE" schemaObject="F64E1D9B-7E6B-CABF-605F-B7EAC2DFD0C0" name="TIPO_ODONTOLOGIA">
<sourceConnName>PRFINALBD2020</sourceConnName>
<sourceObjSchema>MARIO</sourceObjSchema>
<sourceObjName>TIPO_ODONTOLOGIA</sourceObjName>
<createdBy>mario</createdBy>
<createdTime>2020-11-05 18:06:14 UTC</createdTime>
<ownerDesignName>Diagrama</ownerDesignName>
<allowColumnReorder>false</allowColumnReorder>
<existDependencyGenerateInDDl>true</existDependencyGenerateInDDl>
<parsed>true</parsed>
<columns itemClass="oracle.dbtools.crest.model.design.relational.Column">
<Column name="ID_ODONTOLOGIA" id="0A9B725C-18AE-859B-5765-17F3CEE6DB18">
<sourceConnName>PRFINALBD2020</sourceConnName>
<sourceObjSchema>TIPO_ODONTOLOGIA</sourceObjSchema>
<sourceObjName>ID_ODONTOLOGIA</sourceObjName>
<createdBy>mario</createdBy>
<createdTime>2020-11-05 18:06:14 UTC</createdTime>
<ownerDesignName>Diagrama</ownerDesignName>
<useDomainConstraints>false</useDomainConstraints>
<use>1</use>
<logicalDatatype>LOGDT019</logicalDatatype>
<dataTypePrecision>5</dataTypePrecision>
<dataTypeScale>0</dataTypeScale>
<ownDataTypeParameters>,5,0</ownDataTypeParameters>
<autoIncrementCycle>false</autoIncrementCycle>
</Column>
<Column name="DESCRIPCION" id="5A607350-5EBA-7CE8-F25F-5704A9FB755B">
<sourceConnName>PRFINALBD2020</sourceConnName>
<sourceObjSchema>TIPO_ODONTOLOGIA</sourceObjSchema>
<sourceObjName>DESCRIPCION</sourceObjName>
<createdBy>mario</createdBy>
<createdTime>2020-11-05 18:06:14 UTC</createdTime>
<ownerDesignName>Diagrama</ownerDesignName>
<nullsAllowed>true</nullsAllowed>
<useDomainConstraints>false</useDomainConstraints>
<use>1</use>
<logicalDatatype>LOGDT024</logicalDatatype>
<dataTypeSize>1000 BYTE</dataTypeSize>
<ownDataTypeParameters>1000 BYTE,,</ownDataTypeParameters>
<autoIncrementCycle>false</autoIncrementCycle>
</Column>
</columns>
<indexes itemClass="oracle.dbtools.crest.model.design.relational.Index">
<ind_PK_UK id="B4A8A56F-E5F3-940B-BB37-D123C14A103D" schemaObject="F64E1D9B-7E6B-CABF-605F-B7EAC2DFD0C0" name="TIPO_ODONTOLOGIA_PK">
<sourceConnName>PRFINALBD2020</sourceConnName>
<sourceObjSchema>MARIO</sourceObjSchema>
<sourceObjName>SYS_C007784</sourceObjName>
<createdBy>mario</createdBy>
<createdTime>2020-11-05 18:06:14 UTC</createdTime>
<ownerDesignName>Diagrama</ownerDesignName>
<pk>true</pk>
<indexState>Primary Constraint</indexState>
<isSurrogateKey>false</isSurrogateKey>
<indexColumnUsage>
<colUsage columnID="0A9B725C-18AE-859B-5765-17F3CEE6DB18"/>
</indexColumnUsage>
</ind_PK_UK>
</indexes>
</Table>