<?xml version = '1.0' encoding = 'UTF-8'?>
<Table class="oracle.dbtools.crest.model.design.relational.Table" directorySegmentName="seg_1" id="25B56DB1-9365-9711-8F04-ED7ED5114F94" schemaObject="F64E1D9B-7E6B-CABF-605F-B7EAC2DFD0C0" name="TIPO_PACIENTE_O">
<sourceConnName>PRFINALBD2020</sourceConnName>
<sourceObjSchema>MARIO</sourceObjSchema>
<sourceObjName>TIPO_PACIENTE_O</sourceObjName>
<createdBy>mario</createdBy>
<createdTime>2020-11-05 18:06:14 UTC</createdTime>
<ownerDesignName>Diagrama</ownerDesignName>
<allowColumnReorder>false</allowColumnReorder>
<existDependencyGenerateInDDl>true</existDependencyGenerateInDDl>
<parsed>true</parsed>
<columns itemClass="oracle.dbtools.crest.model.design.relational.Column">
<Column name="IDTIPOPACIENTE" id="5C7BDE37-9A32-2766-1ED5-BAF2FAEB4B49">
<sourceConnName>PRFINALBD2020</sourceConnName>
<sourceObjSchema>TIPO_PACIENTE_O</sourceObjSchema>
<sourceObjName>IDTIPOPACIENTE</sourceObjName>
<createdBy>mario</createdBy>
<createdTime>2020-11-05 18:06:14 UTC</createdTime>
<ownerDesignName>Diagrama</ownerDesignName>
<useDomainConstraints>false</useDomainConstraints>
<use>1</use>
<logicalDatatype>LOGDT019</logicalDatatype>
<dataTypePrecision>5</dataTypePrecision>
<dataTypeScale>0</dataTypeScale>
<ownDataTypeParameters>,5,0</ownDataTypeParameters>
<autoIncrementCycle>false</autoIncrementCycle>
</Column>
<Column name="IDPACIENTE" id="6EE53F87-1447-B5A0-F507-6D15DF3CFA1F">
<sourceConnName>PRFINALBD2020</sourceConnName>
<sourceObjSchema>TIPO_PACIENTE_O</sourceObjSchema>
<sourceObjName>IDPACIENTE</sourceObjName>
<createdBy>mario</createdBy>
<createdTime>2020-11-05 18:06:14 UTC</createdTime>
<ownerDesignName>Diagrama</ownerDesignName>
<useDomainConstraints>false</useDomainConstraints>
<use>1</use>
<logicalDatatype>LOGDT019</logicalDatatype>
<dataTypePrecision>*</dataTypePrecision>
<dataTypeScale>0</dataTypeScale>
<ownDataTypeParameters>,*,0</ownDataTypeParameters>
<autoIncrementCycle>false</autoIncrementCycle>
<associations>
<colAssociation fkAssociation="9A440E62-F416-3E10-6C5A-28A714D0AF58" referredColumn="2DD6D1E5-B265-2F5D-7999-87C6044A321A"/>
</associations>
</Column>
<Column name="IDTIPOODONTOLOGIA" id="7A9FC30E-21B7-E786-7119-09C442D8109B">
<sourceConnName>PRFINALBD2020</sourceConnName>
<sourceObjSchema>TIPO_PACIENTE_O</sourceObjSchema>
<sourceObjName>IDTIPOODONTOLOGIA</sourceObjName>
<createdBy>mario</createdBy>
<createdTime>2020-11-05 18:06:14 UTC</createdTime>
<ownerDesignName>Diagrama</ownerDesignName>
<useDomainConstraints>false</useDomainConstraints>
<use>1</use>
<logicalDatatype>LOGDT019</logicalDatatype>
<dataTypePrecision>5</dataTypePrecision>
<dataTypeScale>0</dataTypeScale>
<ownDataTypeParameters>,5,0</ownDataTypeParameters>
<autoIncrementCycle>false</autoIncrementCycle>
<associations>
<colAssociation fkAssociation="FEE1C7C3-1F20-E6E5-AC96-0CFD6B6078D9" referredColumn="0A9B725C-18AE-859B-5765-17F3CEE6DB18"/>
</associations>
</Column>
<Column name="IDDIAGNOSTICO" id="4A208626-3D4C-6592-8C4A-369083320257">
<sourceConnName>PRFINALBD2020</sourceConnName>
<sourceObjSchema>TIPO_PACIENTE_O</sourceObjSchema>
<sourceObjName>IDDIAGNOSTICO</sourceObjName>
<createdBy>mario</createdBy>
<createdTime>2020-11-05 18:06:14 UTC</createdTime>
<ownerDesignName>Diagrama</ownerDesignName>
<useDomainConstraints>false</useDomainConstraints>
<use>1</use>
<logicalDatatype>LOGDT019</logicalDatatype>
<dataTypePrecision>*</dataTypePrecision>
<dataTypeScale>0</dataTypeScale>
<ownDataTypeParameters>,*,0</ownDataTypeParameters>
<autoIncrementCycle>false</autoIncrementCycle>
<associations>
<colAssociation fkAssociation="1D5AAAF7-7111-1D6E-B16C-B988BDEF9BEA" referredColumn="51558941-43AB-788D-7B97-A82427461824"/>
</associations>
</Column>
<Column name="OBSERVACION" id="182EBADE-EABC-A962-A935-BDDD0D87EAA3">
<sourceConnName>PRFINALBD2020</sourceConnName>
<sourceObjSchema>TIPO_PACIENTE_O</sourceObjSchema>
<sourceObjName>OBSERVACION</sourceObjName>
<createdBy>mario</createdBy>
<createdTime>2020-11-05 18:06:14 UTC</createdTime>
<ownerDesignName>Diagrama</ownerDesignName>
<nullsAllowed>true</nullsAllowed>
<useDomainConstraints>false</useDomainConstraints>
<use>1</use>
<logicalDatatype>LOGDT024</logicalDatatype>
<dataTypeSize>1000 BYTE</dataTypeSize>
<ownDataTypeParameters>1000 BYTE,,</ownDataTypeParameters>
<autoIncrementCycle>false</autoIncrementCycle>
</Column>
<Column name="FECHAREGISTRO" id="1A99CBDC-9E19-6E7A-E0ED-AE5FF02B69E6">
<sourceConnName>PRFINALBD2020</sourceConnName>
<sourceObjSchema>TIPO_PACIENTE_O</sourceObjSchema>
<sourceObjName>FECHAREGISTRO</sourceObjName>
<createdBy>mario</createdBy>
<createdTime>2020-11-05 18:06:14 UTC</createdTime>
<ownerDesignName>Diagrama</ownerDesignName>
<nullsAllowed>true</nullsAllowed>
<useDomainConstraints>false</useDomainConstraints>
<use>1</use>
<logicalDatatype>LOGDT007</logicalDatatype>
<dataTypeSize>7</dataTypeSize>
<ownDataTypeParameters>7,,</ownDataTypeParameters>
<autoIncrementCycle>false</autoIncrementCycle>
</Column>
</columns>
<indexes itemClass="oracle.dbtools.crest.model.design.relational.Index">
<ind_PK_UK id="7F80AADF-A624-38D4-5496-3A3D78BE40FA" schemaObject="F64E1D9B-7E6B-CABF-605F-B7EAC2DFD0C0" name="TIPO_PACIENTE_O_PK">
<sourceConnName>PRFINALBD2020</sourceConnName>
<sourceObjSchema>MARIO</sourceObjSchema>
<sourceObjName>SYS_C007789</sourceObjName>
<createdBy>mario</createdBy>
<createdTime>2020-11-05 18:06:14 UTC</createdTime>
<ownerDesignName>Diagrama</ownerDesignName>
<pk>true</pk>
<indexState>Primary Constraint</indexState>
<isSurrogateKey>false</isSurrogateKey>
<indexColumnUsage>
<colUsage columnID="5C7BDE37-9A32-2766-1ED5-BAF2FAEB4B49"/>
</indexColumnUsage>
</ind_PK_UK>
<ind_PK_UK id="B42143D4-015F-3C40-62B7-61343EA906E4" name="DIAGNOSTICO_FK">
<createdBy>mario</createdBy>
<createdTime>2020-11-05 18:06:14 UTC</createdTime>
<ownerDesignName>Diagrama</ownerDesignName>
<indexState>Foreign Key</indexState>
<isSurrogateKey>false</isSurrogateKey>
<indexColumnUsage>
<colUsage columnID="4A208626-3D4C-6592-8C4A-369083320257"/>
</indexColumnUsage>
</ind_PK_UK>
<ind_PK_UK id="1F568E91-05E4-76C4-D2BF-F48C91840BA2" name="PACIENTE_FK">
<createdBy>mario</createdBy>
<createdTime>2020-11-05 18:06:14 UTC</createdTime>
<ownerDesignName>Diagrama</ownerDesignName>
<indexState>Foreign Key</indexState>
<isSurrogateKey>false</isSurrogateKey>
<indexColumnUsage>
<colUsage columnID="6EE53F87-1447-B5A0-F507-6D15DF3CFA1F"/>
</indexColumnUsage>
</ind_PK_UK>
<ind_PK_UK id="27C4426A-9552-BC8A-2FB4-A1AF74362DF4" name="TIPO_FK">
<createdBy>mario</createdBy>
<createdTime>2020-11-05 18:06:14 UTC</createdTime>
<ownerDesignName>Diagrama</ownerDesignName>
<indexState>Foreign Key</indexState>
<isSurrogateKey>false</isSurrogateKey>
<indexColumnUsage>
<colUsage columnID="7A9FC30E-21B7-E786-7119-09C442D8109B"/>
</indexColumnUsage>
</ind_PK_UK>
</indexes>
</Table>