<?xml version = '1.0' encoding = 'UTF-8'?>
<Table class="oracle.dbtools.crest.model.design.relational.Table" directorySegmentName="seg_1" id="3698D67F-4502-7FED-06F2-F7D2A2B6424A" schemaObject="F64E1D9B-7E6B-CABF-605F-B7EAC2DFD0C0" name="TIPO_SANGRE">
<sourceConnName>PRFINALBD2020</sourceConnName>
<sourceObjSchema>MARIO</sourceObjSchema>
<sourceObjName>TIPO_SANGRE</sourceObjName>
<createdBy>mario</createdBy>
<createdTime>2020-11-05 18:06:14 UTC</createdTime>
<ownerDesignName>Diagrama</ownerDesignName>
<allowColumnReorder>false</allowColumnReorder>
<existDependencyGenerateInDDl>true</existDependencyGenerateInDDl>
<parsed>true</parsed>
<columns itemClass="oracle.dbtools.crest.model.design.relational.Column">
<Column name="ID_TIPO_SANGRE" id="2FBA6244-F5FD-6F9D-17D4-4244A3DBDE30">
<sourceConnName>PRFINALBD2020</sourceConnName>
<sourceObjSchema>TIPO_SANGRE</sourceObjSchema>
<sourceObjName>ID_TIPO_SANGRE</sourceObjName>
<createdBy>mario</createdBy>
<createdTime>2020-11-05 18:06:14 UTC</createdTime>
<ownerDesignName>Diagrama</ownerDesignName>
<useDomainConstraints>false</useDomainConstraints>
<use>1</use>
<logicalDatatype>LOGDT019</logicalDatatype>
<dataTypePrecision>*</dataTypePrecision>
<dataTypeScale>0</dataTypeScale>
<ownDataTypeParameters>,*,0</ownDataTypeParameters>
<autoIncrementCycle>false</autoIncrementCycle>
</Column>
<Column name="TIPO_SANGRE" id="8ECA524A-78E5-CB94-B5F8-CA1DA5CFB917">
<sourceConnName>PRFINALBD2020</sourceConnName>
<sourceObjSchema>TIPO_SANGRE</sourceObjSchema>
<sourceObjName>TIPO_SANGRE</sourceObjName>
<createdBy>mario</createdBy>
<createdTime>2020-11-05 18:06:14 UTC</createdTime>
<ownerDesignName>Diagrama</ownerDesignName>
<nullsAllowed>true</nullsAllowed>
<useDomainConstraints>false</useDomainConstraints>
<use>1</use>
<logicalDatatype>LOGDT024</logicalDatatype>
<dataTypeSize>10 BYTE</dataTypeSize>
<ownDataTypeParameters>10 BYTE,,</ownDataTypeParameters>
<autoIncrementCycle>false</autoIncrementCycle>
</Column>
<Column name="USUARIO_REGISTRO" id="B4717ABA-420A-2AF4-6EF7-F343C1B1D596">
<sourceConnName>PRFINALBD2020</sourceConnName>
<sourceObjSchema>TIPO_SANGRE</sourceObjSchema>
<sourceObjName>USUARIO_REGISTRO</sourceObjName>
<createdBy>mario</createdBy>
<createdTime>2020-11-05 18:06:14 UTC</createdTime>
<ownerDesignName>Diagrama</ownerDesignName>
<nullsAllowed>true</nullsAllowed>
<useDomainConstraints>false</useDomainConstraints>
<use>1</use>
<logicalDatatype>LOGDT024</logicalDatatype>
<dataTypeSize>25 BYTE</dataTypeSize>
<ownDataTypeParameters>25 BYTE,,</ownDataTypeParameters>
<autoIncrementCycle>false</autoIncrementCycle>
</Column>
</columns>
<indexes itemClass="oracle.dbtools.crest.model.design.relational.Index">
<ind_PK_UK id="C90F8C39-23EF-525F-534D-4077AA9D180B" name="TIPO_SANGRE_PK">
<sourceConnName>PRFINALBD2020</sourceConnName>
<sourceObjSchema>MARIO</sourceObjSchema>
<sourceObjName>TIPO_SANGRE_PK</sourceObjName>
<createdBy>mario</createdBy>
<createdTime>2020-11-05 18:06:14 UTC</createdTime>
<ownerDesignName>Diagrama</ownerDesignName>
<pk>true</pk>
<indexState>Primary Constraint</indexState>
<isSurrogateKey>false</isSurrogateKey>
<indexColumnUsage>
<colUsage columnID="2FBA6244-F5FD-6F9D-17D4-4244A3DBDE30"/>
</indexColumnUsage>
</ind_PK_UK>
<ind_PK_UK id="12ECFBB6-EF4A-157E-B8F5-6DAD89E04312" schemaObject="F64E1D9B-7E6B-CABF-605F-B7EAC2DFD0C0" name="TIPO_SANGRE_PK">
<sourceConnName>PRFINALBD2020</sourceConnName>
<sourceObjSchema>MARIO</sourceObjSchema>
<sourceObjName>TIPO_SANGRE_PK</sourceObjName>
<createdBy>mario</createdBy>
<createdTime>2020-11-05 18:06:14 UTC</createdTime>
<ownerDesignName>Diagrama</ownerDesignName>
<indexState>Unique Plain Index</indexState>
<isSurrogateKey>false</isSurrogateKey>
<indexColumnUsage>
<colUsage columnID="2FBA6244-F5FD-6F9D-17D4-4244A3DBDE30"/>
</indexColumnUsage>
</ind_PK_UK>
</indexes>
</Table>