<?xml version = '1.0' encoding = 'UTF-8'?>
<Table class="oracle.dbtools.crest.model.design.relational.Table" directorySegmentName="seg_1" id="7666657F-00E8-B3A3-16EB-6C5CD2E53A1A" schemaObject="F64E1D9B-7E6B-CABF-605F-B7EAC2DFD0C0" name="TIPO_MOV">
<sourceConnName>PRFINALBD2020</sourceConnName>
<sourceObjSchema>MARIO</sourceObjSchema>
<sourceObjName>TIPO_MOV</sourceObjName>
<createdBy>mario</createdBy>
<createdTime>2020-11-05 18:06:14 UTC</createdTime>
<ownerDesignName>Diagrama</ownerDesignName>
<allowColumnReorder>false</allowColumnReorder>
<existDependencyGenerateInDDl>true</existDependencyGenerateInDDl>
<parsed>true</parsed>
<columns itemClass="oracle.dbtools.crest.model.design.relational.Column">
<Column name="ID_TIPO_MOV" id="69333F97-F03B-2CC1-98F5-75109CF37D50">
<sourceConnName>PRFINALBD2020</sourceConnName>
<sourceObjSchema>TIPO_MOV</sourceObjSchema>
<sourceObjName>ID_TIPO_MOV</sourceObjName>
<createdBy>mario</createdBy>
<createdTime>2020-11-05 18:06:14 UTC</createdTime>
<ownerDesignName>Diagrama</ownerDesignName>
<useDomainConstraints>false</useDomainConstraints>
<use>1</use>
<logicalDatatype>LOGDT019</logicalDatatype>
<dataTypePrecision>*</dataTypePrecision>
<dataTypeScale>0</dataTypeScale>
<ownDataTypeParameters>,*,0</ownDataTypeParameters>
<autoIncrementCycle>false</autoIncrementCycle>
</Column>
<Column name="TIPO_MOV" id="FA4BF406-445D-9062-9996-15347C026847">
<sourceConnName>PRFINALBD2020</sourceConnName>
<sourceObjSchema>TIPO_MOV</sourceObjSchema>
<sourceObjName>TIPO_MOV</sourceObjName>
<createdBy>mario</createdBy>
<createdTime>2020-11-05 18:06:14 UTC</createdTime>
<ownerDesignName>Diagrama</ownerDesignName>
<nullsAllowed>true</nullsAllowed>
<useDomainConstraints>false</useDomainConstraints>
<use>1</use>
<logicalDatatype>LOGDT024</logicalDatatype>
<dataTypeSize>50 BYTE</dataTypeSize>
<ownDataTypeParameters>50 BYTE,,</ownDataTypeParameters>
<autoIncrementCycle>false</autoIncrementCycle>
</Column>
<Column name="DESCRIPCION" id="BD51F5B1-0772-56DD-ADD9-A677C98A47A1">
<sourceConnName>PRFINALBD2020</sourceConnName>
<sourceObjSchema>TIPO_MOV</sourceObjSchema>
<sourceObjName>DESCRIPCION</sourceObjName>
<createdBy>mario</createdBy>
<createdTime>2020-11-05 18:06:14 UTC</createdTime>
<ownerDesignName>Diagrama</ownerDesignName>
<nullsAllowed>true</nullsAllowed>
<useDomainConstraints>false</useDomainConstraints>
<use>1</use>
<logicalDatatype>LOGDT024</logicalDatatype>
<dataTypeSize>15 BYTE</dataTypeSize>
<ownDataTypeParameters>15 BYTE,,</ownDataTypeParameters>
<autoIncrementCycle>false</autoIncrementCycle>
</Column>
</columns>
<indexes itemClass="oracle.dbtools.crest.model.design.relational.Index">
<ind_PK_UK id="4D8099BE-861D-9967-E961-999C649BD7F2" name="PK_TIPO_MOV">
<sourceConnName>PRFINALBD2020</sourceConnName>
<sourceObjSchema>MARIO</sourceObjSchema>
<sourceObjName>PK_TIPO_MOV</sourceObjName>
<createdBy>mario</createdBy>
<createdTime>2020-11-05 18:06:14 UTC</createdTime>
<ownerDesignName>Diagrama</ownerDesignName>
<pk>true</pk>
<indexState>Primary Constraint</indexState>
<isSurrogateKey>false</isSurrogateKey>
<indexColumnUsage>
<colUsage columnID="69333F97-F03B-2CC1-98F5-75109CF37D50"/>
</indexColumnUsage>
</ind_PK_UK>
<ind_PK_UK id="328C25D9-5898-98BD-8140-8BA7670075DC" schemaObject="F64E1D9B-7E6B-CABF-605F-B7EAC2DFD0C0" name="PK_TIPO_MOV">
<sourceConnName>PRFINALBD2020</sourceConnName>
<sourceObjSchema>MARIO</sourceObjSchema>
<sourceObjName>PK_TIPO_MOV</sourceObjName>
<createdBy>mario</createdBy>
<createdTime>2020-11-05 18:06:14 UTC</createdTime>
<ownerDesignName>Diagrama</ownerDesignName>
<indexState>Unique Plain Index</indexState>
<isSurrogateKey>false</isSurrogateKey>
<indexColumnUsage>
<colUsage columnID="69333F97-F03B-2CC1-98F5-75109CF37D50"/>
</indexColumnUsage>
</ind_PK_UK>
</indexes>
</Table>