<?xml version = '1.0' encoding = 'UTF-8'?>
<Table class="oracle.dbtools.crest.model.design.relational.Table" directorySegmentName="seg_1" id="99CC0ED5-675C-9A7E-CB63-6AFCBAD89EE4" schemaObject="F64E1D9B-7E6B-CABF-605F-B7EAC2DFD0C0" name="TIPO_DOCUMENTOS_PAGO">
<sourceConnName>PRFINALBD2020</sourceConnName>
<sourceObjSchema>MARIO</sourceObjSchema>
<sourceObjName>TIPO_DOCUMENTOS_PAGO</sourceObjName>
<createdBy>mario</createdBy>
<createdTime>2020-11-05 18:06:14 UTC</createdTime>
<ownerDesignName>Diagrama</ownerDesignName>
<allowColumnReorder>false</allowColumnReorder>
<existDependencyGenerateInDDl>true</existDependencyGenerateInDDl>
<parsed>true</parsed>
<columns itemClass="oracle.dbtools.crest.model.design.relational.Column">
<Column name="ID_TIPO_DOCUMENTO" id="2CF9B171-504C-2FEE-2BB7-1A5E3507BB17">
<sourceConnName>PRFINALBD2020</sourceConnName>
<sourceObjSchema>TIPO_DOCUMENTOS_PAGO</sourceObjSchema>
<sourceObjName>ID_TIPO_DOCUMENTO</sourceObjName>
<createdBy>mario</createdBy>
<createdTime>2020-11-05 18:06:14 UTC</createdTime>
<ownerDesignName>Diagrama</ownerDesignName>
<useDomainConstraints>false</useDomainConstraints>
<use>1</use>
<logicalDatatype>LOGDT019</logicalDatatype>
<dataTypePrecision>*</dataTypePrecision>
<dataTypeScale>0</dataTypeScale>
<ownDataTypeParameters>,*,0</ownDataTypeParameters>
<autoIncrementCycle>false</autoIncrementCycle>
<associations>
<colAssociation fkAssociation="7B176BF0-3FD8-83E0-2D8D-EDA01213F9A2" referredColumn="DC0B1A0F-AC8D-4825-B897-EE5ACD670779"/>
</associations>
</Column>
<Column name="DOCUMENTO" id="3FFFDD99-9367-501E-786A-B27D84210EC2">
<sourceConnName>PRFINALBD2020</sourceConnName>
<sourceObjSchema>TIPO_DOCUMENTOS_PAGO</sourceObjSchema>
<sourceObjName>DOCUMENTO</sourceObjName>
<createdBy>mario</createdBy>
<createdTime>2020-11-05 18:06:14 UTC</createdTime>
<ownerDesignName>Diagrama</ownerDesignName>
<nullsAllowed>true</nullsAllowed>
<useDomainConstraints>false</useDomainConstraints>
<use>1</use>
<logicalDatatype>LOGDT024</logicalDatatype>
<dataTypeSize>50 BYTE</dataTypeSize>
<ownDataTypeParameters>50 BYTE,,</ownDataTypeParameters>
<autoIncrementCycle>false</autoIncrementCycle>
</Column>
</columns>
<indexes itemClass="oracle.dbtools.crest.model.design.relational.Index">
<ind_PK_UK id="71BD77D7-7F44-42B3-3672-64840F05C7AA" name="TIPO_DOCUMENTOS_PK">
<sourceConnName>PRFINALBD2020</sourceConnName>
<sourceObjSchema>MARIO</sourceObjSchema>
<sourceObjName>TIPO_DOCUMENTOS_PK</sourceObjName>
<createdBy>mario</createdBy>
<createdTime>2020-11-05 18:06:14 UTC</createdTime>
<ownerDesignName>Diagrama</ownerDesignName>
<pk>true</pk>
<indexState>Primary Constraint</indexState>
<isSurrogateKey>false</isSurrogateKey>
<indexColumnUsage>
<colUsage columnID="2CF9B171-504C-2FEE-2BB7-1A5E3507BB17"/>
</indexColumnUsage>
</ind_PK_UK>
<ind_PK_UK id="21B09727-E8D9-3116-528D-111F7A24C6F4" schemaObject="F64E1D9B-7E6B-CABF-605F-B7EAC2DFD0C0" name="TIPO_DOCUMENTOS_PK">
<sourceConnName>PRFINALBD2020</sourceConnName>
<sourceObjSchema>MARIO</sourceObjSchema>
<sourceObjName>TIPO_DOCUMENTOS_PK</sourceObjName>
<createdBy>mario</createdBy>
<createdTime>2020-11-05 18:06:14 UTC</createdTime>
<ownerDesignName>Diagrama</ownerDesignName>
<indexState>Unique Plain Index</indexState>
<isSurrogateKey>false</isSurrogateKey>
<indexColumnUsage>
<colUsage columnID="2CF9B171-504C-2FEE-2BB7-1A5E3507BB17"/>
</indexColumnUsage>
</ind_PK_UK>
<ind_PK_UK id="B59D577C-16B9-B440-4C0D-D1745426D829" name="TIPODOCPAG_DETPAGO">
<createdBy>mario</createdBy>
<createdTime>2020-11-05 18:06:14 UTC</createdTime>
<ownerDesignName>Diagrama</ownerDesignName>
<indexState>Foreign Key</indexState>
<isSurrogateKey>false</isSurrogateKey>
<indexColumnUsage>
<colUsage columnID="2CF9B171-504C-2FEE-2BB7-1A5E3507BB17"/>
</indexColumnUsage>
</ind_PK_UK>
</indexes>
</Table>