<?xml version = '1.0' encoding = 'UTF-8'?>
<Table class="oracle.dbtools.crest.model.design.relational.Table" directorySegmentName="seg_1" id="E017B928-3D9A-E366-853E-2A91D3477523" schemaObject="F64E1D9B-7E6B-CABF-605F-B7EAC2DFD0C0" name="TIEMPO_COMIDA">
<sourceConnName>PRFINALBD2020</sourceConnName>
<sourceObjSchema>MARIO</sourceObjSchema>
<sourceObjName>TIEMPO_COMIDA</sourceObjName>
<createdBy>mario</createdBy>
<createdTime>2020-11-05 18:06:14 UTC</createdTime>
<ownerDesignName>Diagrama</ownerDesignName>
<allowColumnReorder>false</allowColumnReorder>
<existDependencyGenerateInDDl>true</existDependencyGenerateInDDl>
<parsed>true</parsed>
<columns itemClass="oracle.dbtools.crest.model.design.relational.Column">
<Column name="ID_TIEMPO_COMIDA" id="C2E28D11-CE1B-F203-7E2D-7127968F95C0">
<sourceConnName>PRFINALBD2020</sourceConnName>
<sourceObjSchema>TIEMPO_COMIDA</sourceObjSchema>
<sourceObjName>ID_TIEMPO_COMIDA</sourceObjName>
<createdBy>mario</createdBy>
<createdTime>2020-11-05 18:06:14 UTC</createdTime>
<ownerDesignName>Diagrama</ownerDesignName>
<useDomainConstraints>false</useDomainConstraints>
<use>1</use>
<logicalDatatype>LOGDT019</logicalDatatype>
<dataTypePrecision>5</dataTypePrecision>
<dataTypeScale>0</dataTypeScale>
<ownDataTypeParameters>,5,0</ownDataTypeParameters>
<autoIncrementCycle>false</autoIncrementCycle>
</Column>
<Column name="TIEMPO" id="0534DFDF-6A08-2A43-F1B8-A66350A9A4EC">
<sourceConnName>PRFINALBD2020</sourceConnName>
<sourceObjSchema>TIEMPO_COMIDA</sourceObjSchema>
<sourceObjName>TIEMPO</sourceObjName>
<createdBy>mario</createdBy>
<createdTime>2020-11-05 18:06:14 UTC</createdTime>
<ownerDesignName>Diagrama</ownerDesignName>
<useDomainConstraints>false</useDomainConstraints>
<use>1</use>
<logicalDatatype>LOGDT024</logicalDatatype>
<dataTypeSize>128 BYTE</dataTypeSize>
<ownDataTypeParameters>128 BYTE,,</ownDataTypeParameters>
<autoIncrementCycle>false</autoIncrementCycle>
</Column>
</columns>
<indexes itemClass="oracle.dbtools.crest.model.design.relational.Index">
<ind_PK_UK id="39750EF7-7361-D24F-5DAD-EE791285EF95" name="TIEMPO_COMIDA_PK">
<sourceConnName>PRFINALBD2020</sourceConnName>
<sourceObjSchema>MARIO</sourceObjSchema>
<sourceObjName>TIEMPO_COMIDA_PK</sourceObjName>
<createdBy>mario</createdBy>
<createdTime>2020-11-05 18:06:14 UTC</createdTime>
<ownerDesignName>Diagrama</ownerDesignName>
<pk>true</pk>
<indexState>Primary Constraint</indexState>
<isSurrogateKey>false</isSurrogateKey>
<indexColumnUsage>
<colUsage columnID="C2E28D11-CE1B-F203-7E2D-7127968F95C0"/>
</indexColumnUsage>
</ind_PK_UK>
<ind_PK_UK id="59414CDA-3F5C-CD78-9A29-53FF44D04C0D" schemaObject="F64E1D9B-7E6B-CABF-605F-B7EAC2DFD0C0" name="TIEMPO_COMIDA_TIEMPO_UN">
<sourceConnName>PRFINALBD2020</sourceConnName>
<sourceObjSchema>MARIO</sourceObjSchema>
<sourceObjName>SYS_C007796</sourceObjName>
<createdBy>mario</createdBy>
<createdTime>2020-11-05 18:06:14 UTC</createdTime>
<ownerDesignName>Diagrama</ownerDesignName>
<indexState>Unique Constraint</indexState>
<isSurrogateKey>false</isSurrogateKey>
<indexColumnUsage>
<colUsage columnID="0534DFDF-6A08-2A43-F1B8-A66350A9A4EC"/>
</indexColumnUsage>
</ind_PK_UK>
<ind_PK_UK id="B6EAE4E9-5671-3A53-6898-D586EB34B42A" schemaObject="F64E1D9B-7E6B-CABF-605F-B7EAC2DFD0C0" name="TIEMPO_COMIDA_PK">
<sourceConnName>PRFINALBD2020</sourceConnName>
<sourceObjSchema>MARIO</sourceObjSchema>
<sourceObjName>TIEMPO_COMIDA_PK</sourceObjName>
<createdBy>mario</createdBy>
<createdTime>2020-11-05 18:06:14 UTC</createdTime>
<ownerDesignName>Diagrama</ownerDesignName>
<indexState>Unique Plain Index</indexState>
<isSurrogateKey>false</isSurrogateKey>
<indexColumnUsage>
<colUsage columnID="C2E28D11-CE1B-F203-7E2D-7127968F95C0"/>
</indexColumnUsage>
</ind_PK_UK>
</indexes>
</Table>