<?xml version = '1.0' encoding = 'UTF-8'?>
<Table class="oracle.dbtools.crest.model.design.relational.Table" directorySegmentName="seg_1" id="F688188E-527D-18EE-455B-7BC2F47CF7C7" schemaObject="F64E1D9B-7E6B-CABF-605F-B7EAC2DFD0C0" name="TIPO_RAZON_SOCIAL">
<sourceConnName>PRFINALBD2020</sourceConnName>
<sourceObjSchema>MARIO</sourceObjSchema>
<sourceObjName>TIPO_RAZON_SOCIAL</sourceObjName>
<createdBy>mario</createdBy>
<createdTime>2020-11-05 18:06:14 UTC</createdTime>
<ownerDesignName>Diagrama</ownerDesignName>
<allowColumnReorder>false</allowColumnReorder>
<existDependencyGenerateInDDl>true</existDependencyGenerateInDDl>
<parsed>true</parsed>
<columns itemClass="oracle.dbtools.crest.model.design.relational.Column">
<Column name="ID_TIPO_RAZON_SOCIAL" id="A4AC5191-FC0F-C114-D2F9-E758DEE69835">
<sourceConnName>PRFINALBD2020</sourceConnName>
<sourceObjSchema>TIPO_RAZON_SOCIAL</sourceObjSchema>
<sourceObjName>ID_TIPO_RAZON_SOCIAL</sourceObjName>
<createdBy>mario</createdBy>
<createdTime>2020-11-05 18:06:14 UTC</createdTime>
<ownerDesignName>Diagrama</ownerDesignName>
<useDomainConstraints>false</useDomainConstraints>
<use>1</use>
<logicalDatatype>LOGDT019</logicalDatatype>
<dataTypePrecision>*</dataTypePrecision>
<dataTypeScale>0</dataTypeScale>
<ownDataTypeParameters>,*,0</ownDataTypeParameters>
<autoIncrementCycle>false</autoIncrementCycle>
<associations>
<colAssociation fkAssociation="286C6423-C559-6F9C-A631-CD9865980582" referredColumn="65A4CB8B-427F-BAA6-67DD-1B023643A7DB"/>
</associations>
</Column>
<Column name="TIPO_RAZON_SOCIAL" id="35A29DDF-F620-5E47-5EE0-6D1BBE5C34DD">
<sourceConnName>PRFINALBD2020</sourceConnName>
<sourceObjSchema>TIPO_RAZON_SOCIAL</sourceObjSchema>
<sourceObjName>TIPO_RAZON_SOCIAL</sourceObjName>
<createdBy>mario</createdBy>
<createdTime>2020-11-05 18:06:14 UTC</createdTime>
<ownerDesignName>Diagrama</ownerDesignName>
<nullsAllowed>true</nullsAllowed>
<useDomainConstraints>false</useDomainConstraints>
<use>1</use>
<logicalDatatype>LOGDT024</logicalDatatype>
<dataTypeSize>100 BYTE</dataTypeSize>
<ownDataTypeParameters>100 BYTE,,</ownDataTypeParameters>
<autoIncrementCycle>false</autoIncrementCycle>
</Column>
</columns>
<indexes itemClass="oracle.dbtools.crest.model.design.relational.Index">
<ind_PK_UK id="4ABA3865-B322-A74C-EFF3-81F62F54B7F3" name="TIPO_RAZON_SOCIAL_PK">
<sourceConnName>PRFINALBD2020</sourceConnName>
<sourceObjSchema>MARIO</sourceObjSchema>
<sourceObjName>TIPO_RAZON_SOCIAL_PK</sourceObjName>
<createdBy>mario</createdBy>
<createdTime>2020-11-05 18:06:14 UTC</createdTime>
<ownerDesignName>Diagrama</ownerDesignName>
<pk>true</pk>
<indexState>Primary Constraint</indexState>
<isSurrogateKey>false</isSurrogateKey>
<indexColumnUsage>
<colUsage columnID="A4AC5191-FC0F-C114-D2F9-E758DEE69835"/>
</indexColumnUsage>
</ind_PK_UK>
<ind_PK_UK id="94F24E4F-502F-294E-0933-BDA1427CBD13" schemaObject="F64E1D9B-7E6B-CABF-605F-B7EAC2DFD0C0" name="TIPO_RAZON_SOCIAL_PK">
<sourceConnName>PRFINALBD2020</sourceConnName>
<sourceObjSchema>MARIO</sourceObjSchema>
<sourceObjName>TIPO_RAZON_SOCIAL_PK</sourceObjName>
<createdBy>mario</createdBy>
<createdTime>2020-11-05 18:06:14 UTC</createdTime>
<ownerDesignName>Diagrama</ownerDesignName>
<indexState>Unique Plain Index</indexState>
<isSurrogateKey>false</isSurrogateKey>
<indexColumnUsage>
<colUsage columnID="A4AC5191-FC0F-C114-D2F9-E758DEE69835"/>
</indexColumnUsage>
</ind_PK_UK>
<ind_PK_UK id="85EC0266-7055-E547-DFDC-CB92BAB77EB6" name="ID_RAZONSOCIAL">
<createdBy>mario</createdBy>
<createdTime>2020-11-05 18:06:14 UTC</createdTime>
<ownerDesignName>Diagrama</ownerDesignName>
<indexState>Foreign Key</indexState>
<isSurrogateKey>false</isSurrogateKey>
<indexColumnUsage>
<colUsage columnID="A4AC5191-FC0F-C114-D2F9-E758DEE69835"/>
</indexColumnUsage>
</ind_PK_UK>
</indexes>
</Table>