<?xml version = '1.0' encoding = 'UTF-8'?>
<Diagram class="oracle.dbtools.crest.swingui.relational.DPVRelational" name="Relational_1" id="C780D341-C870-1B82-B161-73C56834E136">
<createdBy>mario</createdBy>
<modifiedBy>mario</modifiedBy>
<createdTime>2020-11-05 18:06:12 UTC</createdTime>
<autoRoute>false</autoRoute>
<boxInbox>true</boxInbox>
<showLegend>false</showLegend>
<showLabels>false</showLabels>
<showRelAttributes>false</showRelAttributes>
<gridEnabled>false</gridEnabled>
<showGrid>false</showGrid>
<diagramColor>-1</diagramColor>
<display>false</display>
<notation>1</notation>
<objectViews>
<OView class="oracle.dbtools.crest.swingui.relational.TVTable" oid="0696C456-79E1-BB8C-4400-576A84443414" otype="Table" vid="53180DCB-0962-C735-6CC4-22C7A6419441">
<hideElementsInCurrentOnly>false</hideElementsInCurrentOnly>
<bounds x="3739" y="1282" width="272" height="136"/>
</OView>
<OView class="oracle.dbtools.crest.swingui.relational.TVTable" oid="06C9E805-F168-90DA-0DB0-8D84ABC5CADA" otype="Table" vid="819A8546-73AE-72F9-D1B1-02019139D62F">
<hideElementsInCurrentOnly>false</hideElementsInCurrentOnly>
<bounds x="390" y="20" width="278" height="198"/>
</OView>
<OView class="oracle.dbtools.crest.swingui.relational.TVTable" oid="0DB8A580-D81D-CDF5-7373-7F17A5E78CDA" otype="Table" vid="61F03A92-738F-419F-642E-8351EF3DCF90">
<hideElementsInCurrentOnly>false</hideElementsInCurrentOnly>
<bounds x="6811" y="1549" width="280" height="116"/>
</OView>
<OView class="oracle.dbtools.crest.swingui.relational.TVTable" oid="0F782B37-565C-D85A-4369-3D05F0319981" otype="Table" vid="05C4BCFE-D293-C7FE-52B5-26146924CFD7">
<hideElementsInCurrentOnly>false</hideElementsInCurrentOnly>
<bounds x="6411" y="864" width="272" height="206"/>
</OView>
<OView class="oracle.dbtools.crest.swingui.relational.TVTable" oid="0FBFB93B-4EC0-6F8B-67A1-59F1C73D7107" otype="Table" vid="64002F56-0DCC-F4F5-3EF3-65E53DFCCF83">
<hideElementsInCurrentOnly>false</hideElementsInCurrentOnly>
<bounds x="850" y="2638" width="272" height="137"/>
</OView>
<OView class="oracle.dbtools.crest.swingui.relational.TVTable" oid="11EFCB4B-6C18-0FB9-8BD3-62D0F3FD49ED" otype="Table" vid="8D929F1F-8A41-F99F-30A8-68E8D7AA7C1E">
<hideElementsInCurrentOnly>false</hideElementsInCurrentOnly>
<bounds x="7207" y="753" width="266" height="156"/>
</OView>
<OView class="oracle.dbtools.crest.swingui.relational.TVTable" oid="13A6D57A-E05C-C2C7-528F-4D5E0413B7FF" otype="Table" vid="B87155FC-FD8E-053A-E388-CD25AF6D08AB">
<hideElementsInCurrentOnly>false</hideElementsInCurrentOnly>
<bounds x="1047" y="1568" width="231" height="122"/>
</OView>
<OView class="oracle.dbtools.crest.swingui.relational.TVTable" oid="14138C3E-2D0F-1017-AA0F-B46F2712FB04" otype="Table" vid="2F0CD990-63A8-3759-72A7-B5BBD5087521">
<hideElementsInCurrentOnly>false</hideElementsInCurrentOnly>
<bounds x="661" y="1094" width="323" height="170"/>
</OView>
<OView class="oracle.dbtools.crest.swingui.relational.TVTable" oid="182D3B4E-5C9A-57D8-8A38-1AC6B48D059B" otype="Table" vid="B3FFB50C-9471-D23E-D845-061763BBD666">
<hideElementsInCurrentOnly>false</hideElementsInCurrentOnly>
<bounds x="4584" y="1268" width="283" height="114"/>
</OView>
<OView class="oracle.dbtools.crest.swingui.relational.TVTable" oid="1EA8FA86-9305-ED67-129D-95215B58806F" otype="Table" vid="4DA58666-DE39-0033-4986-F8245671FD32">
<hideElementsInCurrentOnly>false</hideElementsInCurrentOnly>
<bounds x="661" y="1498" width="223" height="122"/>
</OView>
<OView class="oracle.dbtools.crest.swingui.relational.TVTable" oid="1F0FBADD-23D5-AA94-1096-510FFDC6E1DE" otype="Table" vid="AABE5653-3147-F991-CE72-1591869EC134">
<hideElementsInCurrentOnly>false</hideElementsInCurrentOnly>
<bounds x="390" y="766" width="271" height="74"/>
</OView>
<OView class="oracle.dbtools.crest.swingui.relational.TVTable" oid="24527552-2730-7B88-65CD-9CA081EA3D1D" otype="Table" vid="60074802-CDCD-F3AE-8346-53A95B9C09CC">
<hideElementsInCurrentOnly>false</hideElementsInCurrentOnly>
<bounds x="7494" y="584" width="236" height="129"/>
</OView>
<OView class="oracle.dbtools.crest.swingui.relational.TVTable" oid="25085143-ADCB-A1E4-C85C-50A26FFDDD72" otype="Table" vid="AA4032A1-2549-0273-9377-567C0780FD22">
<hideElementsInCurrentOnly>false</hideElementsInCurrentOnly>
<bounds x="1062" y="2142" width="320" height="129"/>
</OView>
<OView class="oracle.dbtools.crest.swingui.relational.TVTable" oid="25B56DB1-9365-9711-8F04-ED7ED5114F94" otype="Table" vid="B9DF0438-0E32-0A5B-7940-272FCCB61F5D">
<hideElementsInCurrentOnly>false</hideElementsInCurrentOnly>
<bounds x="20" y="766" width="290" height="178"/>
</OView>
<OView class="oracle.dbtools.crest.swingui.relational.TVTable" oid="2B1DDCCE-3845-0A08-9CE1-C8A801AE01D0" otype="Table" vid="A825BC78-DFDB-7C9B-4AA4-6A4D71B22EEF">
<hideElementsInCurrentOnly>false</hideElementsInCurrentOnly>
<bounds x="6527" y="1338" width="247" height="178"/>
</OView>
<OView class="oracle.dbtools.crest.swingui.relational.TVTable" oid="2E342708-AAF1-A6BE-652B-2454866574E4" otype="Table" vid="14BD9FF1-5510-4DE9-0425-8EBA753624EA">
<hideElementsInCurrentOnly>false</hideElementsInCurrentOnly>
<bounds x="5972" y="1010" width="284" height="108"/>
</OView>
<OView class="oracle.dbtools.crest.swingui.relational.TVTable" oid="327ACFD9-3316-A177-4432-36053CB7BBE2" otype="Table" vid="DF2FE66B-370E-003D-C1F4-D9EC53CF10B8">
<hideElementsInCurrentOnly>false</hideElementsInCurrentOnly>
<bounds x="184" y="2358" width="294" height="171"/>
</OView>
<OView class="oracle.dbtools.crest.swingui.relational.TVTable" oid="354CC805-22AB-68F6-06F1-F270CDC2F67C" otype="Table" vid="3797AD3B-4BF7-217E-664C-4A4E60D64662">
<hideElementsInCurrentOnly>false</hideElementsInCurrentOnly>
<bounds x="1064" y="1094" width="277" height="150"/>
</OView>
<OView class="oracle.dbtools.crest.swingui.relational.TVTable" oid="3635802B-F9A0-554C-2AFC-597F903C8333" otype="Table" vid="33EE964D-9226-A6A1-163D-082C6C7411AF">
<hideElementsInCurrentOnly>false</hideElementsInCurrentOnly>
<bounds x="7897" y="284" width="279" height="157"/>
</OView>
<OView class="oracle.dbtools.crest.swingui.relational.TVTable" oid="363A169E-F217-9A5A-3D66-0FBE66BA9FAD" otype="Table" vid="24A4AB14-D888-EABE-5E34-FAE65DAEAEA4">
<hideElementsInCurrentOnly>false</hideElementsInCurrentOnly>
<bounds x="6787" y="508" width="226" height="142"/>
</OView>
<OView class="oracle.dbtools.crest.swingui.relational.TVTable" oid="3698D67F-4502-7FED-06F2-F7D2A2B6424A" otype="Table" vid="61840EBA-B7C6-4284-4B5F-62A8A27DC257">
<hideElementsInCurrentOnly>false</hideElementsInCurrentOnly>
<bounds x="21" y="1373" width="272" height="108"/>
</OView>
<OView class="oracle.dbtools.crest.swingui.relational.TVTable" oid="3852FEC3-870E-C8BF-7F11-E886C2D624BE" otype="Table" vid="7D26351B-A4BF-4776-51FA-EF5DACE6DEB8">
<hideElementsInCurrentOnly>false</hideElementsInCurrentOnly>
<bounds x="349" y="1333" width="272" height="136"/>
</OView>
<OView class="oracle.dbtools.crest.swingui.relational.TVTable" oid="38F676B8-1099-9ABA-E2F9-353D0A8034DC" otype="Table" vid="A666EDBE-3DEC-38E0-2E78-E38FC715BFAC">
<hideElementsInCurrentOnly>false</hideElementsInCurrentOnly>
<bounds x="511" y="2821" width="272" height="151"/>
</OView>
<OView class="oracle.dbtools.crest.swingui.relational.TVTable" oid="39307C34-8C01-01FB-AA59-D2DABF893BC9" otype="Table" vid="A3D04F95-75DD-C5D7-8CC3-602DBEE29C7B">
<hideElementsInCurrentOnly>false</hideElementsInCurrentOnly>
<bounds x="6009" y="1708" width="259" height="142"/>
</OView>
<OView class="oracle.dbtools.crest.swingui.relational.TVTable" oid="39822C4D-2B2F-BD86-83E1-00E5BE102B4D" otype="Table" vid="8B5049D8-B153-37AA-17FF-100BF109C84A">
<hideElementsInCurrentOnly>false</hideElementsInCurrentOnly>
<bounds x="184" y="2588" width="225" height="95"/>
</OView>
<OView class="oracle.dbtools.crest.swingui.relational.TVTable" oid="39F654EC-8767-C1D7-2050-B8FE6399C2CA" otype="Table" vid="647584B7-812F-15C5-F56A-6E89AD579395">
<hideElementsInCurrentOnly>false</hideElementsInCurrentOnly>
<bounds x="6909" y="1281" width="296" height="74"/>
</OView>
<OView class="oracle.dbtools.crest.swingui.relational.TVTable" oid="41192E90-E5C5-82E5-D1E9-1233BBDB6031" otype="Table" vid="A552301C-2416-4CAE-7DB1-454FC407C154">
<hideElementsInCurrentOnly>false</hideElementsInCurrentOnly>
<bounds x="4831" y="1470" width="313" height="114"/>
</OView>
<OView class="oracle.dbtools.crest.swingui.relational.TVTable" oid="42691672-7A53-954E-BB18-BE39770CB803" otype="Table" vid="DD63332D-9A76-D3EB-A48A-104B0F5868A7">
<hideElementsInCurrentOnly>false</hideElementsInCurrentOnly>
<bounds x="1356" y="1296" width="319" height="102"/>
</OView>
<OView class="oracle.dbtools.crest.swingui.relational.TVTable" oid="438FDF3D-496C-F894-AD62-C27191C5D400" otype="Table" vid="E20AB158-605C-CF29-A11A-FCC8E44C78EE">
<hideElementsInCurrentOnly>false</hideElementsInCurrentOnly>
<bounds x="7494" y="284" width="290" height="241"/>
</OView>
<OView class="oracle.dbtools.crest.swingui.relational.TVTable" oid="446E3953-2814-C291-5BDF-FB969AC34A53" otype="Table" vid="D8D9B8A3-FCB8-4E72-F6D8-680D4FC28CC9">
<hideElementsInCurrentOnly>false</hideElementsInCurrentOnly>
<bounds x="1421" y="1094" width="254" height="142"/>
</OView>
<OView class="oracle.dbtools.crest.swingui.relational.TVTable" oid="492F5DAF-5D4A-1BFC-176F-3D53784447D4" otype="Table" vid="A8E7056B-CA04-A4B6-F3F6-FB0F5BBE0B61">
<hideElementsInCurrentOnly>false</hideElementsInCurrentOnly>
<bounds x="3797" y="1554" width="246" height="128"/>
</OView>
<OView class="oracle.dbtools.crest.swingui.relational.TVTable" oid="49AFD941-8AF5-B3D1-041E-4734B4309560" otype="Table" vid="F856039C-51EA-65EA-75B1-26904A8423AC">
<hideElementsInCurrentOnly>false</hideElementsInCurrentOnly>
<bounds x="6411" y="508" width="296" height="296"/>
</OView>
<OView class="oracle.dbtools.crest.swingui.relational.TVTable" oid="5703DB31-C78D-9430-933E-0730EE63601F" otype="Table" vid="1D988321-07D9-BA41-AB30-3111ADA1CFBE">
<hideElementsInCurrentOnly>false</hideElementsInCurrentOnly>
<bounds x="6464" y="1910" width="277" height="114"/>
</OView>
<OView class="oracle.dbtools.crest.swingui.relational.TVTable" oid="59D6E1BD-C989-0E4D-8C58-93777F59198D" otype="Table" vid="8EBB5F5C-6889-C32D-306C-359A566058FD">
<hideElementsInCurrentOnly>false</hideElementsInCurrentOnly>
<bounds x="2897" y="1094" width="296" height="142"/>
</OView>
<OView class="oracle.dbtools.crest.swingui.relational.TVTable" oid="63BF8F4D-ECDC-8351-A62A-C4496BD60D1C" otype="Table" vid="12D6A32B-BA0E-537E-5126-A9F9780D7963">
<hideElementsInCurrentOnly>false</hideElementsInCurrentOnly>
<bounds x="3404" y="1554" width="313" height="156"/>
</OView>
<OView class="oracle.dbtools.crest.swingui.relational.TVTable" oid="6CAAAFCC-4081-A1B4-6E7C-6061F10DF940" otype="Table" vid="8B937EA5-98C3-BA13-E97B-ED46F13BD458">
<hideElementsInCurrentOnly>false</hideElementsInCurrentOnly>
<bounds x="6179" y="1450" width="275" height="198"/>
</OView>
<OView class="oracle.dbtools.crest.swingui.relational.TVTable" oid="6FE0D805-344F-4349-081C-2FF4BE8780C7" otype="Table" vid="74B92C19-4CDC-A2F1-3E3E-AEAAE08B8ADE">
<hideElementsInCurrentOnly>false</hideElementsInCurrentOnly>
<bounds x="5606" y="2370" width="259" height="94"/>
</OView>
<OView class="oracle.dbtools.crest.swingui.relational.TVTable" oid="753D7137-BEFD-76A0-A0A8-B7E087995A23" otype="Table" vid="2571D662-1C13-153F-5046-F5F7E03E9200">
<hideElementsInCurrentOnly>false</hideElementsInCurrentOnly>
<bounds x="628" y="1666" width="316" height="198"/>
</OView>
<OView class="oracle.dbtools.crest.swingui.relational.TVTable" oid="75A72754-57D9-DCC0-69D3-BB05B154BC3C" otype="Table" vid="596ABA1F-760B-E042-71FD-D26BCF9315B5">
<hideElementsInCurrentOnly>false</hideElementsInCurrentOnly>
<bounds x="390" y="278" width="260" height="170"/>
</OView>
<OView class="oracle.dbtools.crest.swingui.relational.TVTable" oid="7666657F-00E8-B3A3-16EB-6C5CD2E53A1A" otype="Table" vid="F828668A-39EE-705B-7FA7-5C1BAC4AE4BC">
<hideElementsInCurrentOnly>false</hideElementsInCurrentOnly>
<bounds x="647" y="1932" width="237" height="108"/>
</OView>
<OView class="oracle.dbtools.crest.swingui.relational.TVTable" oid="7D7F1CE5-6B2F-B70E-8B3B-F9D773F3FCA9" otype="Table" vid="04C21DF2-483D-B981-8FF9-7E6D95B3566D">
<hideElementsInCurrentOnly>false</hideElementsInCurrentOnly>
<bounds x="7495" y="772" width="244" height="109"/>
</OView>
<OView class="oracle.dbtools.crest.swingui.relational.TVTable" oid="7F5706D6-E934-20E3-01EB-DD4C456F544F" otype="Table" vid="83271C0C-DC28-4AC6-BD61-5C8E192DF9DD">
<hideElementsInCurrentOnly>false</hideElementsInCurrentOnly>
<bounds x="1756" y="1296" width="319" height="94"/>
</OView>
<OView class="oracle.dbtools.crest.swingui.relational.TVTable" oid="81412519-BBC2-709A-7727-345A08353DCF" otype="Table" vid="E6ECB187-B971-7A7C-EA14-11C097A7A15A">
<hideElementsInCurrentOnly>false</hideElementsInCurrentOnly>
<bounds x="87" y="1185" width="308" height="114"/>
</OView>
<OView class="oracle.dbtools.crest.swingui.relational.TVTable" oid="81616052-7254-CC25-ECA4-F4BE8B81ABBE" otype="Table" vid="A82D9C8A-8F8F-BE8E-000F-124A35AA7764">
<hideElementsInCurrentOnly>false</hideElementsInCurrentOnly>
<bounds x="2155" y="1094" width="298" height="198"/>
</OView>
<OView class="oracle.dbtools.crest.swingui.relational.TVTable" oid="87600EF4-E418-F57C-A6A4-3B124C4D5D55" otype="Table" vid="7E0CF027-EF85-66A4-AAE3-0DBA1EF23962">
<hideElementsInCurrentOnly>false</hideElementsInCurrentOnly>
<bounds x="5971" y="766" width="360" height="184"/>
</OView>
<OView class="oracle.dbtools.crest.swingui.relational.TVTable" oid="878D304F-F42C-4A1D-5EA3-F615AF6A7727" otype="Table" vid="5B957EEB-7E43-E305-2BFB-1EE877D56D67">
<hideElementsInCurrentOnly>false</hideElementsInCurrentOnly>
<bounds x="576" y="2142" width="326" height="129"/>
</OView>
<OView class="oracle.dbtools.crest.swingui.relational.TVTable" oid="889BC87C-B7F3-A0FA-5073-E95314F59DE7" otype="Table" vid="13D56F47-3491-F277-8EAE-80AD6F38A2B6">
<hideElementsInCurrentOnly>false</hideElementsInCurrentOnly>
<bounds x="748" y="20" width="242" height="108"/>
</OView>
<OView class="oracle.dbtools.crest.swingui.relational.TVTable" oid="88FE782A-28DF-2B18-3115-C6BDE942D845" otype="Table" vid="64AC4659-B182-1A9B-4861-063AD6CC4CD8">
<hideElementsInCurrentOnly>false</hideElementsInCurrentOnly>
<bounds x="184" y="2142" width="312" height="157"/>
</OView>
<OView class="oracle.dbtools.crest.swingui.relational.TVTable" oid="8F053890-C999-FDE2-D76A-C9FB6EF75AEF" otype="Table" vid="A1E822D4-7E6B-2411-39B9-D0054C89F631">
<hideElementsInCurrentOnly>false</hideElementsInCurrentOnly>
<bounds x="2155" y="1352" width="280" height="94"/>
</OView>
<OView class="oracle.dbtools.crest.swingui.relational.TVTable" oid="93C99702-5C33-78D0-94A0-2812E341D9D8" otype="Table" vid="80478D92-4EBB-6A26-37D4-36577E30C0E5">
<hideElementsInCurrentOnly>false</hideElementsInCurrentOnly>
<bounds x="6787" y="912" width="263" height="94"/>
</OView>
<OView class="oracle.dbtools.crest.swingui.relational.TVTable" oid="93E132CD-85E9-D8BA-10C8-CB3971434C17" otype="Table" vid="D39C1F4F-3D1A-CF01-A68E-4ADAEDBAD738">
<hideElementsInCurrentOnly>false</hideElementsInCurrentOnly>
<bounds x="20" y="1004" width="276" height="156"/>
</OView>
<OView class="oracle.dbtools.crest.swingui.relational.TVTable" oid="9717DA77-AB3D-DC5C-45DB-1A8DA76CD345" otype="Table" vid="954CB9E4-284B-5B9A-1D24-8BD07B1EFCF6">
<hideElementsInCurrentOnly>false</hideElementsInCurrentOnly>
<bounds x="5186" y="2140" width="339" height="170"/>
</OView>
<OView class="oracle.dbtools.crest.swingui.relational.TVTable" oid="99CC0ED5-675C-9A7E-CB63-6AFCBAD89EE4" otype="Table" vid="4FF3325C-5669-16CE-A460-B22078E3AEE6">
<hideElementsInCurrentOnly>false</hideElementsInCurrentOnly>
<bounds x="6348" y="1708" width="284" height="114"/>
</OView>
<OView class="oracle.dbtools.crest.swingui.relational.TVTable" oid="99F1DEF1-E8C7-37E8-4F07-33896654F5D9" otype="Table" vid="D0A17C57-F599-6206-9AD4-E2F3B87DE057">
<hideElementsInCurrentOnly>false</hideElementsInCurrentOnly>
<bounds x="5224" y="1470" width="315" height="114"/>
</OView>
<OView class="oracle.dbtools.crest.swingui.relational.TVTable" oid="9BC11318-BD8A-789E-BE65-67EB38CC3796" otype="Table" vid="B8B1DDA6-F532-EA51-DC44-6A6D4E3D6437">
<hideElementsInCurrentOnly>false</hideElementsInCurrentOnly>
<bounds x="7495" y="940" width="241" height="129"/>
</OView>
<OView class="oracle.dbtools.crest.swingui.relational.TVTable" oid="9E6AF437-8C20-92FC-F15D-BF2CAC23E73F" otype="Table" vid="7AC791CB-1469-6BE4-FADA-A41B04CE5E67">
<hideElementsInCurrentOnly>false</hideElementsInCurrentOnly>
<bounds x="7231" y="1393" width="291" height="94"/>
</OView>
<OView class="oracle.dbtools.crest.swingui.relational.TVTable" oid="A8857704-0E56-EAD3-4DE3-A2B6F0E0199F" otype="Table" vid="7F580B2E-6DD1-46E3-E1F2-31439F9D92C7">
<hideElementsInCurrentOnly>false</hideElementsInCurrentOnly>
<bounds x="576" y="2330" width="249" height="109"/>
</OView>
<OView class="oracle.dbtools.crest.swingui.relational.TVTable" oid="B1770E0B-6F77-D154-4423-0D98AD402405" otype="Table" vid="7917C4F3-A5BC-6D40-A789-B60345229BD4">
<hideElementsInCurrentOnly>false</hideElementsInCurrentOnly>
<bounds x="3403" y="1094" width="320" height="128"/>
</OView>
<OView class="oracle.dbtools.crest.swingui.relational.TVTable" oid="B314EE70-9C4D-F1C1-A36D-9F1397309936" otype="Table" vid="BB5CA09A-DF2D-8757-5108-C3A9A8D1318C">
<hideElementsInCurrentOnly>false</hideElementsInCurrentOnly>
<bounds x="6009" y="1910" width="375" height="170"/>
</OView>
<OView class="oracle.dbtools.crest.swingui.relational.TVTable" oid="BD413888-08C2-3A4C-6CC4-92B8033C1DC6" otype="Table" vid="C03E618E-FFE3-E1E6-A99E-137158221798">
<hideElementsInCurrentOnly>false</hideElementsInCurrentOnly>
<bounds x="390" y="508" width="299" height="198"/>
</OView>
<OView class="oracle.dbtools.crest.swingui.relational.TVTable" oid="BE48E45C-DECD-0E1A-848F-A8515017F499" otype="Table" vid="F325B71F-E2A2-B345-4471-C4658C4579B3">
<hideElementsInCurrentOnly>false</hideElementsInCurrentOnly>
<bounds x="544" y="2638" width="256" height="95"/>
</OView>
<OView class="oracle.dbtools.crest.swingui.relational.TVTable" oid="C29DBB12-2CE8-F609-D7F8-FAD689097182" otype="Table" vid="5EDD0DB6-F010-0176-A28D-35A4E08BF8BE">
<hideElementsInCurrentOnly>false</hideElementsInCurrentOnly>
<bounds x="3403" y="1282" width="256" height="212"/>
</OView>
<OView class="oracle.dbtools.crest.swingui.relational.TVTable" oid="C6DEE0A8-E7CA-723E-1621-C70A01ED9D74" otype="Table" vid="7669E8D4-B2C5-2D10-67F0-964F68A7AE45">
<hideElementsInCurrentOnly>false</hideElementsInCurrentOnly>
<bounds x="1172" y="2638" width="268" height="123"/>
</OView>
<OView class="oracle.dbtools.crest.swingui.relational.TVTable" oid="C8D089D9-2517-D749-2592-C7B57FE13656" otype="Table" vid="6CCB3F2B-A60D-D85E-32D6-08CCA02876BF">
<hideElementsInCurrentOnly>false</hideElementsInCurrentOnly>
<bounds x="5546" y="1010" width="345" height="212"/>
</OView>
<OView class="oracle.dbtools.crest.swingui.relational.TVTable" oid="CB0E63FD-C463-94CC-A7D6-78952ED03273" otype="Table" vid="495E4304-A7AF-CC9E-19BF-DF859638EC92">
<hideElementsInCurrentOnly>false</hideElementsInCurrentOnly>
<bounds x="7638" y="1264" width="251" height="102"/>
</OView>
<OView class="oracle.dbtools.crest.swingui.relational.TVTable" oid="CC6DAD23-9C5B-8A3A-83C6-B54E7D9961C8" otype="Table" vid="8E2F4EC2-4E1E-9FC2-2AE6-14875E998E41">
<hideElementsInCurrentOnly>false</hideElementsInCurrentOnly>
<bounds x="7897" y="500" width="257" height="95"/>
</OView>
<OView class="oracle.dbtools.crest.swingui.relational.TVTable" oid="CF1F1E31-2D6E-733F-5A5B-529E608D7A8D" otype="Table" vid="1316FD85-7DDD-702F-D8F2-48F475786EC2">
<hideElementsInCurrentOnly>false</hideElementsInCurrentOnly>
<bounds x="3405" y="1770" width="269" height="142"/>
</OView>
<OView class="oracle.dbtools.crest.swingui.relational.TVTable" oid="CF1F9830-F4E6-AB2A-4C74-D34544EE87C5" otype="Table" vid="D727BD77-0013-B2F4-C94B-3E187442E2ED">
<hideElementsInCurrentOnly>false</hideElementsInCurrentOnly>
<bounds x="1062" y="2330" width="263" height="109"/>
</OView>
<OView class="oracle.dbtools.crest.swingui.relational.TVTable" oid="D3BE5B3A-EF88-5AD2-FD61-13CD4568A853" otype="Table" vid="3E619430-9167-5115-D267-C4F89F369EDF">
<hideElementsInCurrentOnly>false</hideElementsInCurrentOnly>
<bounds x="5028" y="1094" width="297" height="114"/>
</OView>
<OView class="oracle.dbtools.crest.swingui.relational.TVTable" oid="D86C05D2-7DB9-0584-7C53-7BCC0D961BCE" otype="Table" vid="59BEFB3A-1F52-C128-3020-12EF2AD987FF">
<hideElementsInCurrentOnly>false</hideElementsInCurrentOnly>
<bounds x="2533" y="1094" width="284" height="142"/>
</OView>
<OView class="oracle.dbtools.crest.swingui.relational.TVTable" oid="DAAE24F0-731D-4C5A-4ED0-CC20657A3FF1" otype="Table" vid="D0921469-5913-15BD-FBAC-38E838EA8ED0">
<hideElementsInCurrentOnly>false</hideElementsInCurrentOnly>
<bounds x="681" y="765" width="283" height="268"/>
</OView>
<OView class="oracle.dbtools.crest.swingui.relational.TVTable" oid="DF710BCC-4857-0571-AE03-C4D82FA9A13C" otype="Table" vid="C97C4341-14E5-6CB2-F306-C2AAF98386A7">
<hideElementsInCurrentOnly>false</hideElementsInCurrentOnly>
<bounds x="6010" y="2140" width="312" height="114"/>
</OView>
<OView class="oracle.dbtools.crest.swingui.relational.TVTable" oid="E017B928-3D9A-E366-853E-2A91D3477523" otype="Table" vid="7B8B69F4-506E-7B20-6F1A-1CC0E1426E3F">
<hideElementsInCurrentOnly>false</hideElementsInCurrentOnly>
<bounds x="8256" y="284" width="276" height="109"/>
</OView>
<OView class="oracle.dbtools.crest.swingui.relational.TVTable" oid="E2BDE607-69C2-AAF3-5324-1431922AB41E" otype="Table" vid="2A43F3A5-DEE0-1C13-4623-B23AF0ECDD01">
<hideElementsInCurrentOnly>false</hideElementsInCurrentOnly>
<bounds x="1755" y="1094" width="307" height="142"/>
</OView>
<OView class="oracle.dbtools.crest.swingui.relational.TVTable" oid="E35042C1-48C9-F6BD-4CEB-0044089FAD4E" otype="Table" vid="DA1182E1-9BD3-9E40-961B-41193E333601">
<hideElementsInCurrentOnly>false</hideElementsInCurrentOnly>
<bounds x="4584" y="1094" width="308" height="114"/>
</OView>
<OView class="oracle.dbtools.crest.swingui.relational.TVTable" oid="E3A8C1B8-CC39-72DD-DCEF-0C4538582CA2" otype="Table" vid="DB820B4F-97FF-65B6-DDE0-E7B7C277BDCE">
<hideElementsInCurrentOnly>false</hideElementsInCurrentOnly>
<bounds x="5186" y="2370" width="224" height="94"/>
</OView>
<OView class="oracle.dbtools.crest.swingui.relational.TVTable" oid="E46D278F-BB47-A307-4534-0D6A661C6156" otype="Table" vid="606DA473-E807-8E6F-CCDC-1368C80D40C3">
<hideElementsInCurrentOnly>false</hideElementsInCurrentOnly>
<bounds x="3405" y="1972" width="206" height="94"/>
</OView>
<OView class="oracle.dbtools.crest.swingui.relational.TVTable" oid="E68094FE-6FFD-8530-6D6D-53E7B7046037" otype="Table" vid="A4898C5E-816E-D81D-0CD0-B27CC5EE8305">
<hideElementsInCurrentOnly>false</hideElementsInCurrentOnly>
<bounds x="2897" y="1296" width="261" height="108"/>
</OView>
<OView class="oracle.dbtools.crest.swingui.relational.TVTable" oid="E7686EBA-9F37-A557-542A-FE7BD2399840" otype="Table" vid="23A74D74-EB44-C135-AA3D-4A646EE07594">
<hideElementsInCurrentOnly>false</hideElementsInCurrentOnly>
<bounds x="5605" y="2140" width="324" height="170"/>
</OView>
<OView class="oracle.dbtools.crest.swingui.relational.TVTable" oid="E831BB5D-827C-7DD9-3E73-D8E282935E3C" otype="Table" vid="C087FC13-1E7B-8575-A5E0-37809B525B59">
<hideElementsInCurrentOnly>false</hideElementsInCurrentOnly>
<bounds x="7127" y="974" width="337" height="142"/>
</OView>
<OView class="oracle.dbtools.crest.swingui.relational.TVTable" oid="EDF1932D-8DFD-EDD7-BD23-C60EE5E0EB26" otype="Table" vid="73F50C51-6E3B-7E2A-A6FA-DB13EEE29C53">
<hideElementsInCurrentOnly>false</hideElementsInCurrentOnly>
<bounds x="6448" y="1090" width="505" height="170"/>
</OView>
<OView class="oracle.dbtools.crest.swingui.relational.TVTable" oid="EE672680-2E9E-47F0-6C0C-71DA9604AC68" otype="Table" vid="21CFA062-C32C-A50F-AFD8-8A79D9C235A8">
<hideElementsInCurrentOnly>false</hideElementsInCurrentOnly>
<bounds x="5028" y="1268" width="309" height="142"/>
</OView>
<OView class="oracle.dbtools.crest.swingui.relational.TVTable" oid="F2DF22D7-F77A-F5BE-AA78-8DACDDEDA92E" otype="Table" vid="71F39F90-9745-67E5-B84C-BB1FAE817803">
<hideElementsInCurrentOnly>false</hideElementsInCurrentOnly>
<bounds x="6787" y="710" width="340" height="142"/>
</OView>
<OView class="oracle.dbtools.crest.swingui.relational.TVTable" oid="F688188E-527D-18EE-455B-7BC2F47CF7C7" otype="Table" vid="CCDF542E-CB90-2F17-6C6A-A53AA7052F68">
<hideElementsInCurrentOnly>false</hideElementsInCurrentOnly>
<bounds x="4123" y="1296" width="300" height="114"/>
</OView>
<OView class="oracle.dbtools.crest.swingui.relational.TVTable" oid="F9FB7931-3D40-E773-FE13-B90969672AC9" otype="Table" vid="5629F513-6D65-4161-68BC-FCDA95328C94">
<hideElementsInCurrentOnly>false</hideElementsInCurrentOnly>
<bounds x="661" y="1324" width="258" height="114"/>
</OView>
<OView class="oracle.dbtools.crest.swingui.relational.TVTable" oid="FADA4BE7-D438-FCA2-729A-9410CF69C598" otype="Table" vid="628F0B03-460A-EFA0-79CD-1D3AB91B2420">
<hideElementsInCurrentOnly>false</hideElementsInCurrentOnly>
<bounds x="4123" y="1094" width="298" height="142"/>
</OView>
<OView class="oracle.dbtools.crest.swingui.relational.TVTable" oid="FCCE1C29-37A9-FE27-85F4-F370B2ED9DDD" otype="Table" vid="7863CAD3-2B87-6E50-F8C3-2B0BE264F4AD">
<hideElementsInCurrentOnly>false</hideElementsInCurrentOnly>
<bounds x="1046" y="1296" width="295" height="212"/>
</OView>
</objectViews>
<connectors>
<Connector class="oracle.dbtools.crest.swingui.relational.TVFKRelation" oid="0070F321-199B-38EC-36C1-5D914BE8800D" otype="FKIndexAssociation" vid_source="7D26351B-A4BF-4776-51FA-EF5DACE6DEB8" vid_target="D0921469-5913-15BD-FBAC-38E838EA8ED0">
<hideElementsInCurrentOnly>false</hideElementsInCurrentOnly>
<backgroundColor>-16777216</backgroundColor>
<lineWidth>1</lineWidth>
<points>
<point x="530" y="1333"/>
<point x="732" y="1033"/>
</points>
</Connector>
<Connector class="oracle.dbtools.crest.swingui.relational.TVFKRelation" oid="054F2447-6542-F8D8-C52E-F5ABF5078C78" otype="FKIndexAssociation" vid_source="D0921469-5913-15BD-FBAC-38E838EA8ED0" vid_target="F856039C-51EA-65EA-75B1-26904A8423AC">
<hideElementsInCurrentOnly>false</hideElementsInCurrentOnly>
<backgroundColor>-16777216</backgroundColor>
<lineWidth>1</lineWidth>
<points>
<point x="964" y="784"/>
<point x="6411" y="784"/>
</points>
</Connector>
<Connector class="oracle.dbtools.crest.swingui.relational.TVFKRelation" oid="079FB32E-5776-E1B8-AE90-731E4252E366" otype="FKIndexAssociation" vid_source="8B937EA5-98C3-BA13-E97B-ED46F13BD458" vid_target="A3D04F95-75DD-C5D7-8CC3-602DBEE29C7B">
<hideElementsInCurrentOnly>false</hideElementsInCurrentOnly>
<backgroundColor>-16777216</backgroundColor>
<lineWidth>1</lineWidth>
<points>
<point x="6223" y="1648"/>
<point x="6223" y="1708"/>
</points>
</Connector>
<Connector class="oracle.dbtools.crest.swingui.relational.TVFKRelation" oid="0EFA9FE0-7E79-1F6E-F076-75F8D49040A3" otype="FKIndexAssociation" vid_source="53180DCB-0962-C735-6CC4-22C7A6419441" vid_target="5EDD0DB6-F010-0176-A28D-35A4E08BF8BE">
<hideElementsInCurrentOnly>false</hideElementsInCurrentOnly>
<backgroundColor>-16777216</backgroundColor>
<lineWidth>1</lineWidth>
<points>
<point x="3739" y="1350"/>
<point x="3659" y="1350"/>
</points>
</Connector>
<Connector class="oracle.dbtools.crest.swingui.relational.TVFKRelation" oid="122BEF18-A2CC-240B-5D52-61C85BDEA631" otype="FKIndexAssociation" vid_source="BB5CA09A-DF2D-8757-5108-C3A9A8D1318C" vid_target="A3D04F95-75DD-C5D7-8CC3-602DBEE29C7B">
<hideElementsInCurrentOnly>false</hideElementsInCurrentOnly>
<backgroundColor>-16777216</backgroundColor>
<lineWidth>1</lineWidth>
<points>
<point x="6138" y="1910"/>
<point x="6138" y="1850"/>
</points>
</Connector>
<Connector class="oracle.dbtools.crest.swingui.relational.TVFKRelation" oid="1414D775-1D89-7705-8CD0-3E3FAF5439DE" otype="FKIndexAssociation" vid_source="83271C0C-DC28-4AC6-BD61-5C8E192DF9DD" vid_target="2A43F3A5-DEE0-1C13-4623-B23AF0ECDD01">
<hideElementsInCurrentOnly>false</hideElementsInCurrentOnly>
<backgroundColor>-16777216</backgroundColor>
<lineWidth>1</lineWidth>
<points>
<point x="1909" y="1296"/>
<point x="1909" y="1236"/>
</points>
</Connector>
<Connector class="oracle.dbtools.crest.swingui.relational.TVFKRelation" oid="1551CFD4-EA6A-22C1-0C62-38ACE0346138" otype="FKIndexAssociation" vid_source="A4898C5E-816E-D81D-0CD0-B27CC5EE8305" vid_target="DD63332D-9A76-D3EB-A48A-104B0F5868A7">
<hideElementsInCurrentOnly>false</hideElementsInCurrentOnly>
<backgroundColor>-16777216</backgroundColor>
<lineWidth>1</lineWidth>
<points>
<point x="2897" y="1347"/>
<point x="1675" y="1347"/>
</points>
</Connector>
<Connector class="oracle.dbtools.crest.swingui.relational.TVFKRelation" oid="18A8453F-D8FE-A635-B3A3-57E3C2134F78" otype="FKIndexAssociation" vid_source="A4898C5E-816E-D81D-0CD0-B27CC5EE8305" vid_target="6CCB3F2B-A60D-D85E-32D6-08CCA02876BF">
<hideElementsInCurrentOnly>false</hideElementsInCurrentOnly>
<backgroundColor>-16777216</backgroundColor>
<lineWidth>1</lineWidth>
<points>
<point x="3158" y="1338"/>
<point x="5546" y="1131"/>
</points>
</Connector>
<Connector class="oracle.dbtools.crest.swingui.relational.TVFKRelation" oid="1D5AAAF7-7111-1D6E-B16C-B988BDEF9BEA" otype="FKIndexAssociation" vid_source="C03E618E-FFE3-E1E6-A99E-137158221798" vid_target="B9DF0438-0E32-0A5B-7940-272FCCB61F5D">
<hideElementsInCurrentOnly>false</hideElementsInCurrentOnly>
<backgroundColor>-16777216</backgroundColor>
<lineWidth>1</lineWidth>
<points>
<point x="390" y="706"/>
<point x="299" y="766"/>
</points>
</Connector>
<Connector class="oracle.dbtools.crest.swingui.relational.TVFKRelation" oid="1E1487C6-0BA0-6E8C-77B9-4C8D6C248544" otype="FKIndexAssociation" vid_source="04C21DF2-483D-B981-8FF9-7E6D95B3566D" vid_target="59BEFB3A-1F52-C128-3020-12EF2AD987FF">
<hideElementsInCurrentOnly>false</hideElementsInCurrentOnly>
<backgroundColor>-16777216</backgroundColor>
<lineWidth>1</lineWidth>
<points>
<point x="7495" y="834"/>
<point x="2817" y="1155"/>
</points>
</Connector>
<Connector class="oracle.dbtools.crest.swingui.relational.TVFKRelation" oid="26CC6ADB-35E9-A0C2-77D1-E92A4FE2516E" otype="FKIndexAssociation" vid_source="12D6A32B-BA0E-537E-5126-A9F9780D7963" vid_target="A8E7056B-CA04-A4B6-F3F6-FB0F5BBE0B61">
<hideElementsInCurrentOnly>false</hideElementsInCurrentOnly>
<backgroundColor>-16777216</backgroundColor>
<lineWidth>1</lineWidth>
<points>
<point x="3717" y="1618"/>
<point x="3797" y="1618"/>
</points>
</Connector>
<Connector class="oracle.dbtools.crest.swingui.relational.TVFKRelation" oid="270061F1-8F46-2A4D-E66A-16033350ED7C" otype="FKIndexAssociation" vid_source="A4898C5E-816E-D81D-0CD0-B27CC5EE8305" vid_target="8EBB5F5C-6889-C32D-306C-359A566058FD">
<hideElementsInCurrentOnly>false</hideElementsInCurrentOnly>
<backgroundColor>-16777216</backgroundColor>
<lineWidth>1</lineWidth>
<points>
<point x="3027" y="1296"/>
<point x="3027" y="1236"/>
</points>
</Connector>
<Connector class="oracle.dbtools.crest.swingui.relational.TVFKRelation" oid="286C6423-C559-6F9C-A631-CD9865980582" otype="FKIndexAssociation" vid_source="628F0B03-460A-EFA0-79CD-1D3AB91B2420" vid_target="CCDF542E-CB90-2F17-6C6A-A53AA7052F68">
<hideElementsInCurrentOnly>false</hideElementsInCurrentOnly>
<backgroundColor>-16777216</backgroundColor>
<lineWidth>1</lineWidth>
<points>
<point x="4272" y="1236"/>
<point x="4272" y="1296"/>
</points>
</Connector>
<Connector class="oracle.dbtools.crest.swingui.relational.TVFKRelation" oid="2D631717-3E06-3F9A-30B9-121321FBFC9C" otype="FKIndexAssociation" vid_source="D0921469-5913-15BD-FBAC-38E838EA8ED0" vid_target="7917C4F3-A5BC-6D40-A789-B60345229BD4">
<hideElementsInCurrentOnly>false</hideElementsInCurrentOnly>
<backgroundColor>-16777216</backgroundColor>
<lineWidth>1</lineWidth>
<points>
<point x="964" y="912"/>
<point x="3403" y="1142"/>
</points>
</Connector>
<Connector class="oracle.dbtools.crest.swingui.relational.TVFKRelation" oid="330EEAFF-0C5A-2A2E-46B9-BA355AF0FC22" otype="FKIndexAssociation" vid_source="8E2F4EC2-4E1E-9FC2-2AE6-14875E998E41" vid_target="33EE964D-9226-A6A1-163D-082C6C7411AF">
<hideElementsInCurrentOnly>false</hideElementsInCurrentOnly>
<backgroundColor>-16777216</backgroundColor>
<lineWidth>1</lineWidth>
<points>
<point x="8025" y="500"/>
<point x="8025" y="441"/>
</points>
</Connector>
<Connector class="oracle.dbtools.crest.swingui.relational.TVFKRelation" oid="33271D3C-9DE7-152B-A31B-C6CA6E89266E" otype="FKIndexAssociation" vid_source="60074802-CDCD-F3AE-8346-53A95B9C09CC" vid_target="E20AB158-605C-CF29-A11A-FCC8E44C78EE">
<hideElementsInCurrentOnly>false</hideElementsInCurrentOnly>
<backgroundColor>-16777216</backgroundColor>
<lineWidth>1</lineWidth>
<points>
<point x="7612" y="584"/>
<point x="7612" y="525"/>
</points>
</Connector>
<Connector class="oracle.dbtools.crest.swingui.relational.TVFKRelation" oid="344F6CA2-EC1B-B3CA-091E-A4E66EB229EA" otype="FKIndexAssociation" vid_source="21CFA062-C32C-A50F-AFD8-8A79D9C235A8" vid_target="A552301C-2416-4CAE-7DB1-454FC407C154">
<hideElementsInCurrentOnly>false</hideElementsInCurrentOnly>
<backgroundColor>-16777216</backgroundColor>
<lineWidth>1</lineWidth>
<points>
<point x="5086" y="1410"/>
<point x="5086" y="1470"/>
</points>
</Connector>
<Connector class="oracle.dbtools.crest.swingui.relational.TVFKRelation" oid="3638F756-C3C0-50D9-05A9-6158B17F1013" otype="FKIndexAssociation" vid_source="D0921469-5913-15BD-FBAC-38E838EA8ED0" vid_target="2A43F3A5-DEE0-1C13-4623-B23AF0ECDD01">
<hideElementsInCurrentOnly>false</hideElementsInCurrentOnly>
<backgroundColor>-16777216</backgroundColor>
<lineWidth>1</lineWidth>
<points>
<point x="964" y="933"/>
<point x="1755" y="1127"/>
</points>
</Connector>
<Connector class="oracle.dbtools.crest.swingui.relational.TVFKRelation" oid="37857DB9-9717-888F-A526-5806914D2920" otype="FKIndexAssociation" vid_source="2A43F3A5-DEE0-1C13-4623-B23AF0ECDD01" vid_target="DD63332D-9A76-D3EB-A48A-104B0F5868A7">
<hideElementsInCurrentOnly>false</hideElementsInCurrentOnly>
<backgroundColor>-16777216</backgroundColor>
<lineWidth>1</lineWidth>
<points>
<point x="1755" y="1236"/>
<point x="1625" y="1296"/>
</points>
</Connector>
<Connector class="oracle.dbtools.crest.swingui.relational.TVFKRelation" oid="3E4C4688-9B0E-EDEA-6851-031947752AEA" otype="FKIndexAssociation" vid_source="8D929F1F-8A41-F99F-30A8-68E8D7AA7C1E" vid_target="73F50C51-6E3B-7E2A-A6FA-DB13EEE29C53">
<hideElementsInCurrentOnly>false</hideElementsInCurrentOnly>
<backgroundColor>-16777216</backgroundColor>
<lineWidth>1</lineWidth>
<points>
<point x="7207" y="902"/>
<point x="6858" y="1090"/>
</points>
</Connector>
<Connector class="oracle.dbtools.crest.swingui.relational.TVFKRelation" oid="45863A52-B907-517A-2B84-8A4556BAB41E" otype="FKIndexAssociation" vid_source="7B8B69F4-506E-7B20-6F1A-1CC0E1426E3F" vid_target="819A8546-73AE-72F9-D1B1-02019139D62F">
<hideElementsInCurrentOnly>false</hideElementsInCurrentOnly>
<backgroundColor>-16777216</backgroundColor>
<lineWidth>1</lineWidth>
<points>
<point x="8256" y="334"/>
<point x="668" y="122"/>
</points>
</Connector>
<Connector class="oracle.dbtools.crest.swingui.relational.TVFKRelation" oid="47B8C104-6535-0DD3-3555-342DF18FFCA9" otype="FKIndexAssociation" vid_source="BB5CA09A-DF2D-8757-5108-C3A9A8D1318C" vid_target="954CB9E4-284B-5B9A-1D24-8BD07B1EFCF6">
<hideElementsInCurrentOnly>false</hideElementsInCurrentOnly>
<backgroundColor>-16777216</backgroundColor>
<lineWidth>1</lineWidth>
<points>
<point x="6009" y="2046"/>
<point x="5525" y="2178"/>
</points>
</Connector>
<Connector class="oracle.dbtools.crest.swingui.relational.TVFKRelation" oid="48631B65-BEC1-625F-D44D-1F3C92CB6134" otype="FKIndexAssociation" vid_source="7863CAD3-2B87-6E50-F8C3-2B0BE264F4AD" vid_target="2571D662-1C13-153F-5046-F5F7E03E9200">
<hideElementsInCurrentOnly>false</hideElementsInCurrentOnly>
<backgroundColor>-16777216</backgroundColor>
<lineWidth>1</lineWidth>
<points>
<point x="1074" y="1508"/>
<point x="897" y="1666"/>
</points>
</Connector>
<Connector class="oracle.dbtools.crest.swingui.relational.TVFKRelation" oid="4A9368F0-7857-FEB9-D4A4-BBDA07290C90" otype="FKIndexAssociation" vid_source="D8D9B8A3-FCB8-4E72-F6D8-680D4FC28CC9" vid_target="7863CAD3-2B87-6E50-F8C3-2B0BE264F4AD">
<hideElementsInCurrentOnly>false</hideElementsInCurrentOnly>
<backgroundColor>-16777216</backgroundColor>
<lineWidth>1</lineWidth>
<points>
<point x="1441" y="1236"/>
<point x="1341" y="1303"/>
</points>
</Connector>
<Connector class="oracle.dbtools.crest.swingui.relational.TVFKRelation" oid="4B413D8F-E993-F1D3-5DCC-F346A4584C44" otype="FKIndexAssociation" vid_source="5B957EEB-7E43-E305-2BFB-1EE877D56D67" vid_target="64AC4659-B182-1A9B-4861-063AD6CC4CD8">
<hideElementsInCurrentOnly>false</hideElementsInCurrentOnly>
<backgroundColor>-16777216</backgroundColor>
<lineWidth>1</lineWidth>
<points>
<point x="576" y="2206"/>
<point x="496" y="2206"/>
</points>
</Connector>
<Connector class="oracle.dbtools.crest.swingui.relational.TVFKRelation" oid="4DC7A962-1414-6C02-8045-156315AD49C1" otype="FKIndexAssociation" vid_source="DA1182E1-9BD3-9E40-961B-41193E333601" vid_target="B3FFB50C-9471-D23E-D845-061763BBD666">
<hideElementsInCurrentOnly>false</hideElementsInCurrentOnly>
<backgroundColor>-16777216</backgroundColor>
<lineWidth>1</lineWidth>
<points>
<point x="4725" y="1208"/>
<point x="4725" y="1268"/>
</points>
</Connector>
<Connector class="oracle.dbtools.crest.swingui.relational.TVFKRelation" oid="4F46F375-8D3E-66A7-C0B5-B97792E8FEC7" otype="FKIndexAssociation" vid_source="05C4BCFE-D293-C7FE-52B5-26146924CFD7" vid_target="F856039C-51EA-65EA-75B1-26904A8423AC">
<hideElementsInCurrentOnly>false</hideElementsInCurrentOnly>
<backgroundColor>-16777216</backgroundColor>
<lineWidth>1</lineWidth>
<points>
<point x="6547" y="864"/>
<point x="6547" y="804"/>
</points>
</Connector>
<Connector class="oracle.dbtools.crest.swingui.relational.TVFKRelation" oid="50943A00-16A7-A2C4-7058-363158A5D696" otype="FKIndexAssociation" vid_source="B8B1DDA6-F532-EA51-DC44-6A6D4E3D6437" vid_target="495E4304-A7AF-CC9E-19BF-DF859638EC92">
<hideElementsInCurrentOnly>false</hideElementsInCurrentOnly>
<backgroundColor>-16777216</backgroundColor>
<lineWidth>1</lineWidth>
<points>
<point x="7687" y="1069"/>
<point x="7687" y="1264"/>
</points>
</Connector>
<Connector class="oracle.dbtools.crest.swingui.relational.TVFKRelation" oid="51F03523-9560-258D-2A9E-C1A12036FCB8" otype="FKIndexAssociation" vid_source="14BD9FF1-5510-4DE9-0425-8EBA753624EA" vid_target="7E0CF027-EF85-66A4-AAE3-0DBA1EF23962">
<hideElementsInCurrentOnly>false</hideElementsInCurrentOnly>
<backgroundColor>-16777216</backgroundColor>
<lineWidth>1</lineWidth>
<points>
<point x="6114" y="1010"/>
<point x="6114" y="950"/>
</points>
</Connector>
<Connector class="oracle.dbtools.crest.swingui.relational.TVFKRelation" oid="54DE9A15-DF43-FFCB-EAE1-9664D1713E2B" otype="FKIndexAssociation" vid_source="23A74D74-EB44-C135-AA3D-4A646EE07594" vid_target="954CB9E4-284B-5B9A-1D24-8BD07B1EFCF6">
<hideElementsInCurrentOnly>false</hideElementsInCurrentOnly>
<backgroundColor>-16777216</backgroundColor>
<lineWidth>1</lineWidth>
<points>
<point x="5605" y="2225"/>
<point x="5525" y="2225"/>
</points>
</Connector>
<Connector class="oracle.dbtools.crest.swingui.relational.TVFKRelation" oid="56D71BEA-5A3C-2CAD-E865-511C8E3C43EA" otype="FKIndexAssociation" vid_source="D0921469-5913-15BD-FBAC-38E838EA8ED0" vid_target="E6ECB187-B971-7A7C-EA14-11C097A7A15A">
<hideElementsInCurrentOnly>false</hideElementsInCurrentOnly>
<backgroundColor>-16777216</backgroundColor>
<lineWidth>1</lineWidth>
<points>
<point x="681" y="982"/>
<point x="337" y="1185"/>
</points>
</Connector>
<Connector class="oracle.dbtools.crest.swingui.relational.TVFKRelation" oid="5B09CF4E-A1BE-F1CF-E426-B8AFEDFD63B9" otype="FKIndexAssociation" vid_source="628F0B03-460A-EFA0-79CD-1D3AB91B2420" vid_target="D8D9B8A3-FCB8-4E72-F6D8-680D4FC28CC9">
<hideElementsInCurrentOnly>false</hideElementsInCurrentOnly>
<backgroundColor>-16777216</backgroundColor>
<lineWidth>1</lineWidth>
<points>
<point x="4123" y="1165"/>
<point x="1675" y="1165"/>
</points>
</Connector>
<Connector class="oracle.dbtools.crest.swingui.relational.TVFKRelation" oid="638584A1-A8A2-F48B-56D4-E6F76B6AEF57" otype="FKIndexAssociation" vid_source="A825BC78-DFDB-7C9B-4AA4-6A4D71B22EEF" vid_target="73F50C51-6E3B-7E2A-A6FA-DB13EEE29C53">
<hideElementsInCurrentOnly>false</hideElementsInCurrentOnly>
<backgroundColor>-16777216</backgroundColor>
<lineWidth>1</lineWidth>
<points>
<point x="6650" y="1338"/>
<point x="6650" y="1260"/>
</points>
</Connector>
<Connector class="oracle.dbtools.crest.swingui.relational.TVFKRelation" oid="640B90DC-8D7F-B2A2-4169-F2307C386844" otype="FKIndexAssociation" vid_source="13D56F47-3491-F277-8EAE-80AD6F38A2B6" vid_target="819A8546-73AE-72F9-D1B1-02019139D62F">
<hideElementsInCurrentOnly>false</hideElementsInCurrentOnly>
<backgroundColor>-16777216</backgroundColor>
<lineWidth>1</lineWidth>
<points>
<point x="748" y="74"/>
<point x="668" y="74"/>
</points>
</Connector>
<Connector class="oracle.dbtools.crest.swingui.relational.TVFKRelation" oid="6B9AFBCE-678D-3F17-B348-F2D3108A12E5" otype="FKIndexAssociation" vid_source="C97C4341-14E5-6CB2-F306-C2AAF98386A7" vid_target="BB5CA09A-DF2D-8757-5108-C3A9A8D1318C">
<hideElementsInCurrentOnly>false</hideElementsInCurrentOnly>
<backgroundColor>-16777216</backgroundColor>
<lineWidth>1</lineWidth>
<points>
<point x="6166" y="2140"/>
<point x="6166" y="2080"/>
</points>
</Connector>
<Connector class="oracle.dbtools.crest.swingui.relational.TVFKRelation" oid="6E3DA59F-D065-AD06-2D4F-E4F79F93FC7B" otype="FKIndexAssociation" vid_source="A825BC78-DFDB-7C9B-4AA4-6A4D71B22EEF" vid_target="61F03A92-738F-419F-642E-8351EF3DCF90">
<hideElementsInCurrentOnly>false</hideElementsInCurrentOnly>
<backgroundColor>-16777216</backgroundColor>
<lineWidth>1</lineWidth>
<points>
<point x="6774" y="1500"/>
<point x="6854" y="1549"/>
</points>
</Connector>
<Connector class="oracle.dbtools.crest.swingui.relational.TVFKRelation" oid="7287EE49-41D8-0561-25C5-92DC55C34A23" otype="FKIndexAssociation" vid_source="D0921469-5913-15BD-FBAC-38E838EA8ED0" vid_target="3E619430-9167-5115-D267-C4F89F369EDF">
<hideElementsInCurrentOnly>false</hideElementsInCurrentOnly>
<backgroundColor>-16777216</backgroundColor>
<lineWidth>1</lineWidth>
<points>
<point x="964" y="907"/>
<point x="5028" y="1142"/>
</points>
</Connector>
<Connector class="oracle.dbtools.crest.swingui.relational.TVFKRelation" oid="7A3E33B2-D8C1-7F59-89E9-C8DF2308DDEB" otype="FKIndexAssociation" vid_source="3E619430-9167-5115-D267-C4F89F369EDF" vid_target="21CFA062-C32C-A50F-AFD8-8A79D9C235A8">
<hideElementsInCurrentOnly>false</hideElementsInCurrentOnly>
<backgroundColor>-16777216</backgroundColor>
<lineWidth>1</lineWidth>
<points>
<point x="5176" y="1208"/>
<point x="5176" y="1268"/>
</points>
</Connector>
<Connector class="oracle.dbtools.crest.swingui.relational.TVFKRelation" oid="7A5E4ECB-FFCE-5609-0FC3-394AF9C3E6E2" otype="FKIndexAssociation" vid_source="596ABA1F-760B-E042-71FD-D26BCF9315B5" vid_target="819A8546-73AE-72F9-D1B1-02019139D62F">
<hideElementsInCurrentOnly>false</hideElementsInCurrentOnly>
<backgroundColor>-16777216</backgroundColor>
<lineWidth>1</lineWidth>
<points>
<point x="520" y="278"/>
<point x="520" y="218"/>
</points>
</Connector>
<Connector class="oracle.dbtools.crest.swingui.relational.TVFKRelation" oid="7B176BF0-3FD8-83E0-2D8D-EDA01213F9A2" otype="FKIndexAssociation" vid_source="8B937EA5-98C3-BA13-E97B-ED46F13BD458" vid_target="4FF3325C-5669-16CE-A460-B22078E3AEE6">
<hideElementsInCurrentOnly>false</hideElementsInCurrentOnly>
<backgroundColor>-16777216</backgroundColor>
<lineWidth>1</lineWidth>
<points>
<point x="6401" y="1648"/>
<point x="6401" y="1708"/>
</points>
</Connector>
<Connector class="oracle.dbtools.crest.swingui.relational.TVFKRelation" oid="7BB01BC5-89E1-7400-B63C-2F8C0A898B46" otype="FKIndexAssociation" vid_source="7E0CF027-EF85-66A4-AAE3-0DBA1EF23962" vid_target="C03E618E-FFE3-E1E6-A99E-137158221798">
<hideElementsInCurrentOnly>false</hideElementsInCurrentOnly>
<backgroundColor>-16777216</backgroundColor>
<lineWidth>1</lineWidth>
<points>
<point x="5971" y="849"/>
<point x="689" y="598"/>
</points>
</Connector>
<Connector class="oracle.dbtools.crest.swingui.relational.TVFKRelation" oid="7CD986BA-0BA3-A88A-1DF9-2BF8D291D633" otype="FKIndexAssociation" vid_source="21CFA062-C32C-A50F-AFD8-8A79D9C235A8" vid_target="D0A17C57-F599-6206-9AD4-E2F3B87DE057">
<hideElementsInCurrentOnly>false</hideElementsInCurrentOnly>
<backgroundColor>-16777216</backgroundColor>
<lineWidth>1</lineWidth>
<points>
<point x="5280" y="1410"/>
<point x="5280" y="1470"/>
</points>
</Connector>
<Connector class="oracle.dbtools.crest.swingui.relational.TVFKRelation" oid="80B07241-8DE0-D050-CC19-4B8D753C4F5C" otype="FKIndexAssociation" vid_source="D0921469-5913-15BD-FBAC-38E838EA8ED0" vid_target="2F0CD990-63A8-3759-72A7-B5BBD5087521">
<hideElementsInCurrentOnly>false</hideElementsInCurrentOnly>
<backgroundColor>-16777216</backgroundColor>
<lineWidth>1</lineWidth>
<points>
<point x="822" y="1033"/>
<point x="822" y="1094"/>
</points>
</Connector>
<Connector class="oracle.dbtools.crest.swingui.relational.TVFKRelation" oid="81B5717E-DD69-FE68-40C5-6A0085D71334" otype="FKIndexAssociation" vid_source="4DA58666-DE39-0033-4986-F8245671FD32" vid_target="5629F513-6D65-4161-68BC-FCDA95328C94">
<hideElementsInCurrentOnly>false</hideElementsInCurrentOnly>
<backgroundColor>-16777216</backgroundColor>
<lineWidth>1</lineWidth>
<points>
<point x="772" y="1498"/>
<point x="772" y="1438"/>
</points>
</Connector>
<Connector class="oracle.dbtools.crest.swingui.relational.TVFKRelation" oid="851B4C47-A772-C510-0F07-53B11318BC59" otype="FKIndexAssociation" vid_source="5EDD0DB6-F010-0176-A28D-35A4E08BF8BE" vid_target="C97C4341-14E5-6CB2-F306-C2AAF98386A7">
<hideElementsInCurrentOnly>false</hideElementsInCurrentOnly>
<backgroundColor>-16777216</backgroundColor>
<lineWidth>1</lineWidth>
<points>
<point x="3659" y="1427"/>
<point x="6010" y="2149"/>
</points>
</Connector>
<Connector class="oracle.dbtools.crest.swingui.relational.TVFKRelation" oid="861EF91B-6E5B-A177-07DA-7DFC747315D2" otype="FKIndexAssociation" vid_source="D0921469-5913-15BD-FBAC-38E838EA8ED0" vid_target="59BEFB3A-1F52-C128-3020-12EF2AD987FF">
<hideElementsInCurrentOnly>false</hideElementsInCurrentOnly>
<backgroundColor>-16777216</backgroundColor>
<lineWidth>1</lineWidth>
<points>
<point x="964" y="919"/>
<point x="2533" y="1144"/>
</points>
</Connector>
<Connector class="oracle.dbtools.crest.swingui.relational.TVFKRelation" oid="8627F047-19D3-CC28-78BE-DAC031154B9C" otype="FKIndexAssociation" vid_source="D0921469-5913-15BD-FBAC-38E838EA8ED0" vid_target="E20AB158-605C-CF29-A11A-FCC8E44C78EE">
<hideElementsInCurrentOnly>false</hideElementsInCurrentOnly>
<backgroundColor>-16777216</backgroundColor>
<lineWidth>1</lineWidth>
<points>
<point x="964" y="888"/>
<point x="7494" y="415"/>
</points>
</Connector>
<Connector class="oracle.dbtools.crest.swingui.relational.TVFKRelation" oid="8635B61E-A99A-CAA9-5E6A-958571F43074" otype="FKIndexAssociation" vid_source="F856039C-51EA-65EA-75B1-26904A8423AC" vid_target="C03E618E-FFE3-E1E6-A99E-137158221798">
<hideElementsInCurrentOnly>false</hideElementsInCurrentOnly>
<backgroundColor>-16777216</backgroundColor>
<lineWidth>1</lineWidth>
<points>
<point x="6411" y="622"/>
<point x="689" y="622"/>
</points>
</Connector>
<Connector class="oracle.dbtools.crest.swingui.relational.TVFKRelation" oid="8877F3B8-7B53-8FE6-A015-C431208F5CC8" otype="FKIndexAssociation" vid_source="D0921469-5913-15BD-FBAC-38E838EA8ED0" vid_target="A82D9C8A-8F8F-BE8E-000F-124A35AA7764">
<hideElementsInCurrentOnly>false</hideElementsInCurrentOnly>
<backgroundColor>-16777216</backgroundColor>
<lineWidth>1</lineWidth>
<points>
<point x="964" y="927"/>
<point x="2155" y="1163"/>
</points>
</Connector>
<Connector class="oracle.dbtools.crest.swingui.relational.TVFKRelation" oid="8C660926-F613-C37C-6B9A-7EC4E13F3F2E" otype="FKIndexAssociation" vid_source="61840EBA-B7C6-4284-4B5F-62A8A27DC257" vid_target="D0921469-5913-15BD-FBAC-38E838EA8ED0">
<hideElementsInCurrentOnly>false</hideElementsInCurrentOnly>
<backgroundColor>-16777216</backgroundColor>
<lineWidth>1</lineWidth>
<points>
<point x="225" y="1373"/>
<point x="681" y="996"/>
</points>
</Connector>
<Connector class="oracle.dbtools.crest.swingui.relational.TVFKRelation" oid="977A0266-8963-9F54-D2B0-C5FEF62EBF14" otype="FKIndexAssociation" vid_source="21CFA062-C32C-A50F-AFD8-8A79D9C235A8" vid_target="1D988321-07D9-BA41-AB30-3111ADA1CFBE">
<hideElementsInCurrentOnly>false</hideElementsInCurrentOnly>
<backgroundColor>-16777216</backgroundColor>
<lineWidth>1</lineWidth>
<points>
<point x="5337" y="1407"/>
<point x="6473" y="1910"/>
</points>
</Connector>
<Connector class="oracle.dbtools.crest.swingui.relational.TVFKRelation" oid="9A440E62-F416-3E10-6C5A-28A714D0AF58" otype="FKIndexAssociation" vid_source="D39C1F4F-3D1A-CF01-A68E-4ADAEDBAD738" vid_target="B9DF0438-0E32-0A5B-7940-272FCCB61F5D">
<hideElementsInCurrentOnly>false</hideElementsInCurrentOnly>
<backgroundColor>-16777216</backgroundColor>
<lineWidth>1</lineWidth>
<points>
<point x="158" y="1004"/>
<point x="158" y="944"/>
</points>
</Connector>
<Connector class="oracle.dbtools.crest.swingui.relational.TVFKRelation" oid="9F9CFA39-5667-73F2-C3C9-304E2C3B22C3" otype="FKIndexAssociation" vid_source="C087FC13-1E7B-8575-A5E0-37809B525B59" vid_target="495E4304-A7AF-CC9E-19BF-DF859638EC92">
<hideElementsInCurrentOnly>false</hideElementsInCurrentOnly>
<backgroundColor>-16777216</backgroundColor>
<lineWidth>1</lineWidth>
<points>
<point x="7418" y="1116"/>
<point x="7675" y="1264"/>
</points>
</Connector>
<Connector class="oracle.dbtools.crest.swingui.relational.TVFKRelation" oid="A5657CF3-C2BF-00A5-4721-5583252717BC" otype="FKIndexAssociation" vid_source="5EDD0DB6-F010-0176-A28D-35A4E08BF8BE" vid_target="7917C4F3-A5BC-6D40-A789-B60345229BD4">
<hideElementsInCurrentOnly>false</hideElementsInCurrentOnly>
<backgroundColor>-16777216</backgroundColor>
<lineWidth>1</lineWidth>
<points>
<point x="3531" y="1282"/>
<point x="3531" y="1222"/>
</points>
</Connector>
<Connector class="oracle.dbtools.crest.swingui.relational.TVFKRelation" oid="A9FB7650-4A55-2CFD-ABAE-EBF354D71151" otype="FKIndexAssociation" vid_source="D727BD77-0013-B2F4-C94B-3E187442E2ED" vid_target="AA4032A1-2549-0273-9377-567C0780FD22">
<hideElementsInCurrentOnly>false</hideElementsInCurrentOnly>
<backgroundColor>-16777216</backgroundColor>
<lineWidth>1</lineWidth>
<points>
<point x="1193" y="2330"/>
<point x="1193" y="2271"/>
</points>
</Connector>
<Connector class="oracle.dbtools.crest.swingui.relational.TVFKRelation" oid="AAB94572-AE90-CD22-EF57-217FC021958F" otype="FKIndexAssociation" vid_source="D0921469-5913-15BD-FBAC-38E838EA8ED0" vid_target="628F0B03-460A-EFA0-79CD-1D3AB91B2420">
<hideElementsInCurrentOnly>false</hideElementsInCurrentOnly>
<backgroundColor>-16777216</backgroundColor>
<lineWidth>1</lineWidth>
<points>
<point x="964" y="909"/>
<point x="4123" y="1153"/>
</points>
</Connector>
<Connector class="oracle.dbtools.crest.swingui.relational.TVFKRelation" oid="AD5DE0A5-E00F-E91B-558B-59FD8C34D763" otype="FKIndexAssociation" vid_source="7AC791CB-1469-6BE4-FADA-A41B04CE5E67" vid_target="C087FC13-1E7B-8575-A5E0-37809B525B59">
<hideElementsInCurrentOnly>false</hideElementsInCurrentOnly>
<backgroundColor>-16777216</backgroundColor>
<lineWidth>1</lineWidth>
<points>
<point x="7347" y="1393"/>
<point x="7347" y="1116"/>
</points>
</Connector>
<Connector class="oracle.dbtools.crest.swingui.relational.TVFKRelation" oid="B1FF8898-2CD7-379E-EFAC-EA30A6C37FA4" otype="FKIndexAssociation" vid_source="04C21DF2-483D-B981-8FF9-7E6D95B3566D" vid_target="60074802-CDCD-F3AE-8346-53A95B9C09CC">
<hideElementsInCurrentOnly>false</hideElementsInCurrentOnly>
<backgroundColor>-16777216</backgroundColor>
<lineWidth>1</lineWidth>
<points>
<point x="7612" y="772"/>
<point x="7612" y="713"/>
</points>
</Connector>
<Connector class="oracle.dbtools.crest.swingui.relational.TVFKRelation" oid="B21537D9-030D-CF36-688E-55C6745145F1" otype="FKIndexAssociation" vid_source="B87155FC-FD8E-053A-E388-CD25AF6D08AB" vid_target="7863CAD3-2B87-6E50-F8C3-2B0BE264F4AD">
<hideElementsInCurrentOnly>false</hideElementsInCurrentOnly>
<backgroundColor>-16777216</backgroundColor>
<lineWidth>1</lineWidth>
<points>
<point x="1162" y="1568"/>
<point x="1162" y="1508"/>
</points>
</Connector>
<Connector class="oracle.dbtools.crest.swingui.relational.TVFKRelation" oid="B3AC9361-325C-A195-AE9C-5DF02F5EBD6C" otype="FKIndexAssociation" vid_source="A8E7056B-CA04-A4B6-F3F6-FB0F5BBE0B61" vid_target="5EDD0DB6-F010-0176-A28D-35A4E08BF8BE">
<hideElementsInCurrentOnly>false</hideElementsInCurrentOnly>
<backgroundColor>-16777216</backgroundColor>
<lineWidth>1</lineWidth>
<points>
<point x="3811" y="1554"/>
<point x="3659" y="1463"/>
</points>
</Connector>
<Connector class="oracle.dbtools.crest.swingui.relational.TVFKRelation" oid="B657F40B-5BA0-F3D3-E378-17B9B1DAD6E7" otype="FKIndexAssociation" vid_source="8B5049D8-B153-37AA-17FF-100BF109C84A" vid_target="DF2FE66B-370E-003D-C1F4-D9EC53CF10B8">
<hideElementsInCurrentOnly>false</hideElementsInCurrentOnly>
<backgroundColor>-16777216</backgroundColor>
<lineWidth>1</lineWidth>
<points>
<point x="296" y="2588"/>
<point x="296" y="2529"/>
</points>
</Connector>
<Connector class="oracle.dbtools.crest.swingui.relational.TVFKRelation" oid="B67A6024-B022-2C0F-E2E5-EC4550C5D340" otype="FKIndexAssociation" vid_source="F828668A-39EE-705B-7FA7-5C1BAC4AE4BC" vid_target="2571D662-1C13-153F-5046-F5F7E03E9200">
<hideElementsInCurrentOnly>false</hideElementsInCurrentOnly>
<backgroundColor>-16777216</backgroundColor>
<lineWidth>1</lineWidth>
<points>
<point x="765" y="1932"/>
<point x="765" y="1864"/>
</points>
</Connector>
<Connector class="oracle.dbtools.crest.swingui.relational.TVFKRelation" oid="B79CBBD4-8051-5BA7-0032-6C9D25A6FF65" otype="FKIndexAssociation" vid_source="7E0CF027-EF85-66A4-AAE3-0DBA1EF23962" vid_target="6CCB3F2B-A60D-D85E-32D6-08CCA02876BF">
<hideElementsInCurrentOnly>false</hideElementsInCurrentOnly>
<backgroundColor>-16777216</backgroundColor>
<lineWidth>1</lineWidth>
<points>
<point x="5996" y="950"/>
<point x="5891" y="1013"/>
</points>
</Connector>
<Connector class="oracle.dbtools.crest.swingui.relational.TVFKRelation" oid="B895F128-E32C-DBF5-4750-C3E641120D1A" otype="FKIndexAssociation" vid_source="74B92C19-4CDC-A2F1-3E3E-AEAAE08B8ADE" vid_target="23A74D74-EB44-C135-AA3D-4A646EE07594">
<hideElementsInCurrentOnly>false</hideElementsInCurrentOnly>
<backgroundColor>-16777216</backgroundColor>
<lineWidth>1</lineWidth>
<points>
<point x="5735" y="2370"/>
<point x="5735" y="2310"/>
</points>
</Connector>
<Connector class="oracle.dbtools.crest.swingui.relational.TVFKRelation" oid="BBC1C073-E8DA-FE35-DD0B-C8564B28E5EE" otype="FKIndexAssociation" vid_source="7F580B2E-6DD1-46E3-E1F2-31439F9D92C7" vid_target="5B957EEB-7E43-E305-2BFB-1EE877D56D67">
<hideElementsInCurrentOnly>false</hideElementsInCurrentOnly>
<backgroundColor>-16777216</backgroundColor>
<lineWidth>1</lineWidth>
<points>
<point x="700" y="2330"/>
<point x="700" y="2271"/>
</points>
</Connector>
<Connector class="oracle.dbtools.crest.swingui.relational.TVFKRelation" oid="BC3ADBA1-8DBE-043F-EA60-A40664D2B5FE" otype="FKIndexAssociation" vid_source="04C21DF2-483D-B981-8FF9-7E6D95B3566D" vid_target="B8B1DDA6-F532-EA51-DC44-6A6D4E3D6437">
<hideElementsInCurrentOnly>false</hideElementsInCurrentOnly>
<backgroundColor>-16777216</backgroundColor>
<lineWidth>1</lineWidth>
<points>
<point x="7615" y="881"/>
<point x="7615" y="940"/>
</points>
</Connector>
<Connector class="oracle.dbtools.crest.swingui.relational.TVFKRelation" oid="C3DD0103-553D-130A-ADBF-767CF11FAAE4" otype="FKIndexAssociation" vid_source="DB820B4F-97FF-65B6-DDE0-E7B7C277BDCE" vid_target="954CB9E4-284B-5B9A-1D24-8BD07B1EFCF6">
<hideElementsInCurrentOnly>false</hideElementsInCurrentOnly>
<backgroundColor>-16777216</backgroundColor>
<lineWidth>1</lineWidth>
<points>
<point x="5298" y="2370"/>
<point x="5298" y="2310"/>
</points>
</Connector>
<Connector class="oracle.dbtools.crest.swingui.relational.TVFKRelation" oid="C41A4E19-CF5E-A34B-DFAC-FA30F53B5A80" otype="FKIndexAssociation" vid_source="A1E822D4-7E6B-2411-39B9-D0054C89F631" vid_target="A82D9C8A-8F8F-BE8E-000F-124A35AA7764">
<hideElementsInCurrentOnly>false</hideElementsInCurrentOnly>
<backgroundColor>-16777216</backgroundColor>
<lineWidth>1</lineWidth>
<points>
<point x="2295" y="1352"/>
<point x="2295" y="1292"/>
</points>
</Connector>
<Connector class="oracle.dbtools.crest.swingui.relational.TVFKRelation" oid="C6AFE88D-0133-B8CE-058B-40E646430120" otype="FKIndexAssociation" vid_source="24A4AB14-D888-EABE-5E34-FAE65DAEAEA4" vid_target="71F39F90-9745-67E5-B84C-BB1FAE817803">
<hideElementsInCurrentOnly>false</hideElementsInCurrentOnly>
<backgroundColor>-16777216</backgroundColor>
<lineWidth>1</lineWidth>
<points>
<point x="6900" y="650"/>
<point x="6900" y="710"/>
</points>
</Connector>
<Connector class="oracle.dbtools.crest.swingui.relational.TVFKRelation" oid="C6C6E5D0-4B2E-22C3-9459-1132960CE5BD" otype="FKIndexAssociation" vid_source="1D988321-07D9-BA41-AB30-3111ADA1CFBE" vid_target="BB5CA09A-DF2D-8757-5108-C3A9A8D1318C">
<hideElementsInCurrentOnly>false</hideElementsInCurrentOnly>
<backgroundColor>-16777216</backgroundColor>
<lineWidth>1</lineWidth>
<points>
<point x="6464" y="1967"/>
<point x="6384" y="1967"/>
</points>
</Connector>
<Connector class="oracle.dbtools.crest.swingui.relational.TVFKRelation" oid="C96E7E90-0C0E-FCB6-1441-AED2302D9661" otype="FKIndexAssociation" vid_source="D0921469-5913-15BD-FBAC-38E838EA8ED0" vid_target="8EBB5F5C-6889-C32D-306C-359A566058FD">
<hideElementsInCurrentOnly>false</hideElementsInCurrentOnly>
<backgroundColor>-16777216</backgroundColor>
<lineWidth>1</lineWidth>
<points>
<point x="964" y="915"/>
<point x="2897" y="1147"/>
</points>
</Connector>
<Connector class="oracle.dbtools.crest.swingui.relational.TVFKRelation" oid="C9D35BB9-6367-D848-31F2-461E1DB55B48" otype="FKIndexAssociation" vid_source="33EE964D-9226-A6A1-163D-082C6C7411AF" vid_target="E20AB158-605C-CF29-A11A-FCC8E44C78EE">
<hideElementsInCurrentOnly>false</hideElementsInCurrentOnly>
<backgroundColor>-16777216</backgroundColor>
<lineWidth>1</lineWidth>
<points>
<point x="7897" y="362"/>
<point x="7784" y="362"/>
</points>
</Connector>
<Connector class="oracle.dbtools.crest.swingui.relational.TVFKRelation" oid="CB922BCA-EC6F-E744-AF68-790318B166CC" otype="FKIndexAssociation" vid_source="DF2FE66B-370E-003D-C1F4-D9EC53CF10B8" vid_target="64AC4659-B182-1A9B-4861-063AD6CC4CD8">
<hideElementsInCurrentOnly>false</hideElementsInCurrentOnly>
<backgroundColor>-16777216</backgroundColor>
<lineWidth>1</lineWidth>
<points>
<point x="331" y="2358"/>
<point x="331" y="2299"/>
</points>
</Connector>
<Connector class="oracle.dbtools.crest.swingui.relational.TVFKRelation" oid="D0C278B8-E132-3B0D-88FE-2459B37DDEAA" otype="FKIndexAssociation" vid_source="12D6A32B-BA0E-537E-5126-A9F9780D7963" vid_target="5EDD0DB6-F010-0176-A28D-35A4E08BF8BE">
<hideElementsInCurrentOnly>false</hideElementsInCurrentOnly>
<backgroundColor>-16777216</backgroundColor>
<lineWidth>1</lineWidth>
<points>
<point x="3531" y="1554"/>
<point x="3531" y="1494"/>
</points>
</Connector>
<Connector class="oracle.dbtools.crest.swingui.relational.TVFKRelation" oid="D0D6E792-9771-278F-FCEE-6FC8C910DC88" otype="FKIndexAssociation" vid_source="BB5CA09A-DF2D-8757-5108-C3A9A8D1318C" vid_target="23A74D74-EB44-C135-AA3D-4A646EE07594">
<hideElementsInCurrentOnly>false</hideElementsInCurrentOnly>
<backgroundColor>-16777216</backgroundColor>
<lineWidth>1</lineWidth>
<points>
<point x="6037" y="2080"/>
<point x="5925" y="2140"/>
</points>
</Connector>
<Connector class="oracle.dbtools.crest.swingui.relational.TVFKRelation" oid="D28E9C1C-5131-C23E-C895-6421A72185B1" otype="FKIndexAssociation" vid_source="C087FC13-1E7B-8575-A5E0-37809B525B59" vid_target="8D929F1F-8A41-F99F-30A8-68E8D7AA7C1E">
<hideElementsInCurrentOnly>false</hideElementsInCurrentOnly>
<backgroundColor>-16777216</backgroundColor>
<lineWidth>1</lineWidth>
<points>
<point x="7335" y="974"/>
<point x="7335" y="909"/>
</points>
</Connector>
<Connector class="oracle.dbtools.crest.swingui.relational.TVFKRelation" oid="D47F4DEB-9793-A87D-A8F5-68A28442D95B" otype="FKIndexAssociation" vid_source="5629F513-6D65-4161-68BC-FCDA95328C94" vid_target="2F0CD990-63A8-3759-72A7-B5BBD5087521">
<hideElementsInCurrentOnly>false</hideElementsInCurrentOnly>
<backgroundColor>-16777216</backgroundColor>
<lineWidth>1</lineWidth>
<points>
<point x="790" y="1324"/>
<point x="790" y="1264"/>
</points>
</Connector>
<Connector class="oracle.dbtools.crest.swingui.relational.TVFKRelation" oid="D4EC3A09-2A98-3595-8AD6-26511F0B76AD" otype="FKIndexAssociation" vid_source="A825BC78-DFDB-7C9B-4AA4-6A4D71B22EEF" vid_target="8B937EA5-98C3-BA13-E97B-ED46F13BD458">
<hideElementsInCurrentOnly>false</hideElementsInCurrentOnly>
<backgroundColor>-16777216</backgroundColor>
<lineWidth>1</lineWidth>
<points>
<point x="6527" y="1483"/>
<point x="6454" y="1483"/>
</points>
</Connector>
<Connector class="oracle.dbtools.crest.swingui.relational.TVFKRelation" oid="D5F24D47-416C-BCF2-3434-728B61DBB04D" otype="FKIndexAssociation" vid_source="3797AD3B-4BF7-217E-664C-4A4E60D64662" vid_target="2F0CD990-63A8-3759-72A7-B5BBD5087521">
<hideElementsInCurrentOnly>false</hideElementsInCurrentOnly>
<backgroundColor>-16777216</backgroundColor>
<lineWidth>1</lineWidth>
<points>
<point x="1064" y="1169"/>
<point x="984" y="1169"/>
</points>
</Connector>
<Connector class="oracle.dbtools.crest.swingui.relational.TVFKRelation" oid="D89E0B4B-DB39-E432-820D-AC05B884DE49" otype="FKIndexAssociation" vid_source="E20AB158-605C-CF29-A11A-FCC8E44C78EE" vid_target="596ABA1F-760B-E042-71FD-D26BCF9315B5">
<hideElementsInCurrentOnly>false</hideElementsInCurrentOnly>
<backgroundColor>-16777216</backgroundColor>
<lineWidth>1</lineWidth>
<points>
<point x="7494" y="366"/>
<point x="650" y="366"/>
</points>
</Connector>
<Connector class="oracle.dbtools.crest.swingui.relational.TVFKRelation" oid="DB1E367E-1DB9-BB37-BB00-B57FEB2291E6" otype="FKIndexAssociation" vid_source="80478D92-4EBB-6A26-37D4-36577E30C0E5" vid_target="71F39F90-9745-67E5-B84C-BB1FAE817803">
<hideElementsInCurrentOnly>false</hideElementsInCurrentOnly>
<backgroundColor>-16777216</backgroundColor>
<lineWidth>1</lineWidth>
<points>
<point x="6918" y="912"/>
<point x="6918" y="852"/>
</points>
</Connector>
<Connector class="oracle.dbtools.crest.swingui.relational.TVFKRelation" oid="DDF4F005-2008-4726-3A37-E4F5549F25A2" otype="FKIndexAssociation" vid_source="C087FC13-1E7B-8575-A5E0-37809B525B59" vid_target="647584B7-812F-15C5-F56A-6E89AD579395">
<hideElementsInCurrentOnly>false</hideElementsInCurrentOnly>
<backgroundColor>-16777216</backgroundColor>
<lineWidth>1</lineWidth>
<points>
<point x="7166" y="1116"/>
<point x="7166" y="1281"/>
</points>
</Connector>
<Connector class="oracle.dbtools.crest.swingui.relational.TVFKRelation" oid="DE9D92DC-280D-6871-1969-4C5D1EE7F437" otype="FKIndexAssociation" vid_source="D0921469-5913-15BD-FBAC-38E838EA8ED0" vid_target="D39C1F4F-3D1A-CF01-A68E-4ADAEDBAD738">
<hideElementsInCurrentOnly>false</hideElementsInCurrentOnly>
<backgroundColor>-16777216</backgroundColor>
<lineWidth>1</lineWidth>
<points>
<point x="681" y="1018"/>
<point x="296" y="1018"/>
</points>
</Connector>
<Connector class="oracle.dbtools.crest.swingui.relational.TVFKRelation" oid="E03EBCAF-F828-ADBD-4E44-A75185BF9AC1" otype="FKIndexAssociation" vid_source="60074802-CDCD-F3AE-8346-53A95B9C09CC" vid_target="D39C1F4F-3D1A-CF01-A68E-4ADAEDBAD738">
<hideElementsInCurrentOnly>false</hideElementsInCurrentOnly>
<backgroundColor>-16777216</backgroundColor>
<lineWidth>1</lineWidth>
<points>
<point x="7494" y="655"/>
<point x="296" y="1073"/>
</points>
</Connector>
<Connector class="oracle.dbtools.crest.swingui.relational.TVFKRelation" oid="E4D0FB6B-1AC7-AFCB-E024-186606DBC2CB" otype="FKIndexAssociation" vid_source="1316FD85-7DDD-702F-D8F2-48F475786EC2" vid_target="12D6A32B-BA0E-537E-5126-A9F9780D7963">
<hideElementsInCurrentOnly>false</hideElementsInCurrentOnly>
<backgroundColor>-16777216</backgroundColor>
<lineWidth>1</lineWidth>
<points>
<point x="3539" y="1770"/>
<point x="3539" y="1710"/>
</points>
</Connector>
<Connector class="oracle.dbtools.crest.swingui.relational.TVFKRelation" oid="E5FE12EF-464B-1AA7-5DD3-CF3B71F76785" otype="FKIndexAssociation" vid_source="D0921469-5913-15BD-FBAC-38E838EA8ED0" vid_target="D8D9B8A3-FCB8-4E72-F6D8-680D4FC28CC9">
<hideElementsInCurrentOnly>false</hideElementsInCurrentOnly>
<backgroundColor>-16777216</backgroundColor>
<lineWidth>1</lineWidth>
<points>
<point x="964" y="950"/>
<point x="1421" y="1118"/>
</points>
</Connector>
<Connector class="oracle.dbtools.crest.swingui.relational.TVFKRelation" oid="E9FFBA99-67DA-9097-7CF7-728C639641CA" otype="FKIndexAssociation" vid_source="D0921469-5913-15BD-FBAC-38E838EA8ED0" vid_target="24A4AB14-D888-EABE-5E34-FAE65DAEAEA4">
<hideElementsInCurrentOnly>false</hideElementsInCurrentOnly>
<backgroundColor>-16777216</backgroundColor>
<lineWidth>1</lineWidth>
<points>
<point x="964" y="891"/>
<point x="6787" y="569"/>
</points>
</Connector>
<Connector class="oracle.dbtools.crest.swingui.relational.TVFKRelation" oid="EB39E581-8FD7-A5C3-45C2-D1E0222A558C" otype="FKIndexAssociation" vid_source="D0921469-5913-15BD-FBAC-38E838EA8ED0" vid_target="DA1182E1-9BD3-9E40-961B-41193E333601">
<hideElementsInCurrentOnly>false</hideElementsInCurrentOnly>
<backgroundColor>-16777216</backgroundColor>
<lineWidth>1</lineWidth>
<points>
<point x="964" y="908"/>
<point x="4584" y="1141"/>
</points>
</Connector>
<Connector class="oracle.dbtools.crest.swingui.relational.TVFKRelation" oid="F6F351C5-ECB2-5314-3CA7-BAAC1FB422C9" otype="FKIndexAssociation" vid_source="606DA473-E807-8E6F-CCDC-1368C80D40C3" vid_target="1316FD85-7DDD-702F-D8F2-48F475786EC2">
<hideElementsInCurrentOnly>false</hideElementsInCurrentOnly>
<backgroundColor>-16777216</backgroundColor>
<lineWidth>1</lineWidth>
<points>
<point x="3508" y="1972"/>
<point x="3508" y="1912"/>
</points>
</Connector>
<Connector class="oracle.dbtools.crest.swingui.relational.TVFKRelation" oid="F923085B-D4FE-B346-0443-59AA7DC28B15" otype="FKIndexAssociation" vid_source="60074802-CDCD-F3AE-8346-53A95B9C09CC" vid_target="8D929F1F-8A41-F99F-30A8-68E8D7AA7C1E">
<hideElementsInCurrentOnly>false</hideElementsInCurrentOnly>
<backgroundColor>-16777216</backgroundColor>
<lineWidth>1</lineWidth>
<points>
<point x="7515" y="713"/>
<point x="7456" y="753"/>
</points>
</Connector>
<Connector class="oracle.dbtools.crest.swingui.relational.TVFKRelation" oid="FCFBE0CB-1097-9CCA-2AF0-2D45B505FEB9" otype="FKIndexAssociation" vid_source="24A4AB14-D888-EABE-5E34-FAE65DAEAEA4" vid_target="596ABA1F-760B-E042-71FD-D26BCF9315B5">
<hideElementsInCurrentOnly>false</hideElementsInCurrentOnly>
<backgroundColor>-16777216</backgroundColor>
<lineWidth>1</lineWidth>
<points>
<point x="6787" y="575"/>
<point x="650" y="352"/>
</points>
</Connector>
<Connector class="oracle.dbtools.crest.swingui.relational.TVFKRelation" oid="FD87C901-72C5-C87F-0CBE-6799FE22A8E4" otype="FKIndexAssociation" vid_source="C03E618E-FFE3-E1E6-A99E-137158221798" vid_target="596ABA1F-760B-E042-71FD-D26BCF9315B5">
<hideElementsInCurrentOnly>false</hideElementsInCurrentOnly>
<backgroundColor>-16777216</backgroundColor>
<lineWidth>1</lineWidth>
<points>
<point x="520" y="508"/>
<point x="520" y="448"/>
</points>
</Connector>
<Connector class="oracle.dbtools.crest.swingui.relational.TVFKRelation" oid="FDEDE055-4B7F-388C-A7F9-2E7B1483F75A" otype="FKIndexAssociation" vid_source="D0921469-5913-15BD-FBAC-38E838EA8ED0" vid_target="C03E618E-FFE3-E1E6-A99E-137158221798">
<hideElementsInCurrentOnly>false</hideElementsInCurrentOnly>
<backgroundColor>-16777216</backgroundColor>
<lineWidth>1</lineWidth>
<points>
<point x="685" y="765"/>
<point x="685" y="706"/>
</points>
</Connector>
<Connector class="oracle.dbtools.crest.swingui.relational.TVFKRelation" oid="FEE1C7C3-1F20-E6E5-AC96-0CFD6B6078D9" otype="FKIndexAssociation" vid_source="AABE5653-3147-F991-CE72-1591869EC134" vid_target="B9DF0438-0E32-0A5B-7940-272FCCB61F5D">
<hideElementsInCurrentOnly>false</hideElementsInCurrentOnly>
<backgroundColor>-16777216</backgroundColor>
<lineWidth>1</lineWidth>
<points>
<point x="390" y="803"/>
<point x="310" y="803"/>
</points>
</Connector>
</connectors>
</Diagram>