<?xml version = '1.0' encoding = 'UTF-8'?>
<relationalModel class="oracle.dbtools.crest.model.design.relational.RelationalDesign" name="Relational_1" id="3E8B64A8-C3D5-5E74-A5FD-1475112CFC41" mainViewID="C780D341-C870-1B82-B161-73C56834E136">
<createdBy>mario</createdBy>
<createdTime>2020-11-05 18:04:27 UTC</createdTime>
<ownerDesignName>Diagrama</ownerDesignName>
<shouldBeOpen>false</shouldBeOpen>
<selectedRDBMSSite>32076570-2523-435C-2E92-BF29817DFF70</selectedRDBMSSite>
<importConnectionStamps>
<importConnectionStamp class="oracle.dbtools.crest.imports.DBConnectionStamp">
<connName>PRFINALBD2020</connName>
<connUser>MARIO</connUser>
<connType>1</connType>
</importConnectionStamp>
</importConnectionStamps>
</relationalModel>