<?xml version = '1.0' encoding = 'UTF-8'?>
<PackageOracle class="oracle.dbtools.crest.model.design.storage.oracle.PackageOracle" name="PAQUETE_ROL" directorySegmentName="seg_0" id="906C5D0C-CE76-CC1A-C52E-7B2FF6C1FDA2">
<sourceConnName>PRFINALBD2020</sourceConnName>
<sourceObjSchema>MARIO</sourceObjSchema>
<sourceObjName>PAQUETE_ROL</sourceObjName>
<createdBy>mario</createdBy>
<createdTime>2020-11-05 18:06:14 UTC</createdTime>
<ownerDesignName>Diagrama</ownerDesignName>
<owner>FD3808E3-D544-D664-DD0C-959A71374A77</owner>
<source>CREATE OR REPLACE PACKAGE MARIO.PAQUETE_ROL AS&lt;br/&gt;    PROCEDURE agregar_rol(Cnombre varchar2, Cdescripcion varchar2, Cusuario varchar2, Cactivo integer);&lt;br/&gt;END paquete_rol;</source>
<body class="oracle.dbtools.crest.model.design.storage.oracle.PackageBodyOracle" name="PAQUETE_ROL" id="906C5D0C-CE76-CC1A-C52E-7B2FF6C1FDA2">
<sourceConnName>PRFINALBD2020</sourceConnName>
<sourceObjSchema>MARIO</sourceObjSchema>
<sourceObjName>PAQUETE_ROL</sourceObjName>
<createdBy>mario</createdBy>
<createdTime>2020-11-05 18:06:14 UTC</createdTime>
<ownerDesignName>Diagrama</ownerDesignName>
<owner>FD3808E3-D544-D664-DD0C-959A71374A77</owner>
<source>CREATE OR REPLACE PACKAGE BODY MARIO.PAQUETE_ROL AS&lt;br/&gt;    PROCEDURE agregar_rol(Cnombre varchar2, Cdescripcion varchar2, Cusuario varchar2, Cactivo integer) IS&lt;br/&gt;    BEGIN&lt;br/&gt;        INSERT INTO ROL(id_rol_usuario,nombre,descripcion_rol,fecha_creacion,usuario_creacion,status) &lt;br/&gt;            VALUES((SELECT max(id_rol_usuario)+1  FROM ROL),Cnombre,Cdescripcion,SYSDATE,Cusuario,Cactivo);&lt;br/&gt;    END agregar_rol;&lt;br/&gt;END paquete_rol;</source>
</body>
</PackageOracle>