<?xml version = '1.0' encoding = 'UTF-8'?>
<TableProxyOraclev11g class="oracle.dbtools.crest.model.design.storage.oracle.v11g.TableProxyOraclev11g" name="SIGNOS_VITALES" directorySegmentName="seg_0" id="0F782B37-565C-D85A-4369-3D05F0319981">
<createdBy>mario</createdBy>
<createdTime>2020-11-05 18:06:14 UTC</createdTime>
<ownerDesignName>Diagrama</ownerDesignName>
<schemaObject>F64E1D9B-7E6B-CABF-605F-B7EAC2DFD0C0</schemaObject>
<logging>YES</logging>
<partitionedRowMovement>DISABLE</partitionedRowMovement>
<segment>BB0EA2FC-37AF-EAAD-70E8-91F0393D3F8B</segment>
<tableSpace>8A00E2BC-553A-1E49-22AD-01378FBC8BBB</tableSpace>
<temporaryChanged>false</temporaryChanged>
<accessDriverType>oracle_loader</accessDriverType>
<rejectLimit></rejectLimit>
<columnProxies itemClass="oracle.dbtools.crest.model.design.storage.oracle.v12c.ColumnProxyOraclev12c">
<ColumnProxy name="PRESION" id="0284B735-7736-AF35-ED7D-4514129E209D">
<createdBy>mario</createdBy>
<createdTime>2020-11-05 18:06:14 UTC</createdTime>
<ownerDesignName>Diagrama</ownerDesignName>
</ColumnProxy>
<ColumnProxy name="USUARIO_REGISTRO" id="36A4B8E9-CDB5-F386-3419-1CE48C5C8881">
<createdBy>mario</createdBy>
<createdTime>2020-11-05 18:06:14 UTC</createdTime>
<ownerDesignName>Diagrama</ownerDesignName>
</ColumnProxy>
<ColumnProxy name="ID_PERSONA" id="37EBB0D3-0441-F903-999F-9349DD8B1081">
<createdBy>mario</createdBy>
<createdTime>2020-11-05 18:06:14 UTC</createdTime>
<ownerDesignName>Diagrama</ownerDesignName>
</ColumnProxy>
<ColumnProxy name="PESO" id="53426956-18CB-2BB7-EAAD-8031213E26F0">
<createdBy>mario</createdBy>
<createdTime>2020-11-05 18:06:14 UTC</createdTime>
<ownerDesignName>Diagrama</ownerDesignName>
</ColumnProxy>
<ColumnProxy name="ID_SIGNOS_VITALES" id="9692665C-19F4-667C-2EA1-CE2DB14C99CA">
<createdBy>mario</createdBy>
<createdTime>2020-11-05 18:06:14 UTC</createdTime>
<ownerDesignName>Diagrama</ownerDesignName>
</ColumnProxy>
<ColumnProxy name="FECHA_REGISTRO" id="AA596413-6665-A9E6-4040-A534ABA171BF">
<createdBy>mario</createdBy>
<createdTime>2020-11-05 18:06:14 UTC</createdTime>
<ownerDesignName>Diagrama</ownerDesignName>
</ColumnProxy>
<ColumnProxy name="PULSO" id="D9C2D278-A765-B443-16E4-6554763542DE">
<createdBy>mario</createdBy>
<createdTime>2020-11-05 18:06:14 UTC</createdTime>
<ownerDesignName>Diagrama</ownerDesignName>
</ColumnProxy>
<ColumnProxy name="TEMPERATURA" id="DF8D7D0B-8361-4FF3-79EE-CC3BEEFB8698">
<createdBy>mario</createdBy>
<createdTime>2020-11-05 18:06:14 UTC</createdTime>
<ownerDesignName>Diagrama</ownerDesignName>
</ColumnProxy>
<ColumnProxy name="RESPIRACION" id="F06AF923-880F-4512-F5A7-2708EDFD35E7">
<createdBy>mario</createdBy>
<createdTime>2020-11-05 18:06:14 UTC</createdTime>
<ownerDesignName>Diagrama</ownerDesignName>
</ColumnProxy>
<ColumnProxy name="ALTURA" id="FA1EC042-87CE-8755-4DFB-6120A02DB7AE">
<createdBy>mario</createdBy>
<createdTime>2020-11-05 18:06:14 UTC</createdTime>
<ownerDesignName>Diagrama</ownerDesignName>
</ColumnProxy>
</columnProxies>
<indexProxies>
<IndexProxy class="oracle.dbtools.crest.model.design.storage.oracle.v10g.IndexProxyOraclev10g" name="SIGNOS_VITALES_PK" id="F80243C7-C6E6-9EB7-635F-BDF21323B265">
<createdBy>mario</createdBy>
<createdTime>2020-11-05 18:06:14 UTC</createdTime>
<ownerDesignName>Diagrama</ownerDesignName>
<schemaObject>F64E1D9B-7E6B-CABF-605F-B7EAC2DFD0C0</schemaObject>
<segment>864DFDF8-0630-C0E8-6AF0-EE7C5D309461</segment>
<tableSpace>8A00E2BC-553A-1E49-22AD-01378FBC8BBB</tableSpace>
</IndexProxy>
</indexProxies>
<primaryKeys>
<PrimaryKey class="oracle.dbtools.crest.model.design.storage.oracle.v10g.PKProxyOraclev10g" name="SIGNOS_VITALES_PK" id="48D6A2CF-CC22-ED85-47FB-BFDCB2B61BA5">
<createdBy>mario</createdBy>
<createdTime>2020-11-05 18:06:14 UTC</createdTime>
<ownerDesignName>Diagrama</ownerDesignName>
<segment>864DFDF8-0630-C0E8-6AF0-EE7C5D309461</segment>
<tableSpace>8A00E2BC-553A-1E49-22AD-01378FBC8BBB</tableSpace>
<existingIndex>F80243C7-C6E6-9EB7-635F-BDF21323B265</existingIndex>
<indexSegment>864DFDF8-0630-C0E8-6AF0-EE7C5D309461</indexSegment>
<indexSort>SORTED</indexSort>
<usingIndex>BY INDEX NAME</usingIndex>
</PrimaryKey>
</primaryKeys>
</TableProxyOraclev11g>