<?xml version = '1.0' encoding = 'UTF-8'?>
<TableProxyOraclev11g class="oracle.dbtools.crest.model.design.storage.oracle.v11g.TableProxyOraclev11g" name="TIPO_ENFERMEDAD" directorySegmentName="seg_0" id="2E342708-AAF1-A6BE-652B-2454866574E4">
<createdBy>mario</createdBy>
<createdTime>2020-11-05 18:06:14 UTC</createdTime>
<ownerDesignName>Diagrama</ownerDesignName>
<schemaObject>F64E1D9B-7E6B-CABF-605F-B7EAC2DFD0C0</schemaObject>
<logging>YES</logging>
<partitionedRowMovement>DISABLE</partitionedRowMovement>
<segment>BB0EA2FC-37AF-EAAD-70E8-91F0393D3F8B</segment>
<tableSpace>8A00E2BC-553A-1E49-22AD-01378FBC8BBB</tableSpace>
<temporaryChanged>false</temporaryChanged>
<accessDriverType>oracle_loader</accessDriverType>
<rejectLimit></rejectLimit>
<columnProxies itemClass="oracle.dbtools.crest.model.design.storage.oracle.v12c.ColumnProxyOraclev12c">
<ColumnProxy name="USUARIO_REGISTRO" id="11247BF5-6A92-9C73-67B5-9077CC15862E">
<createdBy>mario</createdBy>
<createdTime>2020-11-05 18:06:14 UTC</createdTime>
<ownerDesignName>Diagrama</ownerDesignName>
</ColumnProxy>
<ColumnProxy name="ID_TIPO_ENFERMEDAD" id="81BF559A-D8CA-8EF4-1AFC-C60354EEB861">
<createdBy>mario</createdBy>
<createdTime>2020-11-05 18:06:14 UTC</createdTime>
<ownerDesignName>Diagrama</ownerDesignName>
</ColumnProxy>
<ColumnProxy name="TIPO_ENFERMEDAD" id="B93C9CDC-7F09-7DC5-BC7E-F1A3BACF253C">
<createdBy>mario</createdBy>
<createdTime>2020-11-05 18:06:14 UTC</createdTime>
<ownerDesignName>Diagrama</ownerDesignName>
</ColumnProxy>
</columnProxies>
<indexProxies>
<IndexProxy class="oracle.dbtools.crest.model.design.storage.oracle.v10g.IndexProxyOraclev10g" name="TIPO_ENFERMEDAD_PK" id="58AE08E6-A988-8E1C-E81B-9851311DE13E">
<createdBy>mario</createdBy>
<createdTime>2020-11-05 18:06:14 UTC</createdTime>
<ownerDesignName>Diagrama</ownerDesignName>
<schemaObject>F64E1D9B-7E6B-CABF-605F-B7EAC2DFD0C0</schemaObject>
<segment>864DFDF8-0630-C0E8-6AF0-EE7C5D309461</segment>
<tableSpace>8A00E2BC-553A-1E49-22AD-01378FBC8BBB</tableSpace>
</IndexProxy>
</indexProxies>
<primaryKeys>
<PrimaryKey class="oracle.dbtools.crest.model.design.storage.oracle.v10g.PKProxyOraclev10g" name="TIPO_ENFERMEDAD_PK" id="2F92019E-E610-DB74-E2E5-8EA5F0C36E7F">
<createdBy>mario</createdBy>
<createdTime>2020-11-05 18:06:14 UTC</createdTime>
<ownerDesignName>Diagrama</ownerDesignName>
<segment>864DFDF8-0630-C0E8-6AF0-EE7C5D309461</segment>
<tableSpace>8A00E2BC-553A-1E49-22AD-01378FBC8BBB</tableSpace>
<existingIndex>58AE08E6-A988-8E1C-E81B-9851311DE13E</existingIndex>
<indexSegment>864DFDF8-0630-C0E8-6AF0-EE7C5D309461</indexSegment>
<indexSort>SORTED</indexSort>
<usingIndex>BY INDEX NAME</usingIndex>
</PrimaryKey>
</primaryKeys>
</TableProxyOraclev11g>