<?xml version = '1.0' encoding = 'UTF-8'?>
<TableProxyOraclev11g class="oracle.dbtools.crest.model.design.storage.oracle.v11g.TableProxyOraclev11g" name="PRODUCTOS_SERVICIOS" directorySegmentName="seg_0" id="878D304F-F42C-4A1D-5EA3-F615AF6A7727">
<createdBy>mario</createdBy>
<createdTime>2020-11-05 18:06:13 UTC</createdTime>
<ownerDesignName>Diagrama</ownerDesignName>
<schemaObject>F64E1D9B-7E6B-CABF-605F-B7EAC2DFD0C0</schemaObject>
<logging>YES</logging>
<partitionedRowMovement>DISABLE</partitionedRowMovement>
<segment>BB0EA2FC-37AF-EAAD-70E8-91F0393D3F8B</segment>
<tableSpace>8A00E2BC-553A-1E49-22AD-01378FBC8BBB</tableSpace>
<temporaryChanged>false</temporaryChanged>
<accessDriverType>oracle_loader</accessDriverType>
<rejectLimit></rejectLimit>
<columnProxies itemClass="oracle.dbtools.crest.model.design.storage.oracle.v12c.ColumnProxyOraclev12c">
<ColumnProxy name="DESCRIPCION" id="8A566F4A-2D1C-1B77-FD31-80AB6F803EFE">
<createdBy>mario</createdBy>
<createdTime>2020-11-05 18:06:14 UTC</createdTime>
<ownerDesignName>Diagrama</ownerDesignName>
</ColumnProxy>
<ColumnProxy name="ID_CATEGORIA" id="B0643D58-8B4E-3F7E-46A0-4F0F004EC564">
<createdBy>mario</createdBy>
<createdTime>2020-11-05 18:06:14 UTC</createdTime>
<ownerDesignName>Diagrama</ownerDesignName>
</ColumnProxy>
<ColumnProxy name="ID_PRO_SER" id="DD9FACA9-AAAF-6A80-59C0-2E3407D0B4FF">
<createdBy>mario</createdBy>
<createdTime>2020-11-05 18:06:14 UTC</createdTime>
<ownerDesignName>Diagrama</ownerDesignName>
</ColumnProxy>
</columnProxies>
<indexProxies>
<IndexProxy class="oracle.dbtools.crest.model.design.storage.oracle.v10g.IndexProxyOraclev10g" name="PK_PRODUCTOS_SERVICIOS" id="AB6305DE-9080-6767-F592-8078A810672C">
<createdBy>mario</createdBy>
<createdTime>2020-11-05 18:06:14 UTC</createdTime>
<ownerDesignName>Diagrama</ownerDesignName>
<schemaObject>F64E1D9B-7E6B-CABF-605F-B7EAC2DFD0C0</schemaObject>
<segment>864DFDF8-0630-C0E8-6AF0-EE7C5D309461</segment>
<tableSpace>8A00E2BC-553A-1E49-22AD-01378FBC8BBB</tableSpace>
</IndexProxy>
</indexProxies>
<foreignKeys>
<ForeignKey class="oracle.dbtools.crest.model.design.storage.oracle.v10g.FKProxyOraclev10g" name="FK_PRODUCTO_REFERENCE_CATEGORI" id="DF3BA6AB-BFA9-A624-9E86-E5E5BF1B28F0">
<createdBy>mario</createdBy>
<createdTime>2020-11-05 18:06:14 UTC</createdTime>
<ownerDesignName>Diagrama</ownerDesignName>
</ForeignKey>
</foreignKeys>
<primaryKeys>
<PrimaryKey class="oracle.dbtools.crest.model.design.storage.oracle.v10g.PKProxyOraclev10g" name="PK_PRODUCTOS_SERVICIOS" id="A206F20D-4635-17C4-7745-FCA06C1B842F">
<createdBy>mario</createdBy>
<createdTime>2020-11-05 18:06:14 UTC</createdTime>
<ownerDesignName>Diagrama</ownerDesignName>
<segment>864DFDF8-0630-C0E8-6AF0-EE7C5D309461</segment>
<tableSpace>8A00E2BC-553A-1E49-22AD-01378FBC8BBB</tableSpace>
<existingIndex>AB6305DE-9080-6767-F592-8078A810672C</existingIndex>
<indexSegment>864DFDF8-0630-C0E8-6AF0-EE7C5D309461</indexSegment>
<indexSort>SORTED</indexSort>
<usingIndex>BY INDEX NAME</usingIndex>
</PrimaryKey>
</primaryKeys>
</TableProxyOraclev11g>