<?xml version = '1.0' encoding = 'UTF-8'?>
<TableProxyOraclev11g class="oracle.dbtools.crest.model.design.storage.oracle.v11g.TableProxyOraclev11g" name="DETALLE_FACTURA" directorySegmentName="seg_0" id="88FE782A-28DF-2B18-3115-C6BDE942D845">
<createdBy>mario</createdBy>
<createdTime>2020-11-05 18:06:13 UTC</createdTime>
<ownerDesignName>Diagrama</ownerDesignName>
<schemaObject>F64E1D9B-7E6B-CABF-605F-B7EAC2DFD0C0</schemaObject>
<logging>YES</logging>
<partitionedRowMovement>DISABLE</partitionedRowMovement>
<segment>BB0EA2FC-37AF-EAAD-70E8-91F0393D3F8B</segment>
<tableSpace>8A00E2BC-553A-1E49-22AD-01378FBC8BBB</tableSpace>
<temporaryChanged>false</temporaryChanged>
<accessDriverType>oracle_loader</accessDriverType>
<rejectLimit></rejectLimit>
<columnProxies itemClass="oracle.dbtools.crest.model.design.storage.oracle.v12c.ColumnProxyOraclev12c">
<ColumnProxy name="CANTIDAD" id="0CEFE651-2E7E-2B1E-BE74-F0BB73F241D0">
<createdBy>mario</createdBy>
<createdTime>2020-11-05 18:06:14 UTC</createdTime>
<ownerDesignName>Diagrama</ownerDesignName>
</ColumnProxy>
<ColumnProxy name="PRECIO" id="20F46F03-F9F5-4AD8-11B6-30E58CCDCA76">
<createdBy>mario</createdBy>
<createdTime>2020-11-05 18:06:14 UTC</createdTime>
<ownerDesignName>Diagrama</ownerDesignName>
</ColumnProxy>
<ColumnProxy name="ID_FACTURA" id="51EEA326-73E0-ABDB-77FE-BD0C71BE053B">
<createdBy>mario</createdBy>
<createdTime>2020-11-05 18:06:14 UTC</createdTime>
<ownerDesignName>Diagrama</ownerDesignName>
</ColumnProxy>
<ColumnProxy name="ID_DET_FAC" id="70BFCB23-1B82-2C83-EC89-3F58463037EB">
<createdBy>mario</createdBy>
<createdTime>2020-11-05 18:06:14 UTC</createdTime>
<ownerDesignName>Diagrama</ownerDesignName>
</ColumnProxy>
</columnProxies>
<indexProxies>
<IndexProxy class="oracle.dbtools.crest.model.design.storage.oracle.v10g.IndexProxyOraclev10g" name="PK_DETALLE_FACTURA" id="761BA09E-B6EC-E2F5-18A5-33FA5951A311">
<createdBy>mario</createdBy>
<createdTime>2020-11-05 18:06:14 UTC</createdTime>
<ownerDesignName>Diagrama</ownerDesignName>
<schemaObject>F64E1D9B-7E6B-CABF-605F-B7EAC2DFD0C0</schemaObject>
<segment>864DFDF8-0630-C0E8-6AF0-EE7C5D309461</segment>
<tableSpace>8A00E2BC-553A-1E49-22AD-01378FBC8BBB</tableSpace>
</IndexProxy>
</indexProxies>
<foreignKeys>
<ForeignKey class="oracle.dbtools.crest.model.design.storage.oracle.v10g.FKProxyOraclev10g" name="FK_DETALLE__REFERENCE_PRODUCTO" id="6FF392ED-B776-0383-0F94-582B8E084674">
<createdBy>mario</createdBy>
<createdTime>2020-11-05 18:06:14 UTC</createdTime>
<ownerDesignName>Diagrama</ownerDesignName>
</ForeignKey>
<ForeignKey class="oracle.dbtools.crest.model.design.storage.oracle.v10g.FKProxyOraclev10g" name="DETALLE_FACTURA_FACTURACION_FK" id="83B9CBD4-E0FB-43A1-0666-EA1C3C1C200A">
<createdBy>mario</createdBy>
<createdTime>2020-11-05 18:06:14 UTC</createdTime>
<ownerDesignName>Diagrama</ownerDesignName>
</ForeignKey>
</foreignKeys>
<primaryKeys>
<PrimaryKey class="oracle.dbtools.crest.model.design.storage.oracle.v10g.PKProxyOraclev10g" name="PK_DETALLE_FACTURA" id="26A4DAC6-1447-FEBA-6B30-028D2A0307F5">
<createdBy>mario</createdBy>
<createdTime>2020-11-05 18:06:14 UTC</createdTime>
<ownerDesignName>Diagrama</ownerDesignName>
<segment>864DFDF8-0630-C0E8-6AF0-EE7C5D309461</segment>
<tableSpace>8A00E2BC-553A-1E49-22AD-01378FBC8BBB</tableSpace>
<existingIndex>761BA09E-B6EC-E2F5-18A5-33FA5951A311</existingIndex>
<indexSegment>864DFDF8-0630-C0E8-6AF0-EE7C5D309461</indexSegment>
<indexSort>SORTED</indexSort>
<usingIndex>BY INDEX NAME</usingIndex>
</PrimaryKey>
</primaryKeys>
</TableProxyOraclev11g>