<?xml version = '1.0' encoding = 'UTF-8'?>
<UserOraclev10g class="oracle.dbtools.crest.model.design.storage.oracle.v10g.UserOraclev10g" name="MARIO" directorySegmentName="seg_0" id="FD3808E3-D544-D664-DD0C-959A71374A77">
<sourceConnName>PRFINALBD2020</sourceConnName>
<sourceObjName>MARIO</sourceObjName>
<createdBy>mario</createdBy>
<createdTime>2020-11-05 18:06:12 UTC</createdTime>
<ownerDesignName>Diagrama</ownerDesignName>
<schemaObject>F64E1D9B-7E6B-CABF-605F-B7EAC2DFD0C0</schemaObject>
</UserOraclev10g>