<?xml version = '1.0' encoding = 'UTF-8'?>
<Table class="oracle.dbtools.crest.model.design.relational.Table" directorySegmentName="seg_0" id="06C9E805-F168-90DA-0DB0-8D84ABC5CADA" schemaObject="F64E1D9B-7E6B-CABF-605F-B7EAC2DFD0C0" name="DETALLE_DIETA">
<sourceConnName>PRFINALBD2020</sourceConnName>
<sourceObjSchema>MARIO</sourceObjSchema>
<sourceObjName>DETALLE_DIETA</sourceObjName>
<createdBy>mario</createdBy>
<createdTime>2020-11-05 18:06:13 UTC</createdTime>
<ownerDesignName>Diagrama</ownerDesignName>
<allowColumnReorder>false</allowColumnReorder>
<existDependencyGenerateInDDl>true</existDependencyGenerateInDDl>
<parsed>true</parsed>
<columns itemClass="oracle.dbtools.crest.model.design.relational.Column">
<Column name="ID_DETALLE_DIETA" id="94D9DF5F-B194-1D7F-9E68-E857D2AC88D4">
<sourceConnName>PRFINALBD2020</sourceConnName>
<sourceObjSchema>DETALLE_DIETA</sourceObjSchema>
<sourceObjName>ID_DETALLE_DIETA</sourceObjName>
<createdBy>mario</createdBy>
<createdTime>2020-11-05 18:06:14 UTC</createdTime>
<ownerDesignName>Diagrama</ownerDesignName>
<useDomainConstraints>false</useDomainConstraints>
<use>1</use>
<logicalDatatype>LOGDT019</logicalDatatype>
<dataTypePrecision>9</dataTypePrecision>
<dataTypeScale>0</dataTypeScale>
<ownDataTypeParameters>,9,0</ownDataTypeParameters>
<autoIncrementCycle>false</autoIncrementCycle>
</Column>
<Column name="ID_DIETA" id="BAC3C12F-F357-BAE0-57DC-7B61459064BF">
<sourceConnName>PRFINALBD2020</sourceConnName>
<sourceObjSchema>DETALLE_DIETA</sourceObjSchema>
<sourceObjName>ID_DIETA</sourceObjName>
<createdBy>mario</createdBy>
<createdTime>2020-11-05 18:06:14 UTC</createdTime>
<ownerDesignName>Diagrama</ownerDesignName>
<useDomainConstraints>false</useDomainConstraints>
<use>1</use>
<logicalDatatype>LOGDT019</logicalDatatype>
<dataTypePrecision>9</dataTypePrecision>
<dataTypeScale>0</dataTypeScale>
<ownDataTypeParameters>,9,0</ownDataTypeParameters>
<autoIncrementCycle>false</autoIncrementCycle>
<associations>
<colAssociation fkAssociation="7A5E4ECB-FFCE-5609-0FC3-394AF9C3E6E2" referredColumn="F198AEE5-58AF-502B-C1AF-4BA1076C5FE6"/>
</associations>
</Column>
<Column name="ID_ALIMENTO" id="6F0C2C7C-FABA-84B8-67B1-EB0A5FE132BB">
<sourceConnName>PRFINALBD2020</sourceConnName>
<sourceObjSchema>DETALLE_DIETA</sourceObjSchema>
<sourceObjName>ID_ALIMENTO</sourceObjName>
<createdBy>mario</createdBy>
<createdTime>2020-11-05 18:06:14 UTC</createdTime>
<ownerDesignName>Diagrama</ownerDesignName>
<useDomainConstraints>false</useDomainConstraints>
<use>1</use>
<logicalDatatype>LOGDT019</logicalDatatype>
<dataTypePrecision>9</dataTypePrecision>
<dataTypeScale>0</dataTypeScale>
<ownDataTypeParameters>,9,0</ownDataTypeParameters>
<autoIncrementCycle>false</autoIncrementCycle>
<associations>
<colAssociation fkAssociation="640B90DC-8D7F-B2A2-4169-F2307C386844" referredColumn="22D555B2-1E18-0088-45D6-B9307166D6B6"/>
</associations>
</Column>
<Column name="CANTIDAD" id="58E37ED6-0888-3301-5057-1FFC03C9E169">
<sourceConnName>PRFINALBD2020</sourceConnName>
<sourceObjSchema>DETALLE_DIETA</sourceObjSchema>
<sourceObjName>CANTIDAD</sourceObjName>
<createdBy>mario</createdBy>
<createdTime>2020-11-05 18:06:14 UTC</createdTime>
<commentInRDBMS>Cantidad de alimento, gramos, cucharadas, vasos, porciones, etc.</commentInRDBMS>
<ownerDesignName>Diagrama</ownerDesignName>
<useDomainConstraints>false</useDomainConstraints>
<use>1</use>
<logicalDatatype>LOGDT024</logicalDatatype>
<dataTypeSize>100 BYTE</dataTypeSize>
<ownDataTypeParameters>100 BYTE,,</ownDataTypeParameters>
<autoIncrementCycle>false</autoIncrementCycle>
</Column>
<Column name="ID_TIEMPO_COMIDA" id="A5FABD15-1088-ABDE-5192-062282CAAEDA">
<sourceConnName>PRFINALBD2020</sourceConnName>
<sourceObjSchema>DETALLE_DIETA</sourceObjSchema>
<sourceObjName>ID_TIEMPO_COMIDA</sourceObjName>
<createdBy>mario</createdBy>
<createdTime>2020-11-05 18:06:14 UTC</createdTime>
<ownerDesignName>Diagrama</ownerDesignName>
<useDomainConstraints>false</useDomainConstraints>
<use>1</use>
<logicalDatatype>LOGDT019</logicalDatatype>
<dataTypePrecision>5</dataTypePrecision>
<dataTypeScale>0</dataTypeScale>
<ownDataTypeParameters>,5,0</ownDataTypeParameters>
<autoIncrementCycle>false</autoIncrementCycle>
<associations>
<colAssociation fkAssociation="45863A52-B907-517A-2B84-8A4556BAB41E" referredColumn="C2E28D11-CE1B-F203-7E2D-7127968F95C0"/>
</associations>
</Column>
<Column name="DESCRIPCION" id="04EBB769-327C-7549-3181-4C21293FB06D">
<sourceConnName>PRFINALBD2020</sourceConnName>
<sourceObjSchema>DETALLE_DIETA</sourceObjSchema>
<sourceObjName>DESCRIPCION</sourceObjName>
<createdBy>mario</createdBy>
<createdTime>2020-11-05 18:06:14 UTC</createdTime>
<commentInRDBMS>Descripci�n de como cocinar o consumir el alimento.</commentInRDBMS>
<ownerDesignName>Diagrama</ownerDesignName>
<nullsAllowed>true</nullsAllowed>
<useDomainConstraints>false</useDomainConstraints>
<use>1</use>
<logicalDatatype>LOGDT024</logicalDatatype>
<dataTypeSize>1024 BYTE</dataTypeSize>
<ownDataTypeParameters>1024 BYTE,,</ownDataTypeParameters>
<autoIncrementCycle>false</autoIncrementCycle>
</Column>
</columns>
<indexes itemClass="oracle.dbtools.crest.model.design.relational.Index">
<ind_PK_UK id="EC9197F1-5D43-70E2-207D-9534C5C4006A" name="DETALLE_DIETA_PK">
<sourceConnName>PRFINALBD2020</sourceConnName>
<sourceObjSchema>MARIO</sourceObjSchema>
<sourceObjName>DETALLE_DIETA_PK</sourceObjName>
<createdBy>mario</createdBy>
<createdTime>2020-11-05 18:06:14 UTC</createdTime>
<ownerDesignName>Diagrama</ownerDesignName>
<pk>true</pk>
<indexState>Primary Constraint</indexState>
<isSurrogateKey>false</isSurrogateKey>
<indexColumnUsage>
<colUsage columnID="94D9DF5F-B194-1D7F-9E68-E857D2AC88D4"/>
</indexColumnUsage>
</ind_PK_UK>
<ind_PK_UK id="743E3FE1-EB6A-E0D2-293D-CF8E7DD49FB4" schemaObject="F64E1D9B-7E6B-CABF-605F-B7EAC2DFD0C0" name="DETALLE_DIETA_PK">
<sourceConnName>PRFINALBD2020</sourceConnName>
<sourceObjSchema>MARIO</sourceObjSchema>
<sourceObjName>DETALLE_DIETA_PK</sourceObjName>
<createdBy>mario</createdBy>
<createdTime>2020-11-05 18:06:14 UTC</createdTime>
<ownerDesignName>Diagrama</ownerDesignName>
<indexState>Unique Plain Index</indexState>
<isSurrogateKey>false</isSurrogateKey>
<indexColumnUsage>
<colUsage columnID="94D9DF5F-B194-1D7F-9E68-E857D2AC88D4"/>
</indexColumnUsage>
</ind_PK_UK>
<ind_PK_UK id="5A09AF3F-DEB4-F616-00B2-AFE4DC285049" name="DETALLE_ALIMENTO_FK">
<createdBy>mario</createdBy>
<createdTime>2020-11-05 18:06:14 UTC</createdTime>
<ownerDesignName>Diagrama</ownerDesignName>
<indexState>Foreign Key</indexState>
<isSurrogateKey>false</isSurrogateKey>
<indexColumnUsage>
<colUsage columnID="6F0C2C7C-FABA-84B8-67B1-EB0A5FE132BB"/>
</indexColumnUsage>
</ind_PK_UK>
<ind_PK_UK id="029B58B2-6D5A-46BF-C33A-0B3C495E5EEE" name="DETALLE_DIETA_FK">
<createdBy>mario</createdBy>
<createdTime>2020-11-05 18:06:14 UTC</createdTime>
<ownerDesignName>Diagrama</ownerDesignName>
<indexState>Foreign Key</indexState>
<isSurrogateKey>false</isSurrogateKey>
<indexColumnUsage>
<colUsage columnID="BAC3C12F-F357-BAE0-57DC-7B61459064BF"/>
</indexColumnUsage>
</ind_PK_UK>
<ind_PK_UK id="032A4066-2649-CA43-368C-9E71B64F3BE5" name="DETALLE_TIEMPO_FK">
<createdBy>mario</createdBy>
<createdTime>2020-11-05 18:06:14 UTC</createdTime>
<ownerDesignName>Diagrama</ownerDesignName>
<indexState>Foreign Key</indexState>
<isSurrogateKey>false</isSurrogateKey>
<indexColumnUsage>
<colUsage columnID="A5FABD15-1088-ABDE-5192-062282CAAEDA"/>
</indexColumnUsage>
</ind_PK_UK>
</indexes>
</Table>