<?xml version = '1.0' encoding = 'UTF-8'?>
<Table class="oracle.dbtools.crest.model.design.relational.Table" directorySegmentName="seg_0" id="0DB8A580-D81D-CDF5-7373-7F17A5E78CDA" schemaObject="F64E1D9B-7E6B-CABF-605F-B7EAC2DFD0C0" name="DETALLE_COMPRA">
<sourceConnName>PRFINALBD2020</sourceConnName>
<sourceObjSchema>MARIO</sourceObjSchema>
<sourceObjName>DETALLE_COMPRA</sourceObjName>
<createdBy>mario</createdBy>
<createdTime>2020-11-05 18:06:13 UTC</createdTime>
<ownerDesignName>Diagrama</ownerDesignName>
<allowColumnReorder>false</allowColumnReorder>
<existDependencyGenerateInDDl>true</existDependencyGenerateInDDl>
<parsed>true</parsed>
<columns itemClass="oracle.dbtools.crest.model.design.relational.Column">
<Column name="ID_COMPRA" id="948DDB30-438E-08D6-0B7A-D5C79D70AD67">
<sourceConnName>PRFINALBD2020</sourceConnName>
<sourceObjSchema>DETALLE_COMPRA</sourceObjSchema>
<sourceObjName>ID_COMPRA</sourceObjName>
<createdBy>mario</createdBy>
<createdTime>2020-11-05 18:06:14 UTC</createdTime>
<ownerDesignName>Diagrama</ownerDesignName>
<useDomainConstraints>false</useDomainConstraints>
<use>1</use>
<logicalDatatype>LOGDT019</logicalDatatype>
<dataTypePrecision>*</dataTypePrecision>
<dataTypeScale>0</dataTypeScale>
<ownDataTypeParameters>,*,0</ownDataTypeParameters>
<autoIncrementCycle>false</autoIncrementCycle>
<associations>
<colAssociation fkAssociation="6E3DA59F-D065-AD06-2D4F-E4F79F93FC7B" referredColumn="6E806D51-8CCE-BBA2-4D7F-6BFAE6A7274F"/>
</associations>
</Column>
<Column name="ID_PRODUCTO" id="482379A1-A8DE-E3BB-1799-60AB61297BE2">
<sourceConnName>PRFINALBD2020</sourceConnName>
<sourceObjSchema>DETALLE_COMPRA</sourceObjSchema>
<sourceObjName>ID_PRODUCTO</sourceObjName>
<createdBy>mario</createdBy>
<createdTime>2020-11-05 18:06:14 UTC</createdTime>
<ownerDesignName>Diagrama</ownerDesignName>
<nullsAllowed>true</nullsAllowed>
<useDomainConstraints>false</useDomainConstraints>
<use>1</use>
<logicalDatatype>LOGDT019</logicalDatatype>
<dataTypePrecision>*</dataTypePrecision>
<dataTypeScale>0</dataTypeScale>
<ownDataTypeParameters>,*,0</ownDataTypeParameters>
<autoIncrementCycle>false</autoIncrementCycle>
</Column>
<Column name="CANTIDAD" id="95B6406C-8F81-5574-8FA2-C270239F7D94">
<sourceConnName>PRFINALBD2020</sourceConnName>
<sourceObjSchema>DETALLE_COMPRA</sourceObjSchema>
<sourceObjName>CANTIDAD</sourceObjName>
<createdBy>mario</createdBy>
<createdTime>2020-11-05 18:06:14 UTC</createdTime>
<ownerDesignName>Diagrama</ownerDesignName>
<nullsAllowed>true</nullsAllowed>
<useDomainConstraints>false</useDomainConstraints>
<use>1</use>
<logicalDatatype>LOGDT019</logicalDatatype>
<ownDataTypeParameters>,,</ownDataTypeParameters>
<autoIncrementCycle>false</autoIncrementCycle>
</Column>
<Column name="PRECIO_UNIDAD" id="2AED9187-5E0F-80FC-91E2-12407950882E">
<sourceConnName>PRFINALBD2020</sourceConnName>
<sourceObjSchema>DETALLE_COMPRA</sourceObjSchema>
<sourceObjName>PRECIO_UNIDAD</sourceObjName>
<createdBy>mario</createdBy>
<createdTime>2020-11-05 18:06:14 UTC</createdTime>
<ownerDesignName>Diagrama</ownerDesignName>
<nullsAllowed>true</nullsAllowed>
<useDomainConstraints>false</useDomainConstraints>
<use>1</use>
<logicalDatatype>LOGDT019</logicalDatatype>
<ownDataTypeParameters>,,</ownDataTypeParameters>
<autoIncrementCycle>false</autoIncrementCycle>
</Column>
<Column name="TOTAL" id="84A00C8E-6AE1-A092-76CD-CBD8CB717067">
<sourceConnName>PRFINALBD2020</sourceConnName>
<sourceObjSchema>DETALLE_COMPRA</sourceObjSchema>
<sourceObjName>TOTAL</sourceObjName>
<createdBy>mario</createdBy>
<createdTime>2020-11-05 18:06:14 UTC</createdTime>
<ownerDesignName>Diagrama</ownerDesignName>
<nullsAllowed>true</nullsAllowed>
<useDomainConstraints>false</useDomainConstraints>
<use>1</use>
<logicalDatatype>LOGDT019</logicalDatatype>
<ownDataTypeParameters>,,</ownDataTypeParameters>
<autoIncrementCycle>false</autoIncrementCycle>
</Column>
</columns>
<indexes itemClass="oracle.dbtools.crest.model.design.relational.Index">
<ind_PK_UK id="A77D95C8-4E20-50FB-632C-052E6D736886" name="DETALLE_COMPRA_COMPRAS_FK">
<createdBy>mario</createdBy>
<createdTime>2020-11-05 18:06:14 UTC</createdTime>
<ownerDesignName>Diagrama</ownerDesignName>
<indexState>Foreign Key</indexState>
<isSurrogateKey>false</isSurrogateKey>
<indexColumnUsage>
<colUsage columnID="948DDB30-438E-08D6-0B7A-D5C79D70AD67"/>
</indexColumnUsage>
</ind_PK_UK>
</indexes>
</Table>