<?xml version = '1.0' encoding = 'UTF-8'?>
<Table class="oracle.dbtools.crest.model.design.relational.Table" directorySegmentName="seg_0" id="0FBFB93B-4EC0-6F8B-67A1-59F1C73D7107" schemaObject="F64E1D9B-7E6B-CABF-605F-B7EAC2DFD0C0" name="PAGOS_CLIENTES">
<sourceConnName>PRFINALBD2020</sourceConnName>
<sourceObjSchema>MARIO</sourceObjSchema>
<sourceObjName>PAGOS_CLIENTES</sourceObjName>
<createdBy>mario</createdBy>
<createdTime>2020-11-05 18:06:13 UTC</createdTime>
<ownerDesignName>Diagrama</ownerDesignName>
<allowColumnReorder>false</allowColumnReorder>
<existDependencyGenerateInDDl>true</existDependencyGenerateInDDl>
<parsed>true</parsed>
<columns itemClass="oracle.dbtools.crest.model.design.relational.Column">
<Column name="ID_PAGO" id="5701F755-9634-B730-DA37-2D201E90BF26">
<sourceConnName>PRFINALBD2020</sourceConnName>
<sourceObjSchema>PAGOS_CLIENTES</sourceObjSchema>
<sourceObjName>ID_PAGO</sourceObjName>
<createdBy>mario</createdBy>
<createdTime>2020-11-05 18:06:14 UTC</createdTime>
<ownerDesignName>Diagrama</ownerDesignName>
<useDomainConstraints>false</useDomainConstraints>
<use>1</use>
<logicalDatatype>LOGDT019</logicalDatatype>
<dataTypePrecision>*</dataTypePrecision>
<dataTypeScale>0</dataTypeScale>
<ownDataTypeParameters>,*,0</ownDataTypeParameters>
<autoIncrementCycle>false</autoIncrementCycle>
</Column>
<Column name="ID_TRANSACCION" id="BA6C796D-61AB-3B67-30A9-86388A5035F9">
<sourceConnName>PRFINALBD2020</sourceConnName>
<sourceObjSchema>PAGOS_CLIENTES</sourceObjSchema>
<sourceObjName>ID_TRANSACCION</sourceObjName>
<createdBy>mario</createdBy>
<createdTime>2020-11-05 18:06:14 UTC</createdTime>
<ownerDesignName>Diagrama</ownerDesignName>
<useDomainConstraints>false</useDomainConstraints>
<use>1</use>
<logicalDatatype>LOGDT019</logicalDatatype>
<dataTypePrecision>*</dataTypePrecision>
<dataTypeScale>0</dataTypeScale>
<ownDataTypeParameters>,*,0</ownDataTypeParameters>
<autoIncrementCycle>false</autoIncrementCycle>
</Column>
<Column name="ID_TIPO_PAGO" id="8D24896F-70C6-604C-E231-D7DCB026CAA8">
<sourceConnName>PRFINALBD2020</sourceConnName>
<sourceObjSchema>PAGOS_CLIENTES</sourceObjSchema>
<sourceObjName>ID_TIPO_PAGO</sourceObjName>
<createdBy>mario</createdBy>
<createdTime>2020-11-05 18:06:14 UTC</createdTime>
<ownerDesignName>Diagrama</ownerDesignName>
<useDomainConstraints>false</useDomainConstraints>
<use>1</use>
<logicalDatatype>LOGDT019</logicalDatatype>
<dataTypePrecision>*</dataTypePrecision>
<dataTypeScale>0</dataTypeScale>
<ownDataTypeParameters>,*,0</ownDataTypeParameters>
<autoIncrementCycle>false</autoIncrementCycle>
</Column>
<Column name="MONTO_CANCELADO" id="C07C218D-5B2F-4CAA-3CC9-306260DCB523">
<sourceConnName>PRFINALBD2020</sourceConnName>
<sourceObjSchema>PAGOS_CLIENTES</sourceObjSchema>
<sourceObjName>MONTO_CANCELADO</sourceObjName>
<createdBy>mario</createdBy>
<createdTime>2020-11-05 18:06:14 UTC</createdTime>
<ownerDesignName>Diagrama</ownerDesignName>
<nullsAllowed>true</nullsAllowed>
<useDomainConstraints>false</useDomainConstraints>
<use>1</use>
<logicalDatatype>LOGDT019</logicalDatatype>
<dataTypePrecision>5</dataTypePrecision>
<dataTypeScale>2</dataTypeScale>
<ownDataTypeParameters>,5,2</ownDataTypeParameters>
<autoIncrementCycle>false</autoIncrementCycle>
</Column>
<Column name="USUARIO_REGISTRO" id="1B7C324A-A7E9-89B7-0351-E3BD37420144">
<sourceConnName>PRFINALBD2020</sourceConnName>
<sourceObjSchema>PAGOS_CLIENTES</sourceObjSchema>
<sourceObjName>USUARIO_REGISTRO</sourceObjName>
<createdBy>mario</createdBy>
<createdTime>2020-11-05 18:06:14 UTC</createdTime>
<ownerDesignName>Diagrama</ownerDesignName>
<nullsAllowed>true</nullsAllowed>
<useDomainConstraints>false</useDomainConstraints>
<use>1</use>
<logicalDatatype>LOGDT024</logicalDatatype>
<dataTypeSize>25 BYTE</dataTypeSize>
<ownDataTypeParameters>25 BYTE,,</ownDataTypeParameters>
<autoIncrementCycle>false</autoIncrementCycle>
</Column>
</columns>
<indexes itemClass="oracle.dbtools.crest.model.design.relational.Index">
<ind_PK_UK id="C82137A4-3341-925B-4AC8-E86F694CAC7E" name="PAGOS_CLIENTES_PK">
<sourceConnName>PRFINALBD2020</sourceConnName>
<sourceObjSchema>MARIO</sourceObjSchema>
<sourceObjName>PAGOS_CLIENTES_PK</sourceObjName>
<createdBy>mario</createdBy>
<createdTime>2020-11-05 18:06:14 UTC</createdTime>
<ownerDesignName>Diagrama</ownerDesignName>
<pk>true</pk>
<indexState>Primary Constraint</indexState>
<isSurrogateKey>false</isSurrogateKey>
<indexColumnUsage>
<colUsage columnID="5701F755-9634-B730-DA37-2D201E90BF26"/>
</indexColumnUsage>
</ind_PK_UK>
<ind_PK_UK id="17C90F16-D375-E012-31AC-C48DCD338D20" schemaObject="F64E1D9B-7E6B-CABF-605F-B7EAC2DFD0C0" name="PAGOS_CLIENTES_PK">
<sourceConnName>PRFINALBD2020</sourceConnName>
<sourceObjSchema>MARIO</sourceObjSchema>
<sourceObjName>PAGOS_CLIENTES_PK</sourceObjName>
<createdBy>mario</createdBy>
<createdTime>2020-11-05 18:06:14 UTC</createdTime>
<ownerDesignName>Diagrama</ownerDesignName>
<indexState>Unique Plain Index</indexState>
<isSurrogateKey>false</isSurrogateKey>
<indexColumnUsage>
<colUsage columnID="5701F755-9634-B730-DA37-2D201E90BF26"/>
</indexColumnUsage>
</ind_PK_UK>
</indexes>
</Table>