<?xml version = '1.0' encoding = 'UTF-8'?>
<Table class="oracle.dbtools.crest.model.design.relational.Table" directorySegmentName="seg_0" id="11EFCB4B-6C18-0FB9-8BD3-62D0F3FD49ED" schemaObject="F64E1D9B-7E6B-CABF-605F-B7EAC2DFD0C0" name="INSUMO_CLINICAS">
<sourceConnName>PRFINALBD2020</sourceConnName>
<sourceObjSchema>MARIO</sourceObjSchema>
<sourceObjName>INSUMO_CLINICAS</sourceObjName>
<createdBy>mario</createdBy>
<createdTime>2020-11-05 18:06:13 UTC</createdTime>
<ownerDesignName>Diagrama</ownerDesignName>
<allowColumnReorder>false</allowColumnReorder>
<existDependencyGenerateInDDl>true</existDependencyGenerateInDDl>
<parsed>true</parsed>
<columns itemClass="oracle.dbtools.crest.model.design.relational.Column">
<Column name="ID_CLINICA" id="DC7047F3-08DD-A021-B35A-3304F3A1F0D5">
<sourceConnName>PRFINALBD2020</sourceConnName>
<sourceObjSchema>INSUMO_CLINICAS</sourceObjSchema>
<sourceObjName>ID_CLINICA</sourceObjName>
<createdBy>mario</createdBy>
<createdTime>2020-11-05 18:06:14 UTC</createdTime>
<ownerDesignName>Diagrama</ownerDesignName>
<useDomainConstraints>false</useDomainConstraints>
<use>1</use>
<logicalDatatype>LOGDT019</logicalDatatype>
<dataTypePrecision>*</dataTypePrecision>
<dataTypeScale>0</dataTypeScale>
<ownDataTypeParameters>,*,0</ownDataTypeParameters>
<autoIncrementCycle>false</autoIncrementCycle>
<associations>
<colAssociation fkAssociation="F923085B-D4FE-B346-0443-59AA7DC28B15" referredColumn="CB9D954F-E1C1-0D94-0C8E-CBB7527672F0"/>
</associations>
</Column>
<Column name="ID_INSUMO" id="C2F42FA9-6E1C-574B-20E9-74389709B3B0">
<sourceConnName>PRFINALBD2020</sourceConnName>
<sourceObjSchema>INSUMO_CLINICAS</sourceObjSchema>
<sourceObjName>ID_INSUMO</sourceObjName>
<createdBy>mario</createdBy>
<createdTime>2020-11-05 18:06:14 UTC</createdTime>
<ownerDesignName>Diagrama</ownerDesignName>
<useDomainConstraints>false</useDomainConstraints>
<use>1</use>
<logicalDatatype>LOGDT019</logicalDatatype>
<dataTypePrecision>*</dataTypePrecision>
<dataTypeScale>0</dataTypeScale>
<ownDataTypeParameters>,*,0</ownDataTypeParameters>
<autoIncrementCycle>false</autoIncrementCycle>
<associations>
<colAssociation fkAssociation="D28E9C1C-5131-C23E-C895-6421A72185B1" referredColumn="8889FFF4-C504-18C3-2155-E41B76785EBE"/>
</associations>
</Column>
<Column name="ID_LOTE" id="E0AAEE76-7A2C-37C4-B5A4-39EF7C16CEFA">
<sourceConnName>PRFINALBD2020</sourceConnName>
<sourceObjSchema>INSUMO_CLINICAS</sourceObjSchema>
<sourceObjName>ID_LOTE</sourceObjName>
<createdBy>mario</createdBy>
<createdTime>2020-11-05 18:06:14 UTC</createdTime>
<ownerDesignName>Diagrama</ownerDesignName>
<useDomainConstraints>false</useDomainConstraints>
<use>1</use>
<logicalDatatype>LOGDT019</logicalDatatype>
<dataTypePrecision>*</dataTypePrecision>
<dataTypeScale>0</dataTypeScale>
<ownDataTypeParameters>,*,0</ownDataTypeParameters>
<autoIncrementCycle>false</autoIncrementCycle>
</Column>
<Column name="CANTIDAD" id="75B3E4B4-32D1-5548-F019-F4BF306D8FDD">
<sourceConnName>PRFINALBD2020</sourceConnName>
<sourceObjSchema>INSUMO_CLINICAS</sourceObjSchema>
<sourceObjName>CANTIDAD</sourceObjName>
<createdBy>mario</createdBy>
<createdTime>2020-11-05 18:06:14 UTC</createdTime>
<ownerDesignName>Diagrama</ownerDesignName>
<nullsAllowed>true</nullsAllowed>
<useDomainConstraints>false</useDomainConstraints>
<use>1</use>
<logicalDatatype>LOGDT019</logicalDatatype>
<dataTypePrecision>4</dataTypePrecision>
<dataTypeScale>0</dataTypeScale>
<ownDataTypeParameters>,4,0</ownDataTypeParameters>
<autoIncrementCycle>false</autoIncrementCycle>
</Column>
</columns>
<indexes itemClass="oracle.dbtools.crest.model.design.relational.Index">
<ind_PK_UK id="AF14E898-4DCD-3517-20BB-86A6D882099E" name="INSUMO_CLINICAS_PK">
<sourceConnName>PRFINALBD2020</sourceConnName>
<sourceObjSchema>MARIO</sourceObjSchema>
<sourceObjName>INSUMO_CLINICAS_PK</sourceObjName>
<createdBy>mario</createdBy>
<createdTime>2020-11-05 18:06:14 UTC</createdTime>
<ownerDesignName>Diagrama</ownerDesignName>
<pk>true</pk>
<indexState>Primary Constraint</indexState>
<isSurrogateKey>false</isSurrogateKey>
<indexColumnUsage>
<colUsage columnID="C2F42FA9-6E1C-574B-20E9-74389709B3B0"/>
<colUsage columnID="E0AAEE76-7A2C-37C4-B5A4-39EF7C16CEFA"/>
</indexColumnUsage>
</ind_PK_UK>
<ind_PK_UK id="9697994B-872A-811A-4F44-EED9A4375171" schemaObject="F64E1D9B-7E6B-CABF-605F-B7EAC2DFD0C0" name="INSUMO_CLINICAS_PK">
<sourceConnName>PRFINALBD2020</sourceConnName>
<sourceObjSchema>MARIO</sourceObjSchema>
<sourceObjName>INSUMO_CLINICAS_PK</sourceObjName>
<createdBy>mario</createdBy>
<createdTime>2020-11-05 18:06:14 UTC</createdTime>
<ownerDesignName>Diagrama</ownerDesignName>
<indexState>Unique Plain Index</indexState>
<isSurrogateKey>false</isSurrogateKey>
<indexColumnUsage>
<colUsage columnID="C2F42FA9-6E1C-574B-20E9-74389709B3B0"/>
<colUsage columnID="E0AAEE76-7A2C-37C4-B5A4-39EF7C16CEFA"/>
</indexColumnUsage>
</ind_PK_UK>
<ind_PK_UK id="D09E56A4-CE2B-668F-F7C4-62FDEB411CFF" name="INSUMO_CLINICAS_CLINICAS_FK">
<createdBy>mario</createdBy>
<createdTime>2020-11-05 18:06:14 UTC</createdTime>
<ownerDesignName>Diagrama</ownerDesignName>
<indexState>Foreign Key</indexState>
<isSurrogateKey>false</isSurrogateKey>
<indexColumnUsage>
<colUsage columnID="DC7047F3-08DD-A021-B35A-3304F3A1F0D5"/>
</indexColumnUsage>
</ind_PK_UK>
<ind_PK_UK id="F36673FD-CD87-CCC9-219E-CB6A4E11557C" name="INSUMO_CLINICAS_INSUMO_FK">
<createdBy>mario</createdBy>
<createdTime>2020-11-05 18:06:14 UTC</createdTime>
<ownerDesignName>Diagrama</ownerDesignName>
<indexState>Foreign Key</indexState>
<isSurrogateKey>false</isSurrogateKey>
<indexColumnUsage>
<colUsage columnID="C2F42FA9-6E1C-574B-20E9-74389709B3B0"/>
</indexColumnUsage>
</ind_PK_UK>
</indexes>
</Table>