<?xml version = '1.0' encoding = 'UTF-8'?>
<Table class="oracle.dbtools.crest.model.design.relational.Table" directorySegmentName="seg_0" id="13A6D57A-E05C-C2C7-528F-4D5E0413B7FF" schemaObject="F64E1D9B-7E6B-CABF-605F-B7EAC2DFD0C0" name="INTERES">
<sourceConnName>PRFINALBD2020</sourceConnName>
<sourceObjSchema>MARIO</sourceObjSchema>
<sourceObjName>INTERES</sourceObjName>
<createdBy>mario</createdBy>
<createdTime>2020-11-05 18:06:13 UTC</createdTime>
<ownerDesignName>Diagrama</ownerDesignName>
<allowColumnReorder>false</allowColumnReorder>
<existDependencyGenerateInDDl>true</existDependencyGenerateInDDl>
<parsed>true</parsed>
<columns itemClass="oracle.dbtools.crest.model.design.relational.Column">
<Column name="ID_INTERES" id="5D2248CC-463C-2A90-D4B2-FEEB91ADD49C">
<sourceConnName>PRFINALBD2020</sourceConnName>
<sourceObjSchema>INTERES</sourceObjSchema>
<sourceObjName>ID_INTERES</sourceObjName>
<createdBy>mario</createdBy>
<createdTime>2020-11-05 18:06:14 UTC</createdTime>
<ownerDesignName>Diagrama</ownerDesignName>
<useDomainConstraints>false</useDomainConstraints>
<use>1</use>
<logicalDatatype>LOGDT019</logicalDatatype>
<dataTypePrecision>*</dataTypePrecision>
<dataTypeScale>0</dataTypeScale>
<ownDataTypeParameters>,*,0</ownDataTypeParameters>
<autoIncrementCycle>false</autoIncrementCycle>
</Column>
<Column name="INTERES" id="4D3B2FDE-6027-7EA6-1B44-AF8EB03C6154">
<sourceConnName>PRFINALBD2020</sourceConnName>
<sourceObjSchema>INTERES</sourceObjSchema>
<sourceObjName>INTERES</sourceObjName>
<createdBy>mario</createdBy>
<createdTime>2020-11-05 18:06:14 UTC</createdTime>
<ownerDesignName>Diagrama</ownerDesignName>
<nullsAllowed>true</nullsAllowed>
<useDomainConstraints>false</useDomainConstraints>
<use>1</use>
<logicalDatatype>LOGDT021</logicalDatatype>
<dataTypePrecision>126</dataTypePrecision>
<ownDataTypeParameters>,126,</ownDataTypeParameters>
<autoIncrementCycle>false</autoIncrementCycle>
</Column>
<Column name="FECHA" id="A7AE6208-BBCA-ACA7-FFD5-1BE63A0A1EDD">
<sourceConnName>PRFINALBD2020</sourceConnName>
<sourceObjSchema>INTERES</sourceObjSchema>
<sourceObjName>FECHA</sourceObjName>
<createdBy>mario</createdBy>
<createdTime>2020-11-05 18:06:14 UTC</createdTime>
<ownerDesignName>Diagrama</ownerDesignName>
<nullsAllowed>true</nullsAllowed>
<useDomainConstraints>false</useDomainConstraints>
<use>1</use>
<logicalDatatype>LOGDT007</logicalDatatype>
<dataTypeSize>7</dataTypeSize>
<ownDataTypeParameters>7,,</ownDataTypeParameters>
<autoIncrementCycle>false</autoIncrementCycle>
</Column>
<Column name="USUARIO_REGISTRO" id="2C203031-2F39-1D8E-53F6-3E85B1DF91DD">
<sourceConnName>PRFINALBD2020</sourceConnName>
<sourceObjSchema>INTERES</sourceObjSchema>
<sourceObjName>USUARIO_REGISTRO</sourceObjName>
<createdBy>mario</createdBy>
<createdTime>2020-11-05 18:06:14 UTC</createdTime>
<ownerDesignName>Diagrama</ownerDesignName>
<nullsAllowed>true</nullsAllowed>
<useDomainConstraints>false</useDomainConstraints>
<use>1</use>
<logicalDatatype>LOGDT019</logicalDatatype>
<dataTypePrecision>*</dataTypePrecision>
<dataTypeScale>0</dataTypeScale>
<ownDataTypeParameters>,*,0</ownDataTypeParameters>
<autoIncrementCycle>false</autoIncrementCycle>
</Column>
</columns>
<indexes itemClass="oracle.dbtools.crest.model.design.relational.Index">
<ind_PK_UK id="7B95D5FB-D4B6-89E5-E75D-4F6FE4A38E5D" name="PK_INTERES">
<sourceConnName>PRFINALBD2020</sourceConnName>
<sourceObjSchema>MARIO</sourceObjSchema>
<sourceObjName>PK_INTERES</sourceObjName>
<createdBy>mario</createdBy>
<createdTime>2020-11-05 18:06:14 UTC</createdTime>
<ownerDesignName>Diagrama</ownerDesignName>
<pk>true</pk>
<indexState>Primary Constraint</indexState>
<isSurrogateKey>false</isSurrogateKey>
<indexColumnUsage>
<colUsage columnID="5D2248CC-463C-2A90-D4B2-FEEB91ADD49C"/>
</indexColumnUsage>
</ind_PK_UK>
<ind_PK_UK id="16FA8197-4446-C62D-71DB-735E799CE8D0" schemaObject="F64E1D9B-7E6B-CABF-605F-B7EAC2DFD0C0" name="PK_INTERES">
<sourceConnName>PRFINALBD2020</sourceConnName>
<sourceObjSchema>MARIO</sourceObjSchema>
<sourceObjName>PK_INTERES</sourceObjName>
<createdBy>mario</createdBy>
<createdTime>2020-11-05 18:06:14 UTC</createdTime>
<ownerDesignName>Diagrama</ownerDesignName>
<indexState>Unique Plain Index</indexState>
<isSurrogateKey>false</isSurrogateKey>
<indexColumnUsage>
<colUsage columnID="5D2248CC-463C-2A90-D4B2-FEEB91ADD49C"/>
</indexColumnUsage>
</ind_PK_UK>
</indexes>
</Table>