<?xml version = '1.0' encoding = 'UTF-8'?>
<Table class="oracle.dbtools.crest.model.design.relational.Table" directorySegmentName="seg_0" id="14138C3E-2D0F-1017-AA0F-B46F2712FB04" schemaObject="F64E1D9B-7E6B-CABF-605F-B7EAC2DFD0C0" name="ROL_USUARIO">
<sourceConnName>PRFINALBD2020</sourceConnName>
<sourceObjSchema>MARIO</sourceObjSchema>
<sourceObjName>ROL_USUARIO</sourceObjName>
<createdBy>mario</createdBy>
<createdTime>2020-11-05 18:06:14 UTC</createdTime>
<ownerDesignName>Diagrama</ownerDesignName>
<allowColumnReorder>false</allowColumnReorder>
<existDependencyGenerateInDDl>true</existDependencyGenerateInDDl>
<parsed>true</parsed>
<columns itemClass="oracle.dbtools.crest.model.design.relational.Column">
<Column name="ID_USUARIO" id="4DDBDEDF-ED47-5F6B-6850-C14D984061D3">
<sourceConnName>PRFINALBD2020</sourceConnName>
<sourceObjSchema>ROL_USUARIO</sourceObjSchema>
<sourceObjName>ID_USUARIO</sourceObjName>
<createdBy>mario</createdBy>
<createdTime>2020-11-05 18:06:14 UTC</createdTime>
<ownerDesignName>Diagrama</ownerDesignName>
<useDomainConstraints>false</useDomainConstraints>
<use>1</use>
<logicalDatatype>LOGDT019</logicalDatatype>
<dataTypePrecision>*</dataTypePrecision>
<dataTypeScale>0</dataTypeScale>
<ownDataTypeParameters>,*,0</ownDataTypeParameters>
<autoIncrementCycle>false</autoIncrementCycle>
</Column>
<Column name="ID_ROL_USUARIO" id="107741C4-AA71-68B5-7B91-7CDA244A8B0D">
<sourceConnName>PRFINALBD2020</sourceConnName>
<sourceObjSchema>ROL_USUARIO</sourceObjSchema>
<sourceObjName>ID_ROL_USUARIO</sourceObjName>
<createdBy>mario</createdBy>
<createdTime>2020-11-05 18:06:14 UTC</createdTime>
<ownerDesignName>Diagrama</ownerDesignName>
<useDomainConstraints>false</useDomainConstraints>
<use>1</use>
<logicalDatatype>LOGDT019</logicalDatatype>
<dataTypePrecision>*</dataTypePrecision>
<dataTypeScale>0</dataTypeScale>
<ownDataTypeParameters>,*,0</ownDataTypeParameters>
<autoIncrementCycle>false</autoIncrementCycle>
<associations>
<colAssociation fkAssociation="D5F24D47-416C-BCF2-3434-728B61DBB04D" referredColumn="09F50356-61F3-671F-F4E6-CC7A168B4644"/>
</associations>
</Column>
<Column name="ID_ROL_APLICACION" id="E47FE5B7-32E8-B0C7-816F-EE22E54FE8EC">
<sourceConnName>PRFINALBD2020</sourceConnName>
<sourceObjSchema>ROL_USUARIO</sourceObjSchema>
<sourceObjName>ID_ROL_APLICACION</sourceObjName>
<createdBy>mario</createdBy>
<createdTime>2020-11-05 18:06:14 UTC</createdTime>
<ownerDesignName>Diagrama</ownerDesignName>
<useDomainConstraints>false</useDomainConstraints>
<use>1</use>
<logicalDatatype>LOGDT019</logicalDatatype>
<dataTypePrecision>*</dataTypePrecision>
<dataTypeScale>0</dataTypeScale>
<ownDataTypeParameters>,*,0</ownDataTypeParameters>
<autoIncrementCycle>false</autoIncrementCycle>
<associations>
<colAssociation fkAssociation="D47F4DEB-9793-A87D-A8F5-68A28442D95B" referredColumn="361C19DC-0238-BC82-B82E-13BB149AB124"/>
</associations>
</Column>
<Column name="ID_PERSONA" id="2250A2B1-DB98-EABB-9F17-FF63F2F8DB2E">
<sourceConnName>PRFINALBD2020</sourceConnName>
<sourceObjSchema>ROL_USUARIO</sourceObjSchema>
<sourceObjName>ID_PERSONA</sourceObjName>
<createdBy>mario</createdBy>
<createdTime>2020-11-05 18:06:14 UTC</createdTime>
<ownerDesignName>Diagrama</ownerDesignName>
<useDomainConstraints>false</useDomainConstraints>
<use>1</use>
<logicalDatatype>LOGDT019</logicalDatatype>
<dataTypePrecision>*</dataTypePrecision>
<dataTypeScale>0</dataTypeScale>
<ownDataTypeParameters>,*,0</ownDataTypeParameters>
<autoIncrementCycle>false</autoIncrementCycle>
<associations>
<colAssociation fkAssociation="80B07241-8DE0-D050-CC19-4B8D753C4F5C" referredColumn="2874E60D-B59D-BC95-05B4-A4C7593031E2"/>
</associations>
</Column>
</columns>
<indexes itemClass="oracle.dbtools.crest.model.design.relational.Index">
<ind_PK_UK id="4B383B73-E8E8-B2DE-14B1-B4AC9E9505DA" name="ROL_USUARIO_NEW_PK">
<sourceConnName>PRFINALBD2020</sourceConnName>
<sourceObjSchema>MARIO</sourceObjSchema>
<sourceObjName>ROL_USUARIO_NEW_PK</sourceObjName>
<createdBy>mario</createdBy>
<createdTime>2020-11-05 18:06:14 UTC</createdTime>
<ownerDesignName>Diagrama</ownerDesignName>
<pk>true</pk>
<indexState>Primary Constraint</indexState>
<isSurrogateKey>false</isSurrogateKey>
<indexColumnUsage>
<colUsage columnID="107741C4-AA71-68B5-7B91-7CDA244A8B0D"/>
<colUsage columnID="4DDBDEDF-ED47-5F6B-6850-C14D984061D3"/>
</indexColumnUsage>
</ind_PK_UK>
<ind_PK_UK id="F250F221-C2EE-7874-26C9-619DC82E6D33" schemaObject="F64E1D9B-7E6B-CABF-605F-B7EAC2DFD0C0" name="ROL_USUARIO_NEW_PK">
<sourceConnName>PRFINALBD2020</sourceConnName>
<sourceObjSchema>MARIO</sourceObjSchema>
<sourceObjName>ROL_USUARIO_NEW_PK</sourceObjName>
<createdBy>mario</createdBy>
<createdTime>2020-11-05 18:06:14 UTC</createdTime>
<ownerDesignName>Diagrama</ownerDesignName>
<indexState>Unique Plain Index</indexState>
<isSurrogateKey>false</isSurrogateKey>
<indexColumnUsage>
<colUsage columnID="107741C4-AA71-68B5-7B91-7CDA244A8B0D"/>
<colUsage columnID="4DDBDEDF-ED47-5F6B-6850-C14D984061D3"/>
</indexColumnUsage>
</ind_PK_UK>
<ind_PK_UK id="63B9D922-D3AC-4BF5-6A24-5310C4301915" name="ID_ROLAPLICACION_USUARIO">
<createdBy>mario</createdBy>
<createdTime>2020-11-05 18:06:14 UTC</createdTime>
<ownerDesignName>Diagrama</ownerDesignName>
<indexState>Foreign Key</indexState>
<isSurrogateKey>false</isSurrogateKey>
<indexColumnUsage>
<colUsage columnID="E47FE5B7-32E8-B0C7-816F-EE22E54FE8EC"/>
</indexColumnUsage>
</ind_PK_UK>
<ind_PK_UK id="E8BDA2AA-272B-E389-78DB-F9D4E90494C9" name="ROL_USUARIO_PERSONA_FK">
<createdBy>mario</createdBy>
<createdTime>2020-11-05 18:06:14 UTC</createdTime>
<ownerDesignName>Diagrama</ownerDesignName>
<indexState>Foreign Key</indexState>
<isSurrogateKey>false</isSurrogateKey>
<indexColumnUsage>
<colUsage columnID="2250A2B1-DB98-EABB-9F17-FF63F2F8DB2E"/>
</indexColumnUsage>
</ind_PK_UK>
<ind_PK_UK id="8EF1F29B-A1BD-8A0F-416D-501EA70DDBBF" name="ROL_USUARIO_ROL_FK">
<createdBy>mario</createdBy>
<createdTime>2020-11-05 18:06:14 UTC</createdTime>
<ownerDesignName>Diagrama</ownerDesignName>
<indexState>Foreign Key</indexState>
<isSurrogateKey>false</isSurrogateKey>
<indexColumnUsage>
<colUsage columnID="107741C4-AA71-68B5-7B91-7CDA244A8B0D"/>
</indexColumnUsage>
</ind_PK_UK>
</indexes>
</Table>