<?xml version = '1.0' encoding = 'UTF-8'?>
<Table class="oracle.dbtools.crest.model.design.relational.Table" directorySegmentName="seg_0" id="24527552-2730-7B88-65CD-9CA081EA3D1D" schemaObject="F64E1D9B-7E6B-CABF-605F-B7EAC2DFD0C0" name="CLINICAS">
<sourceConnName>PRFINALBD2020</sourceConnName>
<sourceObjSchema>MARIO</sourceObjSchema>
<sourceObjName>CLINICAS</sourceObjName>
<createdBy>mario</createdBy>
<createdTime>2020-11-05 18:06:13 UTC</createdTime>
<ownerDesignName>Diagrama</ownerDesignName>
<allowColumnReorder>false</allowColumnReorder>
<existDependencyGenerateInDDl>true</existDependencyGenerateInDDl>
<parsed>true</parsed>
<columns itemClass="oracle.dbtools.crest.model.design.relational.Column">
<Column name="ID_CLINICA" id="CB9D954F-E1C1-0D94-0C8E-CBB7527672F0">
<sourceConnName>PRFINALBD2020</sourceConnName>
<sourceObjSchema>CLINICAS</sourceObjSchema>
<sourceObjName>ID_CLINICA</sourceObjName>
<createdBy>mario</createdBy>
<createdTime>2020-11-05 18:06:14 UTC</createdTime>
<ownerDesignName>Diagrama</ownerDesignName>
<useDomainConstraints>false</useDomainConstraints>
<use>1</use>
<logicalDatatype>LOGDT019</logicalDatatype>
<dataTypePrecision>*</dataTypePrecision>
<dataTypeScale>0</dataTypeScale>
<ownDataTypeParameters>,*,0</ownDataTypeParameters>
<autoIncrementCycle>false</autoIncrementCycle>
</Column>
<Column name="ID_SEDE" id="625DC37A-71A7-615A-4168-04E1454A0B31">
<sourceConnName>PRFINALBD2020</sourceConnName>
<sourceObjSchema>CLINICAS</sourceObjSchema>
<sourceObjName>ID_SEDE</sourceObjName>
<createdBy>mario</createdBy>
<createdTime>2020-11-05 18:06:14 UTC</createdTime>
<ownerDesignName>Diagrama</ownerDesignName>
<useDomainConstraints>false</useDomainConstraints>
<use>1</use>
<logicalDatatype>LOGDT019</logicalDatatype>
<dataTypePrecision>*</dataTypePrecision>
<dataTypeScale>0</dataTypeScale>
<ownDataTypeParameters>,*,0</ownDataTypeParameters>
<autoIncrementCycle>false</autoIncrementCycle>
<associations>
<colAssociation fkAssociation="B1FF8898-2CD7-379E-EFAC-EA30A6C37FA4" referredColumn="8E55F802-810B-3DA9-D0ED-67E501BEAE74"/>
</associations>
</Column>
<Column name="DESCRIPCION" id="97DFAF06-0116-E6D8-A403-CCCD62C62A17">
<sourceConnName>PRFINALBD2020</sourceConnName>
<sourceObjSchema>CLINICAS</sourceObjSchema>
<sourceObjName>DESCRIPCION</sourceObjName>
<createdBy>mario</createdBy>
<createdTime>2020-11-05 18:06:14 UTC</createdTime>
<ownerDesignName>Diagrama</ownerDesignName>
<nullsAllowed>true</nullsAllowed>
<useDomainConstraints>false</useDomainConstraints>
<use>1</use>
<logicalDatatype>LOGDT024</logicalDatatype>
<dataTypeSize>50 BYTE</dataTypeSize>
<ownDataTypeParameters>50 BYTE,,</ownDataTypeParameters>
<autoIncrementCycle>false</autoIncrementCycle>
</Column>
</columns>
<indexes itemClass="oracle.dbtools.crest.model.design.relational.Index">
<ind_PK_UK id="A1217E4B-5103-3928-1F84-81CC25F4E7EE" name="CLINICAS_PK">
<sourceConnName>PRFINALBD2020</sourceConnName>
<sourceObjSchema>MARIO</sourceObjSchema>
<sourceObjName>CLINICAS_PK</sourceObjName>
<createdBy>mario</createdBy>
<createdTime>2020-11-05 18:06:14 UTC</createdTime>
<ownerDesignName>Diagrama</ownerDesignName>
<pk>true</pk>
<indexState>Primary Constraint</indexState>
<isSurrogateKey>false</isSurrogateKey>
<indexColumnUsage>
<colUsage columnID="CB9D954F-E1C1-0D94-0C8E-CBB7527672F0"/>
</indexColumnUsage>
</ind_PK_UK>
<ind_PK_UK id="541FC213-C5CA-4DC8-E1F0-4A9C8510BA77" schemaObject="F64E1D9B-7E6B-CABF-605F-B7EAC2DFD0C0" name="CLINICAS_PK">
<sourceConnName>PRFINALBD2020</sourceConnName>
<sourceObjSchema>MARIO</sourceObjSchema>
<sourceObjName>CLINICAS_PK</sourceObjName>
<createdBy>mario</createdBy>
<createdTime>2020-11-05 18:06:14 UTC</createdTime>
<ownerDesignName>Diagrama</ownerDesignName>
<indexState>Unique Plain Index</indexState>
<isSurrogateKey>false</isSurrogateKey>
<indexColumnUsage>
<colUsage columnID="CB9D954F-E1C1-0D94-0C8E-CBB7527672F0"/>
</indexColumnUsage>
</ind_PK_UK>
<ind_PK_UK id="1D34EE4B-1BEF-821E-E2CC-7B83944FBD13" name="CLINICAS_SEDE_FK">
<createdBy>mario</createdBy>
<createdTime>2020-11-05 18:06:14 UTC</createdTime>
<ownerDesignName>Diagrama</ownerDesignName>
<indexState>Foreign Key</indexState>
<isSurrogateKey>false</isSurrogateKey>
<indexColumnUsage>
<colUsage columnID="625DC37A-71A7-615A-4168-04E1454A0B31"/>
</indexColumnUsage>
</ind_PK_UK>
</indexes>
</Table>