<?xml version = '1.0' encoding = 'UTF-8'?>
<Table class="oracle.dbtools.crest.model.design.relational.Table" directorySegmentName="seg_0" id="25085143-ADCB-A1E4-C85C-50A26FFDDD72" schemaObject="F64E1D9B-7E6B-CABF-605F-B7EAC2DFD0C0" name="DETALLE_PAGO_CLIENTE">
<sourceConnName>PRFINALBD2020</sourceConnName>
<sourceObjSchema>MARIO</sourceObjSchema>
<sourceObjName>DETALLE_PAGO_CLIENTE</sourceObjName>
<createdBy>mario</createdBy>
<createdTime>2020-11-05 18:06:13 UTC</createdTime>
<ownerDesignName>Diagrama</ownerDesignName>
<allowColumnReorder>false</allowColumnReorder>
<existDependencyGenerateInDDl>true</existDependencyGenerateInDDl>
<parsed>true</parsed>
<columns itemClass="oracle.dbtools.crest.model.design.relational.Column">
<Column name="ID_DET_GAGO" id="867ED5C9-0368-05F6-C0C9-4003460D7F98">
<sourceConnName>PRFINALBD2020</sourceConnName>
<sourceObjSchema>DETALLE_PAGO_CLIENTE</sourceObjSchema>
<sourceObjName>ID_DET_GAGO</sourceObjName>
<createdBy>mario</createdBy>
<createdTime>2020-11-05 18:06:14 UTC</createdTime>
<ownerDesignName>Diagrama</ownerDesignName>
<useDomainConstraints>false</useDomainConstraints>
<use>1</use>
<logicalDatatype>LOGDT019</logicalDatatype>
<dataTypePrecision>*</dataTypePrecision>
<dataTypeScale>0</dataTypeScale>
<ownDataTypeParameters>,*,0</ownDataTypeParameters>
<autoIncrementCycle>false</autoIncrementCycle>
</Column>
<Column name="ID_TIPO_PAGO" id="7B6BE0DE-D2A0-D70B-5802-53175550AA06">
<sourceConnName>PRFINALBD2020</sourceConnName>
<sourceObjSchema>DETALLE_PAGO_CLIENTE</sourceObjSchema>
<sourceObjName>ID_TIPO_PAGO</sourceObjName>
<createdBy>mario</createdBy>
<createdTime>2020-11-05 18:06:14 UTC</createdTime>
<ownerDesignName>Diagrama</ownerDesignName>
<useDomainConstraints>false</useDomainConstraints>
<use>1</use>
<logicalDatatype>LOGDT019</logicalDatatype>
<dataTypePrecision>*</dataTypePrecision>
<dataTypeScale>0</dataTypeScale>
<ownDataTypeParameters>,*,0</ownDataTypeParameters>
<autoIncrementCycle>false</autoIncrementCycle>
<associations>
<colAssociation fkAssociation="A9FB7650-4A55-2CFD-ABAE-EBF354D71151" referredColumn="050062BD-6559-6D91-B94A-D243F1DE5D24"/>
</associations>
</Column>
<Column name="CANTIDAD" id="DB5CF042-55A5-C4EA-304E-60E0257E3629">
<sourceConnName>PRFINALBD2020</sourceConnName>
<sourceObjSchema>DETALLE_PAGO_CLIENTE</sourceObjSchema>
<sourceObjName>CANTIDAD</sourceObjName>
<createdBy>mario</createdBy>
<createdTime>2020-11-05 18:06:14 UTC</createdTime>
<ownerDesignName>Diagrama</ownerDesignName>
<useDomainConstraints>false</useDomainConstraints>
<use>1</use>
<logicalDatatype>LOGDT021</logicalDatatype>
<dataTypePrecision>126</dataTypePrecision>
<ownDataTypeParameters>,126,</ownDataTypeParameters>
<autoIncrementCycle>false</autoIncrementCycle>
</Column>
</columns>
<indexes itemClass="oracle.dbtools.crest.model.design.relational.Index">
<ind_PK_UK id="CC5ECCC6-4D8C-397E-4DE7-B34C9DA52F44" name="PK_DETALLE_PAGO_CLIENTE">
<sourceConnName>PRFINALBD2020</sourceConnName>
<sourceObjSchema>MARIO</sourceObjSchema>
<sourceObjName>PK_DETALLE_PAGO_CLIENTE</sourceObjName>
<createdBy>mario</createdBy>
<createdTime>2020-11-05 18:06:14 UTC</createdTime>
<ownerDesignName>Diagrama</ownerDesignName>
<pk>true</pk>
<indexState>Primary Constraint</indexState>
<isSurrogateKey>false</isSurrogateKey>
<indexColumnUsage>
<colUsage columnID="867ED5C9-0368-05F6-C0C9-4003460D7F98"/>
</indexColumnUsage>
</ind_PK_UK>
<ind_PK_UK id="D2DDB887-1231-085B-D299-F4D1271F4075" schemaObject="F64E1D9B-7E6B-CABF-605F-B7EAC2DFD0C0" name="PK_DETALLE_PAGO_CLIENTE">
<sourceConnName>PRFINALBD2020</sourceConnName>
<sourceObjSchema>MARIO</sourceObjSchema>
<sourceObjName>PK_DETALLE_PAGO_CLIENTE</sourceObjName>
<createdBy>mario</createdBy>
<createdTime>2020-11-05 18:06:14 UTC</createdTime>
<ownerDesignName>Diagrama</ownerDesignName>
<indexState>Unique Plain Index</indexState>
<isSurrogateKey>false</isSurrogateKey>
<indexColumnUsage>
<colUsage columnID="867ED5C9-0368-05F6-C0C9-4003460D7F98"/>
</indexColumnUsage>
</ind_PK_UK>
<ind_PK_UK id="0CFDCFE3-2666-8A83-AB3C-6002FCC33D3B" name="FK_DETALLE__REFERENCE_TIPO_PAG">
<createdBy>mario</createdBy>
<createdTime>2020-11-05 18:06:14 UTC</createdTime>
<ownerDesignName>Diagrama</ownerDesignName>
<indexState>Foreign Key</indexState>
<isSurrogateKey>false</isSurrogateKey>
<indexColumnUsage>
<colUsage columnID="7B6BE0DE-D2A0-D70B-5802-53175550AA06"/>
</indexColumnUsage>
</ind_PK_UK>
</indexes>
</Table>