<?xml version = '1.0' encoding = 'UTF-8'?>
<Table class="oracle.dbtools.crest.model.design.relational.Table" directorySegmentName="seg_0" id="2B1DDCCE-3845-0A08-9CE1-C8A801AE01D0" schemaObject="F64E1D9B-7E6B-CABF-605F-B7EAC2DFD0C0" name="COMPRAS">
<sourceConnName>PRFINALBD2020</sourceConnName>
<sourceObjSchema>MARIO</sourceObjSchema>
<sourceObjName>COMPRAS</sourceObjName>
<createdBy>mario</createdBy>
<createdTime>2020-11-05 18:06:13 UTC</createdTime>
<ownerDesignName>Diagrama</ownerDesignName>
<allowColumnReorder>false</allowColumnReorder>
<existDependencyGenerateInDDl>true</existDependencyGenerateInDDl>
<parsed>true</parsed>
<columns itemClass="oracle.dbtools.crest.model.design.relational.Column">
<Column name="ID_COMPRA" id="6E806D51-8CCE-BBA2-4D7F-6BFAE6A7274F">
<sourceConnName>PRFINALBD2020</sourceConnName>
<sourceObjSchema>COMPRAS</sourceObjSchema>
<sourceObjName>ID_COMPRA</sourceObjName>
<createdBy>mario</createdBy>
<createdTime>2020-11-05 18:06:14 UTC</createdTime>
<ownerDesignName>Diagrama</ownerDesignName>
<useDomainConstraints>false</useDomainConstraints>
<use>1</use>
<logicalDatatype>LOGDT019</logicalDatatype>
<dataTypePrecision>*</dataTypePrecision>
<dataTypeScale>0</dataTypeScale>
<ownDataTypeParameters>,*,0</ownDataTypeParameters>
<autoIncrementCycle>false</autoIncrementCycle>
</Column>
<Column name="ID_LOTE" id="B1C4DA60-7F4E-9E88-5249-5A58C38BB4CB">
<sourceConnName>PRFINALBD2020</sourceConnName>
<sourceObjSchema>COMPRAS</sourceObjSchema>
<sourceObjName>ID_LOTE</sourceObjName>
<createdBy>mario</createdBy>
<createdTime>2020-11-05 18:06:14 UTC</createdTime>
<ownerDesignName>Diagrama</ownerDesignName>
<nullsAllowed>true</nullsAllowed>
<useDomainConstraints>false</useDomainConstraints>
<use>1</use>
<logicalDatatype>LOGDT019</logicalDatatype>
<dataTypePrecision>*</dataTypePrecision>
<dataTypeScale>0</dataTypeScale>
<ownDataTypeParameters>,*,0</ownDataTypeParameters>
<autoIncrementCycle>false</autoIncrementCycle>
</Column>
<Column name="ID_PROVEEDOR" id="EB15BB0C-E27F-6B74-E689-F79495D152EE">
<sourceConnName>PRFINALBD2020</sourceConnName>
<sourceObjSchema>COMPRAS</sourceObjSchema>
<sourceObjName>ID_PROVEEDOR</sourceObjName>
<createdBy>mario</createdBy>
<createdTime>2020-11-05 18:06:14 UTC</createdTime>
<ownerDesignName>Diagrama</ownerDesignName>
<nullsAllowed>true</nullsAllowed>
<useDomainConstraints>false</useDomainConstraints>
<use>1</use>
<logicalDatatype>LOGDT019</logicalDatatype>
<dataTypePrecision>*</dataTypePrecision>
<dataTypeScale>0</dataTypeScale>
<ownDataTypeParameters>,*,0</ownDataTypeParameters>
<autoIncrementCycle>false</autoIncrementCycle>
</Column>
<Column name="NO_FACTURA" id="7F55C26A-DCF6-B763-E233-B5F7F7665F9C">
<sourceConnName>PRFINALBD2020</sourceConnName>
<sourceObjSchema>COMPRAS</sourceObjSchema>
<sourceObjName>NO_FACTURA</sourceObjName>
<createdBy>mario</createdBy>
<createdTime>2020-11-05 18:06:14 UTC</createdTime>
<ownerDesignName>Diagrama</ownerDesignName>
<nullsAllowed>true</nullsAllowed>
<useDomainConstraints>false</useDomainConstraints>
<use>1</use>
<logicalDatatype>LOGDT024</logicalDatatype>
<dataTypeSize>25 BYTE</dataTypeSize>
<ownDataTypeParameters>25 BYTE,,</ownDataTypeParameters>
<autoIncrementCycle>false</autoIncrementCycle>
</Column>
<Column name="FECHA" id="E5F3001B-A8E1-36B4-98FB-B658C31D1370">
<sourceConnName>PRFINALBD2020</sourceConnName>
<sourceObjSchema>COMPRAS</sourceObjSchema>
<sourceObjName>FECHA</sourceObjName>
<createdBy>mario</createdBy>
<createdTime>2020-11-05 18:06:14 UTC</createdTime>
<ownerDesignName>Diagrama</ownerDesignName>
<nullsAllowed>true</nullsAllowed>
<useDomainConstraints>false</useDomainConstraints>
<use>1</use>
<logicalDatatype>LOGDT007</logicalDatatype>
<dataTypeSize>7</dataTypeSize>
<ownDataTypeParameters>7,,</ownDataTypeParameters>
<autoIncrementCycle>false</autoIncrementCycle>
</Column>
<Column name="RECARGOS" id="829FE7F4-96D6-72BD-7DE1-16D25742932D">
<sourceConnName>PRFINALBD2020</sourceConnName>
<sourceObjSchema>COMPRAS</sourceObjSchema>
<sourceObjName>RECARGOS</sourceObjName>
<createdBy>mario</createdBy>
<createdTime>2020-11-05 18:06:14 UTC</createdTime>
<ownerDesignName>Diagrama</ownerDesignName>
<nullsAllowed>true</nullsAllowed>
<useDomainConstraints>false</useDomainConstraints>
<use>1</use>
<logicalDatatype>LOGDT019</logicalDatatype>
<ownDataTypeParameters>,,</ownDataTypeParameters>
<autoIncrementCycle>false</autoIncrementCycle>
</Column>
<Column name="DESCUENTOS" id="2357C40D-0760-248C-8661-107DDD6B094F">
<sourceConnName>PRFINALBD2020</sourceConnName>
<sourceObjSchema>COMPRAS</sourceObjSchema>
<sourceObjName>DESCUENTOS</sourceObjName>
<createdBy>mario</createdBy>
<createdTime>2020-11-05 18:06:14 UTC</createdTime>
<ownerDesignName>Diagrama</ownerDesignName>
<nullsAllowed>true</nullsAllowed>
<useDomainConstraints>false</useDomainConstraints>
<use>1</use>
<logicalDatatype>LOGDT019</logicalDatatype>
<ownDataTypeParameters>,,</ownDataTypeParameters>
<autoIncrementCycle>false</autoIncrementCycle>
</Column>
<Column name="TOTAL" id="B2067680-A200-B345-7B3D-E406D4DD0B21">
<sourceConnName>PRFINALBD2020</sourceConnName>
<sourceObjSchema>COMPRAS</sourceObjSchema>
<sourceObjName>TOTAL</sourceObjName>
<createdBy>mario</createdBy>
<createdTime>2020-11-05 18:06:14 UTC</createdTime>
<ownerDesignName>Diagrama</ownerDesignName>
<nullsAllowed>true</nullsAllowed>
<useDomainConstraints>false</useDomainConstraints>
<use>1</use>
<logicalDatatype>LOGDT019</logicalDatatype>
<ownDataTypeParameters>,,</ownDataTypeParameters>
<autoIncrementCycle>false</autoIncrementCycle>
</Column>
</columns>
<indexes itemClass="oracle.dbtools.crest.model.design.relational.Index">
<ind_PK_UK id="B7C146E0-E036-2870-CE0C-C5712F65ABA1" name="COMPRAS_PK">
<sourceConnName>PRFINALBD2020</sourceConnName>
<sourceObjSchema>MARIO</sourceObjSchema>
<sourceObjName>COMPRAS_PK</sourceObjName>
<createdBy>mario</createdBy>
<createdTime>2020-11-05 18:06:14 UTC</createdTime>
<ownerDesignName>Diagrama</ownerDesignName>
<pk>true</pk>
<indexState>Primary Constraint</indexState>
<isSurrogateKey>false</isSurrogateKey>
<indexColumnUsage>
<colUsage columnID="6E806D51-8CCE-BBA2-4D7F-6BFAE6A7274F"/>
</indexColumnUsage>
</ind_PK_UK>
<ind_PK_UK id="1F37617F-D175-21B3-A506-3BB175BB5B4D" schemaObject="F64E1D9B-7E6B-CABF-605F-B7EAC2DFD0C0" name="COMPRAS_PK">
<sourceConnName>PRFINALBD2020</sourceConnName>
<sourceObjSchema>MARIO</sourceObjSchema>
<sourceObjName>COMPRAS_PK</sourceObjName>
<createdBy>mario</createdBy>
<createdTime>2020-11-05 18:06:14 UTC</createdTime>
<ownerDesignName>Diagrama</ownerDesignName>
<indexState>Unique Plain Index</indexState>
<isSurrogateKey>false</isSurrogateKey>
<indexColumnUsage>
<colUsage columnID="6E806D51-8CCE-BBA2-4D7F-6BFAE6A7274F"/>
</indexColumnUsage>
</ind_PK_UK>
</indexes>
</Table>