<?xml version = '1.0' encoding = 'UTF-8'?>
<Table class="oracle.dbtools.crest.model.design.relational.Table" directorySegmentName="seg_0" id="354CC805-22AB-68F6-06F1-F270CDC2F67C" schemaObject="F64E1D9B-7E6B-CABF-605F-B7EAC2DFD0C0" name="ROL">
<sourceConnName>PRFINALBD2020</sourceConnName>
<sourceObjSchema>MARIO</sourceObjSchema>
<sourceObjName>ROL</sourceObjName>
<createdBy>mario</createdBy>
<createdTime>2020-11-05 18:06:14 UTC</createdTime>
<ownerDesignName>Diagrama</ownerDesignName>
<allowColumnReorder>false</allowColumnReorder>
<existDependencyGenerateInDDl>true</existDependencyGenerateInDDl>
<parsed>true</parsed>
<columns itemClass="oracle.dbtools.crest.model.design.relational.Column">
<Column name="ID_ROL_USUARIO" id="09F50356-61F3-671F-F4E6-CC7A168B4644">
<sourceConnName>PRFINALBD2020</sourceConnName>
<sourceObjSchema>ROL</sourceObjSchema>
<sourceObjName>ID_ROL_USUARIO</sourceObjName>
<createdBy>mario</createdBy>
<createdTime>2020-11-05 18:06:14 UTC</createdTime>
<ownerDesignName>Diagrama</ownerDesignName>
<useDomainConstraints>false</useDomainConstraints>
<use>1</use>
<logicalDatatype>LOGDT019</logicalDatatype>
<dataTypePrecision>*</dataTypePrecision>
<dataTypeScale>0</dataTypeScale>
<ownDataTypeParameters>,*,0</ownDataTypeParameters>
<autoIncrementCycle>false</autoIncrementCycle>
</Column>
<Column name="NOMBRE" id="AA54F2B5-49DD-904C-6EF6-1AC6558FBFB6">
<sourceConnName>PRFINALBD2020</sourceConnName>
<sourceObjSchema>ROL</sourceObjSchema>
<sourceObjName>NOMBRE</sourceObjName>
<createdBy>mario</createdBy>
<createdTime>2020-11-05 18:06:14 UTC</createdTime>
<ownerDesignName>Diagrama</ownerDesignName>
<nullsAllowed>true</nullsAllowed>
<useDomainConstraints>false</useDomainConstraints>
<use>1</use>
<logicalDatatype>LOGDT024</logicalDatatype>
<dataTypeSize>50 BYTE</dataTypeSize>
<ownDataTypeParameters>50 BYTE,,</ownDataTypeParameters>
<autoIncrementCycle>false</autoIncrementCycle>
</Column>
<Column name="DESCRIPCION_ROL" id="6A83F8D9-B784-8111-FEC8-4B0516C9C086">
<sourceConnName>PRFINALBD2020</sourceConnName>
<sourceObjSchema>ROL</sourceObjSchema>
<sourceObjName>DESCRIPCION_ROL</sourceObjName>
<createdBy>mario</createdBy>
<createdTime>2020-11-05 18:06:14 UTC</createdTime>
<ownerDesignName>Diagrama</ownerDesignName>
<nullsAllowed>true</nullsAllowed>
<useDomainConstraints>false</useDomainConstraints>
<use>1</use>
<logicalDatatype>LOGDT024</logicalDatatype>
<dataTypeSize>100 BYTE</dataTypeSize>
<ownDataTypeParameters>100 BYTE,,</ownDataTypeParameters>
<autoIncrementCycle>false</autoIncrementCycle>
</Column>
<Column name="FECHA_CREACION" id="91D966F0-966B-C74A-23A0-D43C1A0F10E7">
<sourceConnName>PRFINALBD2020</sourceConnName>
<sourceObjSchema>ROL</sourceObjSchema>
<sourceObjName>FECHA_CREACION</sourceObjName>
<createdBy>mario</createdBy>
<createdTime>2020-11-05 18:06:14 UTC</createdTime>
<ownerDesignName>Diagrama</ownerDesignName>
<nullsAllowed>true</nullsAllowed>
<useDomainConstraints>false</useDomainConstraints>
<use>1</use>
<logicalDatatype>LOGDT007</logicalDatatype>
<dataTypeSize>7</dataTypeSize>
<ownDataTypeParameters>7,,</ownDataTypeParameters>
<autoIncrementCycle>false</autoIncrementCycle>
</Column>
<Column name="USUARIO_CREACION" id="A29C7E3D-181A-54B9-B2DF-13A3FEE85F05">
<sourceConnName>PRFINALBD2020</sourceConnName>
<sourceObjSchema>ROL</sourceObjSchema>
<sourceObjName>USUARIO_CREACION</sourceObjName>
<createdBy>mario</createdBy>
<createdTime>2020-11-05 18:06:14 UTC</createdTime>
<ownerDesignName>Diagrama</ownerDesignName>
<nullsAllowed>true</nullsAllowed>
<useDomainConstraints>false</useDomainConstraints>
<use>1</use>
<logicalDatatype>LOGDT024</logicalDatatype>
<dataTypeSize>25 BYTE</dataTypeSize>
<ownDataTypeParameters>25 BYTE,,</ownDataTypeParameters>
<autoIncrementCycle>false</autoIncrementCycle>
</Column>
<Column name="STATUS" id="40F2BD7D-8665-7369-8CC6-55ADF9B87C27">
<sourceConnName>PRFINALBD2020</sourceConnName>
<sourceObjSchema>ROL</sourceObjSchema>
<sourceObjName>STATUS</sourceObjName>
<createdBy>mario</createdBy>
<createdTime>2020-11-05 18:06:14 UTC</createdTime>
<ownerDesignName>Diagrama</ownerDesignName>
<nullsAllowed>true</nullsAllowed>
<useDomainConstraints>false</useDomainConstraints>
<use>1</use>
<logicalDatatype>LOGDT019</logicalDatatype>
<dataTypePrecision>*</dataTypePrecision>
<dataTypeScale>0</dataTypeScale>
<ownDataTypeParameters>,*,0</ownDataTypeParameters>
<autoIncrementCycle>false</autoIncrementCycle>
</Column>
</columns>
<indexes itemClass="oracle.dbtools.crest.model.design.relational.Index">
<ind_PK_UK id="3D6E2978-8AFE-0D4D-004F-0A4E239F7FDA" name="ROL_USUARIO_PK">
<sourceConnName>PRFINALBD2020</sourceConnName>
<sourceObjSchema>MARIO</sourceObjSchema>
<sourceObjName>ROL_USUARIO_PK</sourceObjName>
<createdBy>mario</createdBy>
<createdTime>2020-11-05 18:06:14 UTC</createdTime>
<ownerDesignName>Diagrama</ownerDesignName>
<pk>true</pk>
<indexState>Primary Constraint</indexState>
<isSurrogateKey>false</isSurrogateKey>
<indexColumnUsage>
<colUsage columnID="09F50356-61F3-671F-F4E6-CC7A168B4644"/>
</indexColumnUsage>
</ind_PK_UK>
<ind_PK_UK id="60ECC63B-E4ED-BDBF-C58D-20EBFC78E63B" schemaObject="F64E1D9B-7E6B-CABF-605F-B7EAC2DFD0C0" name="ROL_USUARIO_PK">
<sourceConnName>PRFINALBD2020</sourceConnName>
<sourceObjSchema>MARIO</sourceObjSchema>
<sourceObjName>ROL_USUARIO_PK</sourceObjName>
<createdBy>mario</createdBy>
<createdTime>2020-11-05 18:06:14 UTC</createdTime>
<ownerDesignName>Diagrama</ownerDesignName>
<indexState>Unique Plain Index</indexState>
<isSurrogateKey>false</isSurrogateKey>
<indexColumnUsage>
<colUsage columnID="09F50356-61F3-671F-F4E6-CC7A168B4644"/>
</indexColumnUsage>
</ind_PK_UK>
</indexes>
</Table>