<?xml version = '1.0' encoding = 'UTF-8'?>
<Table class="oracle.dbtools.crest.model.design.relational.Table" directorySegmentName="seg_0" id="3635802B-F9A0-554C-2AFC-597F903C8333" schemaObject="F64E1D9B-7E6B-CABF-605F-B7EAC2DFD0C0" name="SEGURO">
<sourceConnName>PRFINALBD2020</sourceConnName>
<sourceObjSchema>MARIO</sourceObjSchema>
<sourceObjName>SEGURO</sourceObjName>
<createdBy>mario</createdBy>
<createdTime>2020-11-05 18:06:14 UTC</createdTime>
<ownerDesignName>Diagrama</ownerDesignName>
<allowColumnReorder>false</allowColumnReorder>
<existDependencyGenerateInDDl>true</existDependencyGenerateInDDl>
<parsed>true</parsed>
<columns itemClass="oracle.dbtools.crest.model.design.relational.Column">
<Column name="ID_SEGURO" id="1CCD5EF4-C107-510B-8C6F-DA5769CB7FC7">
<sourceConnName>PRFINALBD2020</sourceConnName>
<sourceObjSchema>SEGURO</sourceObjSchema>
<sourceObjName>ID_SEGURO</sourceObjName>
<createdBy>mario</createdBy>
<createdTime>2020-11-05 18:06:14 UTC</createdTime>
<ownerDesignName>Diagrama</ownerDesignName>
<useDomainConstraints>false</useDomainConstraints>
<use>1</use>
<logicalDatatype>LOGDT019</logicalDatatype>
<dataTypePrecision>*</dataTypePrecision>
<dataTypeScale>0</dataTypeScale>
<ownDataTypeParameters>,*,0</ownDataTypeParameters>
<autoIncrementCycle>false</autoIncrementCycle>
</Column>
<Column name="ID_TIPO_SEGURO" id="97E8D658-E3A5-E928-0C24-B094486D27EC">
<sourceConnName>PRFINALBD2020</sourceConnName>
<sourceObjSchema>SEGURO</sourceObjSchema>
<sourceObjName>ID_TIPO_SEGURO</sourceObjName>
<createdBy>mario</createdBy>
<createdTime>2020-11-05 18:06:14 UTC</createdTime>
<ownerDesignName>Diagrama</ownerDesignName>
<useDomainConstraints>false</useDomainConstraints>
<use>1</use>
<logicalDatatype>LOGDT019</logicalDatatype>
<dataTypePrecision>*</dataTypePrecision>
<dataTypeScale>0</dataTypeScale>
<ownDataTypeParameters>,*,0</ownDataTypeParameters>
<autoIncrementCycle>false</autoIncrementCycle>
<associations>
<colAssociation fkAssociation="330EEAFF-0C5A-2A2E-46B9-BA355AF0FC22" referredColumn="314D8F52-556A-75B7-0287-5B3CB1819C09"/>
</associations>
</Column>
<Column name="SEGURO" id="9B358AEE-B5AD-A2AB-86F5-A18132E93D49">
<sourceConnName>PRFINALBD2020</sourceConnName>
<sourceObjSchema>SEGURO</sourceObjSchema>
<sourceObjName>SEGURO</sourceObjName>
<createdBy>mario</createdBy>
<createdTime>2020-11-05 18:06:14 UTC</createdTime>
<ownerDesignName>Diagrama</ownerDesignName>
<nullsAllowed>true</nullsAllowed>
<useDomainConstraints>false</useDomainConstraints>
<use>1</use>
<logicalDatatype>LOGDT024</logicalDatatype>
<dataTypeSize>30 BYTE</dataTypeSize>
<ownDataTypeParameters>30 BYTE,,</ownDataTypeParameters>
<autoIncrementCycle>false</autoIncrementCycle>
</Column>
<Column name="FECHA_REGISTRO" id="57366B6F-30A1-DAD6-617D-3D6944F34BAD">
<sourceConnName>PRFINALBD2020</sourceConnName>
<sourceObjSchema>SEGURO</sourceObjSchema>
<sourceObjName>FECHA_REGISTRO</sourceObjName>
<createdBy>mario</createdBy>
<createdTime>2020-11-05 18:06:14 UTC</createdTime>
<ownerDesignName>Diagrama</ownerDesignName>
<nullsAllowed>true</nullsAllowed>
<useDomainConstraints>false</useDomainConstraints>
<use>1</use>
<logicalDatatype>LOGDT007</logicalDatatype>
<dataTypeSize>7</dataTypeSize>
<ownDataTypeParameters>7,,</ownDataTypeParameters>
<autoIncrementCycle>false</autoIncrementCycle>
</Column>
<Column name="VIGENCIA_SEGURO" id="DCF81F2B-30FC-D72E-A2F9-93518E3DB7EE">
<sourceConnName>PRFINALBD2020</sourceConnName>
<sourceObjSchema>SEGURO</sourceObjSchema>
<sourceObjName>VIGENCIA_SEGURO</sourceObjName>
<createdBy>mario</createdBy>
<createdTime>2020-11-05 18:06:14 UTC</createdTime>
<ownerDesignName>Diagrama</ownerDesignName>
<nullsAllowed>true</nullsAllowed>
<useDomainConstraints>false</useDomainConstraints>
<use>1</use>
<logicalDatatype>LOGDT007</logicalDatatype>
<dataTypeSize>7</dataTypeSize>
<ownDataTypeParameters>7,,</ownDataTypeParameters>
<autoIncrementCycle>false</autoIncrementCycle>
</Column>
</columns>
<indexes itemClass="oracle.dbtools.crest.model.design.relational.Index">
<ind_PK_UK id="3C8C4680-6B94-B36F-FFC8-67983BFF4511" name="SEGURO_PK">
<sourceConnName>PRFINALBD2020</sourceConnName>
<sourceObjSchema>MARIO</sourceObjSchema>
<sourceObjName>SEGURO_PK</sourceObjName>
<createdBy>mario</createdBy>
<createdTime>2020-11-05 18:06:14 UTC</createdTime>
<ownerDesignName>Diagrama</ownerDesignName>
<pk>true</pk>
<indexState>Primary Constraint</indexState>
<isSurrogateKey>false</isSurrogateKey>
<indexColumnUsage>
<colUsage columnID="1CCD5EF4-C107-510B-8C6F-DA5769CB7FC7"/>
</indexColumnUsage>
</ind_PK_UK>
<ind_PK_UK id="46518FB4-041F-C90E-9FF0-4C169FB2834B" schemaObject="F64E1D9B-7E6B-CABF-605F-B7EAC2DFD0C0" name="SEGURO_PK">
<sourceConnName>PRFINALBD2020</sourceConnName>
<sourceObjSchema>MARIO</sourceObjSchema>
<sourceObjName>SEGURO_PK</sourceObjName>
<createdBy>mario</createdBy>
<createdTime>2020-11-05 18:06:14 UTC</createdTime>
<ownerDesignName>Diagrama</ownerDesignName>
<indexState>Unique Plain Index</indexState>
<isSurrogateKey>false</isSurrogateKey>
<indexColumnUsage>
<colUsage columnID="1CCD5EF4-C107-510B-8C6F-DA5769CB7FC7"/>
</indexColumnUsage>
</ind_PK_UK>
<ind_PK_UK id="0903DA04-8A5C-2F9D-7149-B21D199C6D54" name="SEGURO_TIPO_SEGURO_FK">
<createdBy>mario</createdBy>
<createdTime>2020-11-05 18:06:14 UTC</createdTime>
<ownerDesignName>Diagrama</ownerDesignName>
<indexState>Foreign Key</indexState>
<isSurrogateKey>false</isSurrogateKey>
<indexColumnUsage>
<colUsage columnID="97E8D658-E3A5-E928-0C24-B094486D27EC"/>
</indexColumnUsage>
</ind_PK_UK>
</indexes>
</Table>