<?xml version = '1.0' encoding = 'UTF-8'?>
<Table class="oracle.dbtools.crest.model.design.relational.Table" directorySegmentName="seg_0" id="363A169E-F217-9A5A-3D66-0FBE66BA9FAD" schemaObject="F64E1D9B-7E6B-CABF-605F-B7EAC2DFD0C0" name="MEDICO">
<sourceConnName>PRFINALBD2020</sourceConnName>
<sourceObjSchema>MARIO</sourceObjSchema>
<sourceObjName>MEDICO</sourceObjName>
<createdBy>mario</createdBy>
<createdTime>2020-11-05 18:06:13 UTC</createdTime>
<ownerDesignName>Diagrama</ownerDesignName>
<allowColumnReorder>false</allowColumnReorder>
<existDependencyGenerateInDDl>true</existDependencyGenerateInDDl>
<parsed>true</parsed>
<columns itemClass="oracle.dbtools.crest.model.design.relational.Column">
<Column name="ID_PERSONA" id="357E815C-C9B8-345B-5AE4-C38818039518">
<sourceConnName>PRFINALBD2020</sourceConnName>
<sourceObjSchema>MEDICO</sourceObjSchema>
<sourceObjName>ID_PERSONA</sourceObjName>
<createdBy>mario</createdBy>
<createdTime>2020-11-05 18:06:14 UTC</createdTime>
<ownerDesignName>Diagrama</ownerDesignName>
<useDomainConstraints>false</useDomainConstraints>
<use>1</use>
<logicalDatatype>LOGDT019</logicalDatatype>
<dataTypePrecision>*</dataTypePrecision>
<dataTypeScale>0</dataTypeScale>
<ownDataTypeParameters>,*,0</ownDataTypeParameters>
<autoIncrementCycle>false</autoIncrementCycle>
<associations>
<colAssociation fkAssociation="E9FFBA99-67DA-9097-7CF7-728C639641CA" referredColumn="2874E60D-B59D-BC95-05B4-A4C7593031E2"/>
</associations>
</Column>
<Column name="ID_MEDICO" id="0DAB1530-41A5-D9AD-EB84-076718D5AC5D">
<sourceConnName>PRFINALBD2020</sourceConnName>
<sourceObjSchema>MEDICO</sourceObjSchema>
<sourceObjName>ID_MEDICO</sourceObjName>
<createdBy>mario</createdBy>
<createdTime>2020-11-05 18:06:14 UTC</createdTime>
<ownerDesignName>Diagrama</ownerDesignName>
<nullsAllowed>true</nullsAllowed>
<useDomainConstraints>false</useDomainConstraints>
<use>1</use>
<logicalDatatype>LOGDT019</logicalDatatype>
<dataTypePrecision>*</dataTypePrecision>
<dataTypeScale>0</dataTypeScale>
<ownDataTypeParameters>,*,0</ownDataTypeParameters>
<autoIncrementCycle>false</autoIncrementCycle>
</Column>
<Column name="ID_ESPECIALIDAD" id="16B62A00-3C14-FB10-FAA3-5C452FEBF545">
<sourceConnName>PRFINALBD2020</sourceConnName>
<sourceObjSchema>MEDICO</sourceObjSchema>
<sourceObjName>ID_ESPECIALIDAD</sourceObjName>
<createdBy>mario</createdBy>
<createdTime>2020-11-05 18:06:14 UTC</createdTime>
<ownerDesignName>Diagrama</ownerDesignName>
<useDomainConstraints>false</useDomainConstraints>
<use>1</use>
<logicalDatatype>LOGDT019</logicalDatatype>
<dataTypePrecision>*</dataTypePrecision>
<dataTypeScale>0</dataTypeScale>
<ownDataTypeParameters>,*,0</ownDataTypeParameters>
<autoIncrementCycle>false</autoIncrementCycle>
</Column>
<Column name="FECHA_INGRESO" id="A4A6D23F-0554-D00E-E355-0963C1E4970C">
<sourceConnName>PRFINALBD2020</sourceConnName>
<sourceObjSchema>MEDICO</sourceObjSchema>
<sourceObjName>FECHA_INGRESO</sourceObjName>
<createdBy>mario</createdBy>
<createdTime>2020-11-05 18:06:14 UTC</createdTime>
<ownerDesignName>Diagrama</ownerDesignName>
<nullsAllowed>true</nullsAllowed>
<useDomainConstraints>false</useDomainConstraints>
<use>1</use>
<logicalDatatype>LOGDT007</logicalDatatype>
<dataTypeSize>7</dataTypeSize>
<ownDataTypeParameters>7,,</ownDataTypeParameters>
<autoIncrementCycle>false</autoIncrementCycle>
</Column>
</columns>
<indexes itemClass="oracle.dbtools.crest.model.design.relational.Index">
<ind_PK_UK id="A533C5D8-DF0C-CC47-962A-BDB466C59593" name="MEDICO_PK">
<sourceConnName>PRFINALBD2020</sourceConnName>
<sourceObjSchema>MARIO</sourceObjSchema>
<sourceObjName>MEDICO_PK</sourceObjName>
<createdBy>mario</createdBy>
<createdTime>2020-11-05 18:06:14 UTC</createdTime>
<ownerDesignName>Diagrama</ownerDesignName>
<pk>true</pk>
<indexState>Primary Constraint</indexState>
<isSurrogateKey>false</isSurrogateKey>
<indexColumnUsage>
<colUsage columnID="357E815C-C9B8-345B-5AE4-C38818039518"/>
</indexColumnUsage>
</ind_PK_UK>
<ind_PK_UK id="A072A2B6-C1D7-C4CE-9734-450BB6B094C6" schemaObject="F64E1D9B-7E6B-CABF-605F-B7EAC2DFD0C0" name="MEDICO_PK">
<sourceConnName>PRFINALBD2020</sourceConnName>
<sourceObjSchema>MARIO</sourceObjSchema>
<sourceObjName>MEDICO_PK</sourceObjName>
<createdBy>mario</createdBy>
<createdTime>2020-11-05 18:06:14 UTC</createdTime>
<ownerDesignName>Diagrama</ownerDesignName>
<indexState>Unique Plain Index</indexState>
<isSurrogateKey>false</isSurrogateKey>
<indexColumnUsage>
<colUsage columnID="357E815C-C9B8-345B-5AE4-C38818039518"/>
</indexColumnUsage>
</ind_PK_UK>
<ind_PK_UK id="69674BCE-46C9-95C8-3962-5D4083BA507F" name="MEDICO_PERSONA_FK">
<createdBy>mario</createdBy>
<createdTime>2020-11-05 18:06:14 UTC</createdTime>
<ownerDesignName>Diagrama</ownerDesignName>
<indexState>Foreign Key</indexState>
<isSurrogateKey>false</isSurrogateKey>
<indexColumnUsage>
<colUsage columnID="357E815C-C9B8-345B-5AE4-C38818039518"/>
</indexColumnUsage>
</ind_PK_UK>
</indexes>
</Table>