<?xml version = '1.0' encoding = 'UTF-8'?>
<Table class="oracle.dbtools.crest.model.design.relational.Table" directorySegmentName="seg_0" id="3852FEC3-870E-C8BF-7F11-E886C2D624BE" schemaObject="F64E1D9B-7E6B-CABF-605F-B7EAC2DFD0C0" name="ROL_PERSONA">
<sourceConnName>PRFINALBD2020</sourceConnName>
<sourceObjSchema>MARIO</sourceObjSchema>
<sourceObjName>ROL_PERSONA</sourceObjName>
<createdBy>mario</createdBy>
<createdTime>2020-11-05 18:06:14 UTC</createdTime>
<ownerDesignName>Diagrama</ownerDesignName>
<allowColumnReorder>false</allowColumnReorder>
<existDependencyGenerateInDDl>true</existDependencyGenerateInDDl>
<parsed>true</parsed>
<columns itemClass="oracle.dbtools.crest.model.design.relational.Column">
<Column name="ID_ROL" id="575720F1-E49D-A718-ECB9-BEF7C56D553C">
<sourceConnName>PRFINALBD2020</sourceConnName>
<sourceObjSchema>ROL_PERSONA</sourceObjSchema>
<sourceObjName>ID_ROL</sourceObjName>
<createdBy>mario</createdBy>
<createdTime>2020-11-05 18:06:14 UTC</createdTime>
<ownerDesignName>Diagrama</ownerDesignName>
<useDomainConstraints>false</useDomainConstraints>
<use>1</use>
<logicalDatatype>LOGDT019</logicalDatatype>
<dataTypePrecision>*</dataTypePrecision>
<dataTypeScale>0</dataTypeScale>
<ownDataTypeParameters>,*,0</ownDataTypeParameters>
<autoIncrementCycle>false</autoIncrementCycle>
</Column>
<Column name="ROL" id="F853BCC8-1E1C-FE41-8CBC-5854EBEC8449">
<sourceConnName>PRFINALBD2020</sourceConnName>
<sourceObjSchema>ROL_PERSONA</sourceObjSchema>
<sourceObjName>ROL</sourceObjName>
<createdBy>mario</createdBy>
<createdTime>2020-11-05 18:06:14 UTC</createdTime>
<ownerDesignName>Diagrama</ownerDesignName>
<nullsAllowed>true</nullsAllowed>
<useDomainConstraints>false</useDomainConstraints>
<use>1</use>
<logicalDatatype>LOGDT024</logicalDatatype>
<dataTypeSize>50 BYTE</dataTypeSize>
<ownDataTypeParameters>50 BYTE,,</ownDataTypeParameters>
<autoIncrementCycle>false</autoIncrementCycle>
</Column>
<Column name="ESTADO" id="ACD82B7D-5095-01EE-FAA0-034BC1EFB96C">
<sourceConnName>PRFINALBD2020</sourceConnName>
<sourceObjSchema>ROL_PERSONA</sourceObjSchema>
<sourceObjName>ESTADO</sourceObjName>
<createdBy>mario</createdBy>
<createdTime>2020-11-05 18:06:14 UTC</createdTime>
<ownerDesignName>Diagrama</ownerDesignName>
<nullsAllowed>true</nullsAllowed>
<useDomainConstraints>false</useDomainConstraints>
<use>1</use>
<logicalDatatype>LOGDT024</logicalDatatype>
<dataTypeSize>25 BYTE</dataTypeSize>
<ownDataTypeParameters>25 BYTE,,</ownDataTypeParameters>
<autoIncrementCycle>false</autoIncrementCycle>
</Column>
<Column name="USUARIO_REGISTRO" id="AFBF8B0D-DC9C-30DD-FA0B-C36DBA188C3D">
<sourceConnName>PRFINALBD2020</sourceConnName>
<sourceObjSchema>ROL_PERSONA</sourceObjSchema>
<sourceObjName>USUARIO_REGISTRO</sourceObjName>
<createdBy>mario</createdBy>
<createdTime>2020-11-05 18:06:14 UTC</createdTime>
<ownerDesignName>Diagrama</ownerDesignName>
<nullsAllowed>true</nullsAllowed>
<useDomainConstraints>false</useDomainConstraints>
<use>1</use>
<logicalDatatype>LOGDT024</logicalDatatype>
<dataTypeSize>25 BYTE</dataTypeSize>
<ownDataTypeParameters>25 BYTE,,</ownDataTypeParameters>
<autoIncrementCycle>false</autoIncrementCycle>
</Column>
<Column name="FECHA_REGISTRO" id="6777419B-E824-BE76-61B1-FD1043FEBC99">
<sourceConnName>PRFINALBD2020</sourceConnName>
<sourceObjSchema>ROL_PERSONA</sourceObjSchema>
<sourceObjName>FECHA_REGISTRO</sourceObjName>
<createdBy>mario</createdBy>
<createdTime>2020-11-05 18:06:14 UTC</createdTime>
<ownerDesignName>Diagrama</ownerDesignName>
<nullsAllowed>true</nullsAllowed>
<useDomainConstraints>false</useDomainConstraints>
<use>1</use>
<logicalDatatype>LOGDT007</logicalDatatype>
<dataTypeSize>7</dataTypeSize>
<ownDataTypeParameters>7,,</ownDataTypeParameters>
<autoIncrementCycle>false</autoIncrementCycle>
</Column>
</columns>
<indexes itemClass="oracle.dbtools.crest.model.design.relational.Index">
<ind_PK_UK id="90CC7DA9-604D-A2ED-A64F-F007C2FEE7D9" name="ROL_PK">
<sourceConnName>PRFINALBD2020</sourceConnName>
<sourceObjSchema>MARIO</sourceObjSchema>
<sourceObjName>ROL_PK</sourceObjName>
<createdBy>mario</createdBy>
<createdTime>2020-11-05 18:06:14 UTC</createdTime>
<ownerDesignName>Diagrama</ownerDesignName>
<pk>true</pk>
<indexState>Primary Constraint</indexState>
<isSurrogateKey>false</isSurrogateKey>
<indexColumnUsage>
<colUsage columnID="575720F1-E49D-A718-ECB9-BEF7C56D553C"/>
</indexColumnUsage>
</ind_PK_UK>
<ind_PK_UK id="F5DB33D2-B6E9-2A9C-144A-CC4E4CBE2E35" schemaObject="F64E1D9B-7E6B-CABF-605F-B7EAC2DFD0C0" name="ROL_PK">
<sourceConnName>PRFINALBD2020</sourceConnName>
<sourceObjSchema>MARIO</sourceObjSchema>
<sourceObjName>ROL_PK</sourceObjName>
<createdBy>mario</createdBy>
<createdTime>2020-11-05 18:06:14 UTC</createdTime>
<ownerDesignName>Diagrama</ownerDesignName>
<indexState>Unique Plain Index</indexState>
<isSurrogateKey>false</isSurrogateKey>
<indexColumnUsage>
<colUsage columnID="575720F1-E49D-A718-ECB9-BEF7C56D553C"/>
</indexColumnUsage>
</ind_PK_UK>
</indexes>
</Table>