<?xml version = '1.0' encoding = 'UTF-8'?>
<Table class="oracle.dbtools.crest.model.design.relational.Table" directorySegmentName="seg_0" id="39307C34-8C01-01FB-AA59-D2DABF893BC9" schemaObject="F64E1D9B-7E6B-CABF-605F-B7EAC2DFD0C0" name="PAGO_PROVEEDORES">
<sourceConnName>PRFINALBD2020</sourceConnName>
<sourceObjSchema>MARIO</sourceObjSchema>
<sourceObjName>PAGO_PROVEEDORES</sourceObjName>
<createdBy>mario</createdBy>
<createdTime>2020-11-05 18:06:13 UTC</createdTime>
<ownerDesignName>Diagrama</ownerDesignName>
<allowColumnReorder>false</allowColumnReorder>
<existDependencyGenerateInDDl>true</existDependencyGenerateInDDl>
<parsed>true</parsed>
<columns itemClass="oracle.dbtools.crest.model.design.relational.Column">
<Column name="ID_PAGO" id="2D7109C1-7D55-9138-1D4E-84CAB54C2F73">
<sourceConnName>PRFINALBD2020</sourceConnName>
<sourceObjSchema>PAGO_PROVEEDORES</sourceObjSchema>
<sourceObjName>ID_PAGO</sourceObjName>
<createdBy>mario</createdBy>
<createdTime>2020-11-05 18:06:14 UTC</createdTime>
<ownerDesignName>Diagrama</ownerDesignName>
<useDomainConstraints>false</useDomainConstraints>
<use>1</use>
<logicalDatatype>LOGDT019</logicalDatatype>
<dataTypePrecision>*</dataTypePrecision>
<dataTypeScale>0</dataTypeScale>
<ownDataTypeParameters>,*,0</ownDataTypeParameters>
<autoIncrementCycle>false</autoIncrementCycle>
<associations>
<colAssociation fkAssociation="079FB32E-5776-E1B8-AE90-731E4252E366" referredColumn="DC0B1A0F-AC8D-4825-B897-EE5ACD670779"/>
</associations>
</Column>
<Column name="FECHA_PAGO" id="BECA9A54-AB94-DD6F-1548-36A830A50B56">
<sourceConnName>PRFINALBD2020</sourceConnName>
<sourceObjSchema>PAGO_PROVEEDORES</sourceObjSchema>
<sourceObjName>FECHA_PAGO</sourceObjName>
<createdBy>mario</createdBy>
<createdTime>2020-11-05 18:06:14 UTC</createdTime>
<ownerDesignName>Diagrama</ownerDesignName>
<nullsAllowed>true</nullsAllowed>
<useDomainConstraints>false</useDomainConstraints>
<use>1</use>
<logicalDatatype>LOGDT007</logicalDatatype>
<dataTypeSize>7</dataTypeSize>
<ownDataTypeParameters>7,,</ownDataTypeParameters>
<autoIncrementCycle>false</autoIncrementCycle>
</Column>
<Column name="ID_PROVEEDOR" id="1B7EDA7B-5114-FF30-2232-FC7110B30A0A">
<sourceConnName>PRFINALBD2020</sourceConnName>
<sourceObjSchema>PAGO_PROVEEDORES</sourceObjSchema>
<sourceObjName>ID_PROVEEDOR</sourceObjName>
<createdBy>mario</createdBy>
<createdTime>2020-11-05 18:06:14 UTC</createdTime>
<ownerDesignName>Diagrama</ownerDesignName>
<useDomainConstraints>false</useDomainConstraints>
<use>1</use>
<logicalDatatype>LOGDT019</logicalDatatype>
<dataTypePrecision>*</dataTypePrecision>
<dataTypeScale>0</dataTypeScale>
<ownDataTypeParameters>,*,0</ownDataTypeParameters>
<autoIncrementCycle>false</autoIncrementCycle>
<associations>
<colAssociation fkAssociation="122BEF18-A2CC-240B-5D52-61C85BDEA631" referredColumn="D5153DF8-04C6-DE14-ECDC-B0F71F583763"/>
</associations>
</Column>
</columns>
<indexes itemClass="oracle.dbtools.crest.model.design.relational.Index">
<ind_PK_UK id="71E2FCA0-2547-D470-DDE1-1234D88C2DBA" name="PAGO_PK">
<sourceConnName>PRFINALBD2020</sourceConnName>
<sourceObjSchema>MARIO</sourceObjSchema>
<sourceObjName>PAGO_PK</sourceObjName>
<createdBy>mario</createdBy>
<createdTime>2020-11-05 18:06:14 UTC</createdTime>
<ownerDesignName>Diagrama</ownerDesignName>
<pk>true</pk>
<indexState>Primary Constraint</indexState>
<isSurrogateKey>false</isSurrogateKey>
<indexColumnUsage>
<colUsage columnID="2D7109C1-7D55-9138-1D4E-84CAB54C2F73"/>
</indexColumnUsage>
</ind_PK_UK>
<ind_PK_UK id="4B97129E-E5A0-23A8-3C10-7AEBE29B7FDE" schemaObject="F64E1D9B-7E6B-CABF-605F-B7EAC2DFD0C0" name="PAGO_PK">
<sourceConnName>PRFINALBD2020</sourceConnName>
<sourceObjSchema>MARIO</sourceObjSchema>
<sourceObjName>PAGO_PK</sourceObjName>
<createdBy>mario</createdBy>
<createdTime>2020-11-05 18:06:14 UTC</createdTime>
<ownerDesignName>Diagrama</ownerDesignName>
<indexState>Unique Plain Index</indexState>
<isSurrogateKey>false</isSurrogateKey>
<indexColumnUsage>
<colUsage columnID="2D7109C1-7D55-9138-1D4E-84CAB54C2F73"/>
</indexColumnUsage>
</ind_PK_UK>
<ind_PK_UK id="3D0E57BB-6DEC-7025-216E-4E8EDF15A651" name="PAGO_DETALLE_PAGO_FK">
<createdBy>mario</createdBy>
<createdTime>2020-11-05 18:06:14 UTC</createdTime>
<ownerDesignName>Diagrama</ownerDesignName>
<indexState>Foreign Key</indexState>
<isSurrogateKey>false</isSurrogateKey>
<indexColumnUsage>
<colUsage columnID="2D7109C1-7D55-9138-1D4E-84CAB54C2F73"/>
</indexColumnUsage>
</ind_PK_UK>
<ind_PK_UK id="805C1CB4-84E3-81CB-44A5-29DB0D4B99C0" name="PAGO_PROVEEDORES_FK">
<createdBy>mario</createdBy>
<createdTime>2020-11-05 18:06:14 UTC</createdTime>
<ownerDesignName>Diagrama</ownerDesignName>
<indexState>Foreign Key</indexState>
<isSurrogateKey>false</isSurrogateKey>
<indexColumnUsage>
<colUsage columnID="1B7EDA7B-5114-FF30-2232-FC7110B30A0A"/>
</indexColumnUsage>
</ind_PK_UK>
</indexes>
</Table>