<?xml version = '1.0' encoding = 'UTF-8'?>
<Table class="oracle.dbtools.crest.model.design.relational.Table" directorySegmentName="seg_0" id="39F654EC-8767-C1D7-2050-B8FE6399C2CA" schemaObject="F64E1D9B-7E6B-CABF-605F-B7EAC2DFD0C0" name="INSUMO_LABORATORIOS">
<sourceConnName>PRFINALBD2020</sourceConnName>
<sourceObjSchema>MARIO</sourceObjSchema>
<sourceObjName>INSUMO_LABORATORIOS</sourceObjName>
<createdBy>mario</createdBy>
<createdTime>2020-11-05 18:06:13 UTC</createdTime>
<ownerDesignName>Diagrama</ownerDesignName>
<allowColumnReorder>false</allowColumnReorder>
<existDependencyGenerateInDDl>true</existDependencyGenerateInDDl>
<parsed>true</parsed>
<columns itemClass="oracle.dbtools.crest.model.design.relational.Column">
<Column name="ID_INSUMO" id="D51B6911-79EC-8C53-50DD-51C71A0F9D80">
<sourceConnName>PRFINALBD2020</sourceConnName>
<sourceObjSchema>INSUMO_LABORATORIOS</sourceObjSchema>
<sourceObjName>ID_INSUMO</sourceObjName>
<createdBy>mario</createdBy>
<createdTime>2020-11-05 18:06:14 UTC</createdTime>
<ownerDesignName>Diagrama</ownerDesignName>
<useDomainConstraints>false</useDomainConstraints>
<use>1</use>
<logicalDatatype>LOGDT019</logicalDatatype>
<dataTypePrecision>*</dataTypePrecision>
<dataTypeScale>0</dataTypeScale>
<ownDataTypeParameters>,*,0</ownDataTypeParameters>
<autoIncrementCycle>false</autoIncrementCycle>
<associations>
<colAssociation fkAssociation="DDF4F005-2008-4726-3A37-E4F5549F25A2" referredColumn="8889FFF4-C504-18C3-2155-E41B76785EBE"/>
</associations>
</Column>
<Column name="CANTIDAD" id="C82694AA-35AD-3DBF-5D6C-1CD7455EF0C8">
<sourceConnName>PRFINALBD2020</sourceConnName>
<sourceObjSchema>INSUMO_LABORATORIOS</sourceObjSchema>
<sourceObjName>CANTIDAD</sourceObjName>
<createdBy>mario</createdBy>
<createdTime>2020-11-05 18:06:14 UTC</createdTime>
<ownerDesignName>Diagrama</ownerDesignName>
<nullsAllowed>true</nullsAllowed>
<useDomainConstraints>false</useDomainConstraints>
<use>1</use>
<logicalDatatype>LOGDT019</logicalDatatype>
<dataTypePrecision>5</dataTypePrecision>
<dataTypeScale>0</dataTypeScale>
<ownDataTypeParameters>,5,0</ownDataTypeParameters>
<autoIncrementCycle>false</autoIncrementCycle>
</Column>
</columns>
<indexes itemClass="oracle.dbtools.crest.model.design.relational.Index">
<ind_PK_UK id="C742304D-3B21-B7EB-79B9-0EFE53B4BA15" name="INSUMO_LABORATORIOS_INSUMO_FK">
<createdBy>mario</createdBy>
<createdTime>2020-11-05 18:06:14 UTC</createdTime>
<ownerDesignName>Diagrama</ownerDesignName>
<indexState>Foreign Key</indexState>
<isSurrogateKey>false</isSurrogateKey>
<indexColumnUsage>
<colUsage columnID="D51B6911-79EC-8C53-50DD-51C71A0F9D80"/>
</indexColumnUsage>
</ind_PK_UK>
</indexes>
</Table>