<?xml version = '1.0' encoding = 'UTF-8'?>
<Table class="oracle.dbtools.crest.model.design.relational.Table" directorySegmentName="seg_0" id="41192E90-E5C5-82E5-D1E9-1233BBDB6031" schemaObject="F64E1D9B-7E6B-CABF-605F-B7EAC2DFD0C0" name="COMPANIA_TELEFONO">
<sourceConnName>PRFINALBD2020</sourceConnName>
<sourceObjSchema>MARIO</sourceObjSchema>
<sourceObjName>COMPANIA_TELEFONO</sourceObjName>
<createdBy>mario</createdBy>
<createdTime>2020-11-05 18:06:13 UTC</createdTime>
<ownerDesignName>Diagrama</ownerDesignName>
<allowColumnReorder>false</allowColumnReorder>
<existDependencyGenerateInDDl>true</existDependencyGenerateInDDl>
<parsed>true</parsed>
<columns itemClass="oracle.dbtools.crest.model.design.relational.Column">
<Column name="ID_COMPANIA" id="D5677602-2A42-9C7D-EC15-FAC3C63EC003">
<sourceConnName>PRFINALBD2020</sourceConnName>
<sourceObjSchema>COMPANIA_TELEFONO</sourceObjSchema>
<sourceObjName>ID_COMPANIA</sourceObjName>
<createdBy>mario</createdBy>
<createdTime>2020-11-05 18:06:14 UTC</createdTime>
<ownerDesignName>Diagrama</ownerDesignName>
<useDomainConstraints>false</useDomainConstraints>
<use>1</use>
<logicalDatatype>LOGDT019</logicalDatatype>
<dataTypePrecision>*</dataTypePrecision>
<dataTypeScale>0</dataTypeScale>
<ownDataTypeParameters>,*,0</ownDataTypeParameters>
<autoIncrementCycle>false</autoIncrementCycle>
<associations>
<colAssociation fkAssociation="344F6CA2-EC1B-B3CA-091E-A4E66EB229EA" referredColumn="4F8B4961-A343-EEED-62DB-6BC864062AD9"/>
</associations>
</Column>
<Column name="COMPANIA" id="164A6EF3-8A6E-7C4D-18C7-496721523A32">
<sourceConnName>PRFINALBD2020</sourceConnName>
<sourceObjSchema>COMPANIA_TELEFONO</sourceObjSchema>
<sourceObjName>COMPANIA</sourceObjName>
<createdBy>mario</createdBy>
<createdTime>2020-11-05 18:06:14 UTC</createdTime>
<ownerDesignName>Diagrama</ownerDesignName>
<nullsAllowed>true</nullsAllowed>
<useDomainConstraints>false</useDomainConstraints>
<use>1</use>
<logicalDatatype>LOGDT024</logicalDatatype>
<dataTypeSize>25 BYTE</dataTypeSize>
<ownDataTypeParameters>25 BYTE,,</ownDataTypeParameters>
<autoIncrementCycle>false</autoIncrementCycle>
</Column>
</columns>
<indexes itemClass="oracle.dbtools.crest.model.design.relational.Index">
<ind_PK_UK id="C6D9B9B4-9448-33FD-690B-880234FEFA55" name="COMPANIA_TELEFONO_PK">
<sourceConnName>PRFINALBD2020</sourceConnName>
<sourceObjSchema>MARIO</sourceObjSchema>
<sourceObjName>COMPANIA_TELEFONO_PK</sourceObjName>
<createdBy>mario</createdBy>
<createdTime>2020-11-05 18:06:14 UTC</createdTime>
<ownerDesignName>Diagrama</ownerDesignName>
<pk>true</pk>
<indexState>Primary Constraint</indexState>
<isSurrogateKey>false</isSurrogateKey>
<indexColumnUsage>
<colUsage columnID="D5677602-2A42-9C7D-EC15-FAC3C63EC003"/>
</indexColumnUsage>
</ind_PK_UK>
<ind_PK_UK id="4FF4F864-5B01-D81A-E0DD-3C1E967CA733" schemaObject="F64E1D9B-7E6B-CABF-605F-B7EAC2DFD0C0" name="COMPANIA_TELEFONO_PK">
<sourceConnName>PRFINALBD2020</sourceConnName>
<sourceObjSchema>MARIO</sourceObjSchema>
<sourceObjName>COMPANIA_TELEFONO_PK</sourceObjName>
<createdBy>mario</createdBy>
<createdTime>2020-11-05 18:06:14 UTC</createdTime>
<ownerDesignName>Diagrama</ownerDesignName>
<indexState>Unique Plain Index</indexState>
<isSurrogateKey>false</isSurrogateKey>
<indexColumnUsage>
<colUsage columnID="D5677602-2A42-9C7D-EC15-FAC3C63EC003"/>
</indexColumnUsage>
</ind_PK_UK>
<ind_PK_UK id="FE989B2C-4D7D-2A16-1702-D67DBB6A31C3" name="COMPANIA_TELEFONO_TELEFONO_FK">
<createdBy>mario</createdBy>
<createdTime>2020-11-05 18:06:14 UTC</createdTime>
<ownerDesignName>Diagrama</ownerDesignName>
<indexState>Foreign Key</indexState>
<isSurrogateKey>false</isSurrogateKey>
<indexColumnUsage>
<colUsage columnID="D5677602-2A42-9C7D-EC15-FAC3C63EC003"/>
</indexColumnUsage>
</ind_PK_UK>
</indexes>
</Table>