<?xml version = '1.0' encoding = 'UTF-8'?>
<Table class="oracle.dbtools.crest.model.design.relational.Table" directorySegmentName="seg_0" id="42691672-7A53-954E-BB18-BE39770CB803" schemaObject="F64E1D9B-7E6B-CABF-605F-B7EAC2DFD0C0" name="RESULTADOS_LABORATORIOS">
<sourceConnName>PRFINALBD2020</sourceConnName>
<sourceObjSchema>MARIO</sourceObjSchema>
<sourceObjName>RESULTADOS_LABORATORIOS</sourceObjName>
<createdBy>mario</createdBy>
<createdTime>2020-11-05 18:06:13 UTC</createdTime>
<ownerDesignName>Diagrama</ownerDesignName>
<allowColumnReorder>false</allowColumnReorder>
<existDependencyGenerateInDDl>true</existDependencyGenerateInDDl>
<parsed>true</parsed>
<columns itemClass="oracle.dbtools.crest.model.design.relational.Column">
<Column name="ID_EXAMEN" id="ED501DDA-28EE-EBE2-8E20-3B2CE79F4E0A">
<sourceConnName>PRFINALBD2020</sourceConnName>
<sourceObjSchema>RESULTADOS_LABORATORIOS</sourceObjSchema>
<sourceObjName>ID_EXAMEN</sourceObjName>
<createdBy>mario</createdBy>
<createdTime>2020-11-05 18:06:14 UTC</createdTime>
<ownerDesignName>Diagrama</ownerDesignName>
<useDomainConstraints>false</useDomainConstraints>
<use>1</use>
<logicalDatatype>LOGDT019</logicalDatatype>
<dataTypePrecision>*</dataTypePrecision>
<dataTypeScale>0</dataTypeScale>
<ownDataTypeParameters>,*,0</ownDataTypeParameters>
<autoIncrementCycle>false</autoIncrementCycle>
<associations>
<colAssociation fkAssociation="1551CFD4-EA6A-22C1-0C62-38ACE0346138" referredColumn="9A065E08-96F3-FF31-9AA5-6D1D3C7DD769"/>
</associations>
</Column>
<Column name="ID_LABORATORISTA" id="73E83B34-598F-2BA9-B14A-F316A1AA7205">
<sourceConnName>PRFINALBD2020</sourceConnName>
<sourceObjSchema>RESULTADOS_LABORATORIOS</sourceObjSchema>
<sourceObjName>ID_LABORATORISTA</sourceObjName>
<createdBy>mario</createdBy>
<createdTime>2020-11-05 18:06:14 UTC</createdTime>
<ownerDesignName>Diagrama</ownerDesignName>
<useDomainConstraints>false</useDomainConstraints>
<use>1</use>
<logicalDatatype>LOGDT019</logicalDatatype>
<dataTypePrecision>*</dataTypePrecision>
<dataTypeScale>0</dataTypeScale>
<ownDataTypeParameters>,*,0</ownDataTypeParameters>
<autoIncrementCycle>false</autoIncrementCycle>
<associations>
<colAssociation fkAssociation="37857DB9-9717-888F-A526-5806914D2920" referredColumn="CAA4A0AE-5E34-065B-00E6-32E67AD794BD"/>
</associations>
</Column>
<Column name="RESULTADO" id="2308938B-810B-46A7-4556-629F48B15656">
<sourceConnName>PRFINALBD2020</sourceConnName>
<sourceObjSchema>RESULTADOS_LABORATORIOS</sourceObjSchema>
<sourceObjName>RESULTADO</sourceObjName>
<createdBy>mario</createdBy>
<createdTime>2020-11-05 18:06:14 UTC</createdTime>
<ownerDesignName>Diagrama</ownerDesignName>
<nullsAllowed>true</nullsAllowed>
<useDomainConstraints>false</useDomainConstraints>
<use>1</use>
<logicalDatatype>LOGDT024</logicalDatatype>
<dataTypeSize>100 BYTE</dataTypeSize>
<ownDataTypeParameters>100 BYTE,,</ownDataTypeParameters>
<autoIncrementCycle>false</autoIncrementCycle>
</Column>
</columns>
<indexes itemClass="oracle.dbtools.crest.model.design.relational.Index">
<ind_PK_UK id="5258FF0E-A94A-7DC2-2AC8-902183FCDC87" name="LABORATORIO_EXAMEN">
<createdBy>mario</createdBy>
<createdTime>2020-11-05 18:06:14 UTC</createdTime>
<ownerDesignName>Diagrama</ownerDesignName>
<indexState>Foreign Key</indexState>
<isSurrogateKey>false</isSurrogateKey>
<indexColumnUsage>
<colUsage columnID="ED501DDA-28EE-EBE2-8E20-3B2CE79F4E0A"/>
</indexColumnUsage>
</ind_PK_UK>
<ind_PK_UK id="43119C5B-9F49-8FD2-0348-A14F66C8F379" name="RESULTADO_PERSONALTECNICO">
<createdBy>mario</createdBy>
<createdTime>2020-11-05 18:06:14 UTC</createdTime>
<ownerDesignName>Diagrama</ownerDesignName>
<indexState>Foreign Key</indexState>
<isSurrogateKey>false</isSurrogateKey>
<indexColumnUsage>
<colUsage columnID="73E83B34-598F-2BA9-B14A-F316A1AA7205"/>
</indexColumnUsage>
</ind_PK_UK>
</indexes>
</Table>