<?xml version = '1.0' encoding = 'UTF-8'?>
<Table class="oracle.dbtools.crest.model.design.relational.Table" directorySegmentName="seg_0" id="438FDF3D-496C-F894-AD62-C27191C5D400" schemaObject="F64E1D9B-7E6B-CABF-605F-B7EAC2DFD0C0" name="CITA">
<sourceConnName>PRFINALBD2020</sourceConnName>
<sourceObjSchema>MARIO</sourceObjSchema>
<sourceObjName>CITA</sourceObjName>
<createdBy>mario</createdBy>
<createdTime>2020-11-05 18:06:13 UTC</createdTime>
<ownerDesignName>Diagrama</ownerDesignName>
<allowColumnReorder>false</allowColumnReorder>
<existDependencyGenerateInDDl>true</existDependencyGenerateInDDl>
<parsed>true</parsed>
<columns itemClass="oracle.dbtools.crest.model.design.relational.Column">
<Column name="ID_CITA" id="BACCA606-E4D4-49B4-817B-FD6537F9A5E3">
<sourceConnName>PRFINALBD2020</sourceConnName>
<sourceObjSchema>CITA</sourceObjSchema>
<sourceObjName>ID_CITA</sourceObjName>
<createdBy>mario</createdBy>
<createdTime>2020-11-05 18:06:14 UTC</createdTime>
<ownerDesignName>Diagrama</ownerDesignName>
<useDomainConstraints>false</useDomainConstraints>
<use>1</use>
<logicalDatatype>LOGDT019</logicalDatatype>
<dataTypePrecision>*</dataTypePrecision>
<dataTypeScale>0</dataTypeScale>
<ownDataTypeParameters>,*,0</ownDataTypeParameters>
<autoIncrementCycle>false</autoIncrementCycle>
</Column>
<Column name="ID_SEGURO" id="83E5A2AF-3225-1D68-60BB-859BC4E33137">
<sourceConnName>PRFINALBD2020</sourceConnName>
<sourceObjSchema>CITA</sourceObjSchema>
<sourceObjName>ID_SEGURO</sourceObjName>
<createdBy>mario</createdBy>
<createdTime>2020-11-05 18:06:14 UTC</createdTime>
<ownerDesignName>Diagrama</ownerDesignName>
<useDomainConstraints>false</useDomainConstraints>
<use>1</use>
<logicalDatatype>LOGDT019</logicalDatatype>
<dataTypePrecision>*</dataTypePrecision>
<dataTypeScale>0</dataTypeScale>
<ownDataTypeParameters>,*,0</ownDataTypeParameters>
<autoIncrementCycle>false</autoIncrementCycle>
<associations>
<colAssociation fkAssociation="C9D35BB9-6367-D848-31F2-461E1DB55B48" referredColumn="1CCD5EF4-C107-510B-8C6F-DA5769CB7FC7"/>
</associations>
</Column>
<Column name="ID_PERSONA_PACIENTE" id="867F024A-A163-DB72-AEF1-EF047FB369BF">
<sourceConnName>PRFINALBD2020</sourceConnName>
<sourceObjSchema>CITA</sourceObjSchema>
<sourceObjName>ID_PERSONA_PACIENTE</sourceObjName>
<createdBy>mario</createdBy>
<createdTime>2020-11-05 18:06:14 UTC</createdTime>
<ownerDesignName>Diagrama</ownerDesignName>
<useDomainConstraints>false</useDomainConstraints>
<use>1</use>
<logicalDatatype>LOGDT019</logicalDatatype>
<dataTypePrecision>*</dataTypePrecision>
<dataTypeScale>0</dataTypeScale>
<ownDataTypeParameters>,*,0</ownDataTypeParameters>
<autoIncrementCycle>false</autoIncrementCycle>
<associations>
<colAssociation fkAssociation="8627F047-19D3-CC28-78BE-DAC031154B9C" referredColumn="2874E60D-B59D-BC95-05B4-A4C7593031E2"/>
</associations>
</Column>
<Column name="CITA" id="4AB1133A-445F-49FF-BD0A-505EBF833611">
<sourceConnName>PRFINALBD2020</sourceConnName>
<sourceObjSchema>CITA</sourceObjSchema>
<sourceObjName>CITA</sourceObjName>
<createdBy>mario</createdBy>
<createdTime>2020-11-05 18:06:14 UTC</createdTime>
<ownerDesignName>Diagrama</ownerDesignName>
<nullsAllowed>true</nullsAllowed>
<useDomainConstraints>false</useDomainConstraints>
<use>1</use>
<logicalDatatype>LOGDT024</logicalDatatype>
<dataTypeSize>30 BYTE</dataTypeSize>
<ownDataTypeParameters>30 BYTE,,</ownDataTypeParameters>
<autoIncrementCycle>false</autoIncrementCycle>
</Column>
<Column name="FECHA_REGISTRO" id="E00C8679-75C0-879F-3E6F-565B902E337F">
<sourceConnName>PRFINALBD2020</sourceConnName>
<sourceObjSchema>CITA</sourceObjSchema>
<sourceObjName>FECHA_REGISTRO</sourceObjName>
<createdBy>mario</createdBy>
<createdTime>2020-11-05 18:06:14 UTC</createdTime>
<ownerDesignName>Diagrama</ownerDesignName>
<nullsAllowed>true</nullsAllowed>
<useDomainConstraints>false</useDomainConstraints>
<use>1</use>
<logicalDatatype>LOGDT007</logicalDatatype>
<dataTypeSize>7</dataTypeSize>
<ownDataTypeParameters>7,,</ownDataTypeParameters>
<autoIncrementCycle>false</autoIncrementCycle>
</Column>
<Column name="USUARIO_REGISTRO" id="AB7A715E-EE20-0E2F-F74D-48FA6A0AEE40">
<sourceConnName>PRFINALBD2020</sourceConnName>
<sourceObjSchema>CITA</sourceObjSchema>
<sourceObjName>USUARIO_REGISTRO</sourceObjName>
<createdBy>mario</createdBy>
<createdTime>2020-11-05 18:06:14 UTC</createdTime>
<ownerDesignName>Diagrama</ownerDesignName>
<nullsAllowed>true</nullsAllowed>
<useDomainConstraints>false</useDomainConstraints>
<use>1</use>
<logicalDatatype>LOGDT024</logicalDatatype>
<dataTypeSize>25 BYTE</dataTypeSize>
<ownDataTypeParameters>25 BYTE,,</ownDataTypeParameters>
<autoIncrementCycle>false</autoIncrementCycle>
</Column>
<Column name="FECHA_CITA" id="20158145-6C16-668F-F285-9CEF31AC5679">
<sourceConnName>PRFINALBD2020</sourceConnName>
<sourceObjSchema>CITA</sourceObjSchema>
<sourceObjName>FECHA_CITA</sourceObjName>
<createdBy>mario</createdBy>
<createdTime>2020-11-05 18:06:14 UTC</createdTime>
<ownerDesignName>Diagrama</ownerDesignName>
<nullsAllowed>true</nullsAllowed>
<useDomainConstraints>false</useDomainConstraints>
<use>1</use>
<logicalDatatype>LOGDT007</logicalDatatype>
<dataTypeSize>7</dataTypeSize>
<ownDataTypeParameters>7,,</ownDataTypeParameters>
<autoIncrementCycle>false</autoIncrementCycle>
</Column>
<Column name="HORA_CITA" id="7DE3ACDB-C342-D6EB-5AE8-D784E36EA1CB">
<sourceConnName>PRFINALBD2020</sourceConnName>
<sourceObjSchema>CITA</sourceObjSchema>
<sourceObjName>HORA_CITA</sourceObjName>
<createdBy>mario</createdBy>
<createdTime>2020-11-05 18:06:14 UTC</createdTime>
<ownerDesignName>Diagrama</ownerDesignName>
<nullsAllowed>true</nullsAllowed>
<useDomainConstraints>false</useDomainConstraints>
<use>1</use>
<logicalDatatype>LOGDT007</logicalDatatype>
<dataTypeSize>7</dataTypeSize>
<ownDataTypeParameters>7,,</ownDataTypeParameters>
<autoIncrementCycle>false</autoIncrementCycle>
</Column>
<Column name="ID_CLINICA" id="007B01B6-963F-AAF4-6CF0-8C7DB1792CDF">
<sourceConnName>PRFINALBD2020</sourceConnName>
<sourceObjSchema>CITA</sourceObjSchema>
<sourceObjName>ID_CLINICA</sourceObjName>
<createdBy>mario</createdBy>
<createdTime>2020-11-05 18:06:14 UTC</createdTime>
<ownerDesignName>Diagrama</ownerDesignName>
<useDomainConstraints>false</useDomainConstraints>
<use>1</use>
<logicalDatatype>LOGDT019</logicalDatatype>
<dataTypePrecision>*</dataTypePrecision>
<dataTypeScale>0</dataTypeScale>
<ownDataTypeParameters>,*,0</ownDataTypeParameters>
<autoIncrementCycle>false</autoIncrementCycle>
<associations>
<colAssociation fkAssociation="33271D3C-9DE7-152B-A31B-C6CA6E89266E" referredColumn="CB9D954F-E1C1-0D94-0C8E-CBB7527672F0"/>
</associations>
</Column>
</columns>
<indexes itemClass="oracle.dbtools.crest.model.design.relational.Index">
<ind_PK_UK id="D30BBC61-3453-EBFC-9C9D-D84A7E3CA435" name="CITA_PK">
<sourceConnName>PRFINALBD2020</sourceConnName>
<sourceObjSchema>MARIO</sourceObjSchema>
<sourceObjName>CITA_PK</sourceObjName>
<createdBy>mario</createdBy>
<createdTime>2020-11-05 18:06:14 UTC</createdTime>
<ownerDesignName>Diagrama</ownerDesignName>
<pk>true</pk>
<indexState>Primary Constraint</indexState>
<isSurrogateKey>false</isSurrogateKey>
<indexColumnUsage>
<colUsage columnID="BACCA606-E4D4-49B4-817B-FD6537F9A5E3"/>
</indexColumnUsage>
</ind_PK_UK>
<ind_PK_UK id="19083DD5-026F-2239-AC4B-6A74EB7E7E54" schemaObject="F64E1D9B-7E6B-CABF-605F-B7EAC2DFD0C0" name="CITA_PK">
<sourceConnName>PRFINALBD2020</sourceConnName>
<sourceObjSchema>MARIO</sourceObjSchema>
<sourceObjName>CITA_PK</sourceObjName>
<createdBy>mario</createdBy>
<createdTime>2020-11-05 18:06:14 UTC</createdTime>
<ownerDesignName>Diagrama</ownerDesignName>
<indexState>Unique Plain Index</indexState>
<isSurrogateKey>false</isSurrogateKey>
<indexColumnUsage>
<colUsage columnID="BACCA606-E4D4-49B4-817B-FD6537F9A5E3"/>
</indexColumnUsage>
</ind_PK_UK>
<ind_PK_UK id="1FABDA7F-C62A-DD2B-1564-48548408CEFB" name="CITA_CLINICAS_FK">
<createdBy>mario</createdBy>
<createdTime>2020-11-05 18:06:14 UTC</createdTime>
<ownerDesignName>Diagrama</ownerDesignName>
<indexState>Foreign Key</indexState>
<isSurrogateKey>false</isSurrogateKey>
<indexColumnUsage>
<colUsage columnID="007B01B6-963F-AAF4-6CF0-8C7DB1792CDF"/>
</indexColumnUsage>
</ind_PK_UK>
<ind_PK_UK id="8E15877E-F506-B933-0F11-AC13009A9A41" name="CITA_PERSONA_FK">
<createdBy>mario</createdBy>
<createdTime>2020-11-05 18:06:14 UTC</createdTime>
<ownerDesignName>Diagrama</ownerDesignName>
<indexState>Foreign Key</indexState>
<isSurrogateKey>false</isSurrogateKey>
<indexColumnUsage>
<colUsage columnID="867F024A-A163-DB72-AEF1-EF047FB369BF"/>
</indexColumnUsage>
</ind_PK_UK>
<ind_PK_UK id="307DAEF4-0BD4-A3E8-7D78-38C230DEC1E4" name="CITA_SEGURO_FK">
<createdBy>mario</createdBy>
<createdTime>2020-11-05 18:06:14 UTC</createdTime>
<ownerDesignName>Diagrama</ownerDesignName>
<indexState>Foreign Key</indexState>
<isSurrogateKey>false</isSurrogateKey>
<indexColumnUsage>
<colUsage columnID="83E5A2AF-3225-1D68-60BB-859BC4E33137"/>
</indexColumnUsage>
</ind_PK_UK>
</indexes>
</Table>