<?xml version = '1.0' encoding = 'UTF-8'?>
<Table class="oracle.dbtools.crest.model.design.relational.Table" directorySegmentName="seg_0" id="446E3953-2814-C291-5BDF-FB969AC34A53" schemaObject="F64E1D9B-7E6B-CABF-605F-B7EAC2DFD0C0" name="CLIENTE">
<sourceConnName>PRFINALBD2020</sourceConnName>
<sourceObjSchema>MARIO</sourceObjSchema>
<sourceObjName>CLIENTE</sourceObjName>
<createdBy>mario</createdBy>
<createdTime>2020-11-05 18:06:13 UTC</createdTime>
<ownerDesignName>Diagrama</ownerDesignName>
<allowColumnReorder>false</allowColumnReorder>
<existDependencyGenerateInDDl>true</existDependencyGenerateInDDl>
<parsed>true</parsed>
<columns itemClass="oracle.dbtools.crest.model.design.relational.Column">
<Column name="ID_CLIENTE" id="D45C7C0E-52E6-1799-83D1-B1B6F824858B">
<sourceConnName>PRFINALBD2020</sourceConnName>
<sourceObjSchema>CLIENTE</sourceObjSchema>
<sourceObjName>ID_CLIENTE</sourceObjName>
<createdBy>mario</createdBy>
<createdTime>2020-11-05 18:06:14 UTC</createdTime>
<ownerDesignName>Diagrama</ownerDesignName>
<useDomainConstraints>false</useDomainConstraints>
<use>1</use>
<logicalDatatype>LOGDT019</logicalDatatype>
<dataTypePrecision>*</dataTypePrecision>
<dataTypeScale>0</dataTypeScale>
<ownDataTypeParameters>,*,0</ownDataTypeParameters>
<autoIncrementCycle>false</autoIncrementCycle>
</Column>
<Column name="ID_PERSONA" id="EC260A0D-09E6-FDFE-D1B4-E39CB9851688">
<sourceConnName>PRFINALBD2020</sourceConnName>
<sourceObjSchema>CLIENTE</sourceObjSchema>
<sourceObjName>ID_PERSONA</sourceObjName>
<createdBy>mario</createdBy>
<createdTime>2020-11-05 18:06:14 UTC</createdTime>
<ownerDesignName>Diagrama</ownerDesignName>
<useDomainConstraints>false</useDomainConstraints>
<use>1</use>
<logicalDatatype>LOGDT019</logicalDatatype>
<dataTypePrecision>*</dataTypePrecision>
<dataTypeScale>0</dataTypeScale>
<ownDataTypeParameters>,*,0</ownDataTypeParameters>
<autoIncrementCycle>false</autoIncrementCycle>
<associations>
<colAssociation fkAssociation="E5FE12EF-464B-1AA7-5DD3-CF3B71F76785" referredColumn="2874E60D-B59D-BC95-05B4-A4C7593031E2"/>
</associations>
</Column>
<Column name="ID_RAZON_SOCIAL_P" id="87F65C14-DE0B-858B-F9C8-E4E515F62317">
<sourceConnName>PRFINALBD2020</sourceConnName>
<sourceObjSchema>CLIENTE</sourceObjSchema>
<sourceObjName>ID_RAZON_SOCIAL_P</sourceObjName>
<createdBy>mario</createdBy>
<createdTime>2020-11-05 18:06:14 UTC</createdTime>
<ownerDesignName>Diagrama</ownerDesignName>
<nullsAllowed>true</nullsAllowed>
<useDomainConstraints>false</useDomainConstraints>
<use>1</use>
<logicalDatatype>LOGDT019</logicalDatatype>
<dataTypePrecision>*</dataTypePrecision>
<dataTypeScale>0</dataTypeScale>
<ownDataTypeParameters>,*,0</ownDataTypeParameters>
<autoIncrementCycle>false</autoIncrementCycle>
<associations>
<colAssociation fkAssociation="5B09CF4E-A1BE-F1CF-E426-B8AFEDFD63B9" referredColumn="65A4CB8B-427F-BAA6-67DD-1B023643A7DB"/>
</associations>
</Column>
</columns>
<indexes itemClass="oracle.dbtools.crest.model.design.relational.Index">
<ind_PK_UK id="9DCD33F8-83F0-CED8-DB83-C50B2439A9D7" name="PK_CLIENTE">
<sourceConnName>PRFINALBD2020</sourceConnName>
<sourceObjSchema>MARIO</sourceObjSchema>
<sourceObjName>PK_CLIENTE</sourceObjName>
<createdBy>mario</createdBy>
<createdTime>2020-11-05 18:06:14 UTC</createdTime>
<ownerDesignName>Diagrama</ownerDesignName>
<pk>true</pk>
<indexState>Primary Constraint</indexState>
<isSurrogateKey>false</isSurrogateKey>
<indexColumnUsage>
<colUsage columnID="D45C7C0E-52E6-1799-83D1-B1B6F824858B"/>
</indexColumnUsage>
</ind_PK_UK>
<ind_PK_UK id="D3E3878A-3091-E32D-58B2-C9F99FEF3A10" schemaObject="F64E1D9B-7E6B-CABF-605F-B7EAC2DFD0C0" name="PK_CLIENTE">
<sourceConnName>PRFINALBD2020</sourceConnName>
<sourceObjSchema>MARIO</sourceObjSchema>
<sourceObjName>PK_CLIENTE</sourceObjName>
<createdBy>mario</createdBy>
<createdTime>2020-11-05 18:06:14 UTC</createdTime>
<ownerDesignName>Diagrama</ownerDesignName>
<indexState>Unique Plain Index</indexState>
<isSurrogateKey>false</isSurrogateKey>
<indexColumnUsage>
<colUsage columnID="D45C7C0E-52E6-1799-83D1-B1B6F824858B"/>
</indexColumnUsage>
</ind_PK_UK>
<ind_PK_UK id="9D787F72-6283-163F-BA2E-1509F91962A6" name="CLIENTE_PERSONA_FK">
<createdBy>mario</createdBy>
<createdTime>2020-11-05 18:06:14 UTC</createdTime>
<ownerDesignName>Diagrama</ownerDesignName>
<indexState>Foreign Key</indexState>
<isSurrogateKey>false</isSurrogateKey>
<indexColumnUsage>
<colUsage columnID="EC260A0D-09E6-FDFE-D1B4-E39CB9851688"/>
</indexColumnUsage>
</ind_PK_UK>
<ind_PK_UK id="761CD09C-0BD3-AA38-BD52-5CF3CBFD6EE1" name="CLIENTE_RSOCIALP">
<createdBy>mario</createdBy>
<createdTime>2020-11-05 18:06:14 UTC</createdTime>
<ownerDesignName>Diagrama</ownerDesignName>
<indexState>Foreign Key</indexState>
<isSurrogateKey>false</isSurrogateKey>
<indexColumnUsage>
<colUsage columnID="87F65C14-DE0B-858B-F9C8-E4E515F62317"/>
</indexColumnUsage>
</ind_PK_UK>
</indexes>
</Table>