<?xml version = '1.0' encoding = 'UTF-8'?>
<Table class="oracle.dbtools.crest.model.design.relational.Table" directorySegmentName="seg_0" id="492F5DAF-5D4A-1BFC-176F-3D53784447D4" schemaObject="F64E1D9B-7E6B-CABF-605F-B7EAC2DFD0C0" name="COLONIA">
<sourceConnName>PRFINALBD2020</sourceConnName>
<sourceObjSchema>MARIO</sourceObjSchema>
<sourceObjName>COLONIA</sourceObjName>
<createdBy>mario</createdBy>
<createdTime>2020-11-05 18:06:13 UTC</createdTime>
<ownerDesignName>Diagrama</ownerDesignName>
<allowColumnReorder>false</allowColumnReorder>
<existDependencyGenerateInDDl>true</existDependencyGenerateInDDl>
<parsed>true</parsed>
<columns itemClass="oracle.dbtools.crest.model.design.relational.Column">
<Column name="ID_COLONIA" id="32712FD8-F850-F77C-0C11-B76ACA405064">
<sourceConnName>PRFINALBD2020</sourceConnName>
<sourceObjSchema>COLONIA</sourceObjSchema>
<sourceObjName>ID_COLONIA</sourceObjName>
<createdBy>mario</createdBy>
<createdTime>2020-11-05 18:06:14 UTC</createdTime>
<ownerDesignName>Diagrama</ownerDesignName>
<useDomainConstraints>false</useDomainConstraints>
<use>1</use>
<logicalDatatype>LOGDT019</logicalDatatype>
<dataTypePrecision>*</dataTypePrecision>
<dataTypeScale>0</dataTypeScale>
<ownDataTypeParameters>,*,0</ownDataTypeParameters>
<autoIncrementCycle>false</autoIncrementCycle>
</Column>
<Column name="ID_MUNICIPIO" id="E9335B2C-67C1-F976-9889-B0A7548FBA5D">
<sourceConnName>PRFINALBD2020</sourceConnName>
<sourceObjSchema>COLONIA</sourceObjSchema>
<sourceObjName>ID_MUNICIPIO</sourceObjName>
<createdBy>mario</createdBy>
<createdTime>2020-11-05 18:06:14 UTC</createdTime>
<ownerDesignName>Diagrama</ownerDesignName>
<useDomainConstraints>false</useDomainConstraints>
<use>1</use>
<logicalDatatype>LOGDT019</logicalDatatype>
<dataTypePrecision>*</dataTypePrecision>
<dataTypeScale>0</dataTypeScale>
<ownDataTypeParameters>,*,0</ownDataTypeParameters>
<autoIncrementCycle>false</autoIncrementCycle>
<associations>
<colAssociation fkAssociation="26CC6ADB-35E9-A0C2-77D1-E92A4FE2516E" referredColumn="5D6BDF7D-55CD-6589-9634-736DC08BB119"/>
</associations>
</Column>
<Column name="COLONIA" id="BD52F812-A0A2-C84F-F8B2-94B97757EFE4">
<sourceConnName>PRFINALBD2020</sourceConnName>
<sourceObjSchema>COLONIA</sourceObjSchema>
<sourceObjName>COLONIA</sourceObjName>
<createdBy>mario</createdBy>
<createdTime>2020-11-05 18:06:14 UTC</createdTime>
<ownerDesignName>Diagrama</ownerDesignName>
<nullsAllowed>true</nullsAllowed>
<useDomainConstraints>false</useDomainConstraints>
<use>1</use>
<logicalDatatype>LOGDT024</logicalDatatype>
<dataTypeSize>30 BYTE</dataTypeSize>
<ownDataTypeParameters>30 BYTE,,</ownDataTypeParameters>
<autoIncrementCycle>false</autoIncrementCycle>
</Column>
</columns>
<indexes itemClass="oracle.dbtools.crest.model.design.relational.Index">
<ind_PK_UK id="7356E5FD-4B25-01BF-E183-110E0D36C8A3" name="COLONIA_PK">
<sourceConnName>PRFINALBD2020</sourceConnName>
<sourceObjSchema>MARIO</sourceObjSchema>
<sourceObjName>COLONIA_PK</sourceObjName>
<createdBy>mario</createdBy>
<createdTime>2020-11-05 18:06:14 UTC</createdTime>
<ownerDesignName>Diagrama</ownerDesignName>
<pk>true</pk>
<indexState>Primary Constraint</indexState>
<isSurrogateKey>false</isSurrogateKey>
<indexColumnUsage>
<colUsage columnID="32712FD8-F850-F77C-0C11-B76ACA405064"/>
</indexColumnUsage>
</ind_PK_UK>
<ind_PK_UK id="870DE85B-8663-50C1-29A3-7E535E060B9D" schemaObject="F64E1D9B-7E6B-CABF-605F-B7EAC2DFD0C0" name="COLONIA_PK">
<sourceConnName>PRFINALBD2020</sourceConnName>
<sourceObjSchema>MARIO</sourceObjSchema>
<sourceObjName>COLONIA_PK</sourceObjName>
<createdBy>mario</createdBy>
<createdTime>2020-11-05 18:06:14 UTC</createdTime>
<ownerDesignName>Diagrama</ownerDesignName>
<indexState>Unique Plain Index</indexState>
<isSurrogateKey>false</isSurrogateKey>
<indexColumnUsage>
<colUsage columnID="32712FD8-F850-F77C-0C11-B76ACA405064"/>
</indexColumnUsage>
</ind_PK_UK>
<ind_PK_UK id="3859D5AD-738D-BF22-979B-30EFCC315141" name="COLONIA_MUNICIPIOS_FK">
<createdBy>mario</createdBy>
<createdTime>2020-11-05 18:06:14 UTC</createdTime>
<ownerDesignName>Diagrama</ownerDesignName>
<indexState>Foreign Key</indexState>
<isSurrogateKey>false</isSurrogateKey>
<indexColumnUsage>
<colUsage columnID="E9335B2C-67C1-F976-9889-B0A7548FBA5D"/>
</indexColumnUsage>
</ind_PK_UK>
</indexes>
</Table>