<?xml version = '1.0' encoding = 'UTF-8'?>
<Table class="oracle.dbtools.crest.model.design.relational.Table" directorySegmentName="seg_0" id="49AFD941-8AF5-B3D1-041E-4734B4309560" schemaObject="F64E1D9B-7E6B-CABF-605F-B7EAC2DFD0C0" name="HISTORIAL_CLINICO">
<sourceConnName>PRFINALBD2020</sourceConnName>
<sourceObjSchema>MARIO</sourceObjSchema>
<sourceObjName>HISTORIAL_CLINICO</sourceObjName>
<createdBy>mario</createdBy>
<createdTime>2020-11-05 18:06:13 UTC</createdTime>
<ownerDesignName>Diagrama</ownerDesignName>
<allowColumnReorder>false</allowColumnReorder>
<existDependencyGenerateInDDl>true</existDependencyGenerateInDDl>
<parsed>true</parsed>
<columns itemClass="oracle.dbtools.crest.model.design.relational.Column">
<Column name="ID_HISTORIAL_CLINICO" id="1B7D0938-38AE-83FA-1C07-F3DFC364E7B0">
<sourceConnName>PRFINALBD2020</sourceConnName>
<sourceObjSchema>HISTORIAL_CLINICO</sourceObjSchema>
<sourceObjName>ID_HISTORIAL_CLINICO</sourceObjName>
<createdBy>mario</createdBy>
<createdTime>2020-11-05 18:06:14 UTC</createdTime>
<ownerDesignName>Diagrama</ownerDesignName>
<useDomainConstraints>false</useDomainConstraints>
<use>1</use>
<logicalDatatype>LOGDT019</logicalDatatype>
<dataTypePrecision>*</dataTypePrecision>
<dataTypeScale>0</dataTypeScale>
<ownDataTypeParameters>,*,0</ownDataTypeParameters>
<autoIncrementCycle>false</autoIncrementCycle>
</Column>
<Column name="ID_PERSONA" id="70DE4037-007C-B895-9B50-4308D9992F7F">
<sourceConnName>PRFINALBD2020</sourceConnName>
<sourceObjSchema>HISTORIAL_CLINICO</sourceObjSchema>
<sourceObjName>ID_PERSONA</sourceObjName>
<createdBy>mario</createdBy>
<createdTime>2020-11-05 18:06:14 UTC</createdTime>
<ownerDesignName>Diagrama</ownerDesignName>
<useDomainConstraints>false</useDomainConstraints>
<use>1</use>
<logicalDatatype>LOGDT019</logicalDatatype>
<dataTypePrecision>*</dataTypePrecision>
<dataTypeScale>0</dataTypeScale>
<ownDataTypeParameters>,*,0</ownDataTypeParameters>
<autoIncrementCycle>false</autoIncrementCycle>
<associations>
<colAssociation fkAssociation="054F2447-6542-F8D8-C52E-F5ABF5078C78" referredColumn="2874E60D-B59D-BC95-05B4-A4C7593031E2"/>
</associations>
</Column>
<Column name="ID_SIGNOS_VITALES" id="D7AA1686-111E-DCC4-B574-F933ECC8153F">
<sourceConnName>PRFINALBD2020</sourceConnName>
<sourceObjSchema>HISTORIAL_CLINICO</sourceObjSchema>
<sourceObjName>ID_SIGNOS_VITALES</sourceObjName>
<createdBy>mario</createdBy>
<createdTime>2020-11-05 18:06:14 UTC</createdTime>
<ownerDesignName>Diagrama</ownerDesignName>
<useDomainConstraints>false</useDomainConstraints>
<use>1</use>
<logicalDatatype>LOGDT019</logicalDatatype>
<dataTypePrecision>*</dataTypePrecision>
<dataTypeScale>0</dataTypeScale>
<ownDataTypeParameters>,*,0</ownDataTypeParameters>
<autoIncrementCycle>false</autoIncrementCycle>
<associations>
<colAssociation fkAssociation="4F46F375-8D3E-66A7-C0B5-B97792E8FEC7" referredColumn="9692665C-19F4-667C-2EA1-CE2DB14C99CA"/>
</associations>
</Column>
<Column name="VIA_INGRESO" id="184E7750-A970-72EC-85FE-0B2E87A21A9B">
<sourceConnName>PRFINALBD2020</sourceConnName>
<sourceObjSchema>HISTORIAL_CLINICO</sourceObjSchema>
<sourceObjName>VIA_INGRESO</sourceObjName>
<createdBy>mario</createdBy>
<createdTime>2020-11-05 18:06:14 UTC</createdTime>
<ownerDesignName>Diagrama</ownerDesignName>
<nullsAllowed>true</nullsAllowed>
<useDomainConstraints>false</useDomainConstraints>
<use>1</use>
<logicalDatatype>LOGDT024</logicalDatatype>
<dataTypeSize>50 BYTE</dataTypeSize>
<ownDataTypeParameters>50 BYTE,,</ownDataTypeParameters>
<autoIncrementCycle>false</autoIncrementCycle>
</Column>
<Column name="USUARIO_REGISTRO" id="D399829F-51AC-E8CE-7EF4-0846317489DA">
<sourceConnName>PRFINALBD2020</sourceConnName>
<sourceObjSchema>HISTORIAL_CLINICO</sourceObjSchema>
<sourceObjName>USUARIO_REGISTRO</sourceObjName>
<createdBy>mario</createdBy>
<createdTime>2020-11-05 18:06:14 UTC</createdTime>
<ownerDesignName>Diagrama</ownerDesignName>
<nullsAllowed>true</nullsAllowed>
<useDomainConstraints>false</useDomainConstraints>
<use>1</use>
<logicalDatatype>LOGDT024</logicalDatatype>
<dataTypeSize>25 BYTE</dataTypeSize>
<ownDataTypeParameters>25 BYTE,,</ownDataTypeParameters>
<autoIncrementCycle>false</autoIncrementCycle>
</Column>
<Column name="CLINICA" id="A20400C9-4F0D-B12A-81C1-0CF4163CA2EF">
<sourceConnName>PRFINALBD2020</sourceConnName>
<sourceObjSchema>HISTORIAL_CLINICO</sourceObjSchema>
<sourceObjName>CLINICA</sourceObjName>
<createdBy>mario</createdBy>
<createdTime>2020-11-05 18:06:14 UTC</createdTime>
<ownerDesignName>Diagrama</ownerDesignName>
<nullsAllowed>true</nullsAllowed>
<useDomainConstraints>false</useDomainConstraints>
<use>1</use>
<logicalDatatype>LOGDT024</logicalDatatype>
<dataTypeSize>50 BYTE</dataTypeSize>
<ownDataTypeParameters>50 BYTE,,</ownDataTypeParameters>
<autoIncrementCycle>false</autoIncrementCycle>
</Column>
<Column name="OBSERVACIONES" id="B6D11443-1204-CB5C-FB88-BDC9C942B51D">
<sourceConnName>PRFINALBD2020</sourceConnName>
<sourceObjSchema>HISTORIAL_CLINICO</sourceObjSchema>
<sourceObjName>OBSERVACIONES</sourceObjName>
<createdBy>mario</createdBy>
<createdTime>2020-11-05 18:06:14 UTC</createdTime>
<ownerDesignName>Diagrama</ownerDesignName>
<nullsAllowed>true</nullsAllowed>
<useDomainConstraints>false</useDomainConstraints>
<use>1</use>
<logicalDatatype>LOGDT024</logicalDatatype>
<dataTypeSize>1000 BYTE</dataTypeSize>
<ownDataTypeParameters>1000 BYTE,,</ownDataTypeParameters>
<autoIncrementCycle>false</autoIncrementCycle>
</Column>
<Column name="FECHA_INGRESO" id="0C816914-34E1-7D0F-8F72-B670EC7D231F">
<sourceConnName>PRFINALBD2020</sourceConnName>
<sourceObjSchema>HISTORIAL_CLINICO</sourceObjSchema>
<sourceObjName>FECHA_INGRESO</sourceObjName>
<createdBy>mario</createdBy>
<createdTime>2020-11-05 18:06:14 UTC</createdTime>
<ownerDesignName>Diagrama</ownerDesignName>
<nullsAllowed>true</nullsAllowed>
<useDomainConstraints>false</useDomainConstraints>
<use>1</use>
<logicalDatatype>LOGDT007</logicalDatatype>
<dataTypeSize>7</dataTypeSize>
<ownDataTypeParameters>7,,</ownDataTypeParameters>
<autoIncrementCycle>false</autoIncrementCycle>
</Column>
<Column name="ALTURA" id="7A5CC81E-34EF-4431-1403-6D206C7D2CB4">
<sourceConnName>PRFINALBD2020</sourceConnName>
<sourceObjSchema>HISTORIAL_CLINICO</sourceObjSchema>
<sourceObjName>ALTURA</sourceObjName>
<createdBy>mario</createdBy>
<createdTime>2020-11-05 18:06:14 UTC</createdTime>
<ownerDesignName>Diagrama</ownerDesignName>
<nullsAllowed>true</nullsAllowed>
<useDomainConstraints>false</useDomainConstraints>
<use>1</use>
<logicalDatatype>LOGDT019</logicalDatatype>
<dataTypePrecision>5</dataTypePrecision>
<dataTypeScale>0</dataTypeScale>
<ownDataTypeParameters>,5,0</ownDataTypeParameters>
<autoIncrementCycle>false</autoIncrementCycle>
</Column>
<Column name="PESO_ACTUAL" id="FD4F4FC4-9A6D-9027-078F-653DD3237B45">
<sourceConnName>PRFINALBD2020</sourceConnName>
<sourceObjSchema>HISTORIAL_CLINICO</sourceObjSchema>
<sourceObjName>PESO_ACTUAL</sourceObjName>
<createdBy>mario</createdBy>
<createdTime>2020-11-05 18:06:14 UTC</createdTime>
<ownerDesignName>Diagrama</ownerDesignName>
<nullsAllowed>true</nullsAllowed>
<useDomainConstraints>false</useDomainConstraints>
<use>1</use>
<logicalDatatype>LOGDT019</logicalDatatype>
<dataTypePrecision>4</dataTypePrecision>
<dataTypeScale>0</dataTypeScale>
<ownDataTypeParameters>,4,0</ownDataTypeParameters>
<autoIncrementCycle>false</autoIncrementCycle>
</Column>
<Column name="PESO_ANTERIOR" id="90CA4AF0-94FD-C0A4-B0F6-3BE76DD803DF">
<sourceConnName>PRFINALBD2020</sourceConnName>
<sourceObjSchema>HISTORIAL_CLINICO</sourceObjSchema>
<sourceObjName>PESO_ANTERIOR</sourceObjName>
<createdBy>mario</createdBy>
<createdTime>2020-11-05 18:06:14 UTC</createdTime>
<ownerDesignName>Diagrama</ownerDesignName>
<nullsAllowed>true</nullsAllowed>
<useDomainConstraints>false</useDomainConstraints>
<use>1</use>
<logicalDatatype>LOGDT019</logicalDatatype>
<dataTypePrecision>4</dataTypePrecision>
<dataTypeScale>0</dataTypeScale>
<ownDataTypeParameters>,4,0</ownDataTypeParameters>
<autoIncrementCycle>false</autoIncrementCycle>
</Column>
<Column name="MEDIDA_CINTURA" id="AB04556C-76D3-9554-7126-1419F20DFD01">
<sourceConnName>PRFINALBD2020</sourceConnName>
<sourceObjSchema>HISTORIAL_CLINICO</sourceObjSchema>
<sourceObjName>MEDIDA_CINTURA</sourceObjName>
<createdBy>mario</createdBy>
<createdTime>2020-11-05 18:06:14 UTC</createdTime>
<ownerDesignName>Diagrama</ownerDesignName>
<nullsAllowed>true</nullsAllowed>
<useDomainConstraints>false</useDomainConstraints>
<use>1</use>
<logicalDatatype>LOGDT019</logicalDatatype>
<dataTypePrecision>5</dataTypePrecision>
<dataTypeScale>0</dataTypeScale>
<ownDataTypeParameters>,5,0</ownDataTypeParameters>
<autoIncrementCycle>false</autoIncrementCycle>
</Column>
<Column name="MASA_MUSCULAR" id="B4BB7DFE-22CA-0859-3927-71EA5714F07B">
<sourceConnName>PRFINALBD2020</sourceConnName>
<sourceObjSchema>HISTORIAL_CLINICO</sourceObjSchema>
<sourceObjName>MASA_MUSCULAR</sourceObjName>
<createdBy>mario</createdBy>
<createdTime>2020-11-05 18:06:14 UTC</createdTime>
<ownerDesignName>Diagrama</ownerDesignName>
<nullsAllowed>true</nullsAllowed>
<useDomainConstraints>false</useDomainConstraints>
<use>1</use>
<logicalDatatype>LOGDT019</logicalDatatype>
<dataTypePrecision>4</dataTypePrecision>
<dataTypeScale>0</dataTypeScale>
<ownDataTypeParameters>,4,0</ownDataTypeParameters>
<autoIncrementCycle>false</autoIncrementCycle>
</Column>
<Column name="FECHA_REGISTRO" id="1A5C484F-F14F-5692-7805-7D303B481A5B">
<sourceConnName>PRFINALBD2020</sourceConnName>
<sourceObjSchema>HISTORIAL_CLINICO</sourceObjSchema>
<sourceObjName>FECHA_REGISTRO</sourceObjName>
<createdBy>mario</createdBy>
<createdTime>2020-11-05 18:06:14 UTC</createdTime>
<ownerDesignName>Diagrama</ownerDesignName>
<nullsAllowed>true</nullsAllowed>
<useDomainConstraints>false</useDomainConstraints>
<use>1</use>
<logicalDatatype>LOGDT007</logicalDatatype>
<dataTypeSize>7</dataTypeSize>
<ownDataTypeParameters>7,,</ownDataTypeParameters>
<autoIncrementCycle>false</autoIncrementCycle>
</Column>
</columns>
<indexes itemClass="oracle.dbtools.crest.model.design.relational.Index">
<ind_PK_UK id="EA8C9DDF-2298-C69F-53BF-828663433FEE" name="HISTORIAL_CLINICO_PK">
<sourceConnName>PRFINALBD2020</sourceConnName>
<sourceObjSchema>MARIO</sourceObjSchema>
<sourceObjName>HISTORIAL_CLINICO_PK</sourceObjName>
<createdBy>mario</createdBy>
<createdTime>2020-11-05 18:06:14 UTC</createdTime>
<ownerDesignName>Diagrama</ownerDesignName>
<pk>true</pk>
<indexState>Primary Constraint</indexState>
<isSurrogateKey>false</isSurrogateKey>
<indexColumnUsage>
<colUsage columnID="1B7D0938-38AE-83FA-1C07-F3DFC364E7B0"/>
</indexColumnUsage>
</ind_PK_UK>
<ind_PK_UK id="9DC937BA-2598-ABDC-757C-64A6032741EF" schemaObject="F64E1D9B-7E6B-CABF-605F-B7EAC2DFD0C0" name="HISTORIAL_CLINICO_PK">
<sourceConnName>PRFINALBD2020</sourceConnName>
<sourceObjSchema>MARIO</sourceObjSchema>
<sourceObjName>HISTORIAL_CLINICO_PK</sourceObjName>
<createdBy>mario</createdBy>
<createdTime>2020-11-05 18:06:14 UTC</createdTime>
<ownerDesignName>Diagrama</ownerDesignName>
<indexState>Unique Plain Index</indexState>
<isSurrogateKey>false</isSurrogateKey>
<indexColumnUsage>
<colUsage columnID="1B7D0938-38AE-83FA-1C07-F3DFC364E7B0"/>
</indexColumnUsage>
</ind_PK_UK>
<ind_PK_UK id="635CD431-A71E-F0DB-622B-2694D5694ABF" name="HISTORIAL_CLINICO_PERSONA_FK">
<createdBy>mario</createdBy>
<createdTime>2020-11-05 18:06:14 UTC</createdTime>
<ownerDesignName>Diagrama</ownerDesignName>
<indexState>Foreign Key</indexState>
<isSurrogateKey>false</isSurrogateKey>
<indexColumnUsage>
<colUsage columnID="70DE4037-007C-B895-9B50-4308D9992F7F"/>
</indexColumnUsage>
</ind_PK_UK>
<ind_PK_UK id="F7951DD4-C70A-1F9D-321B-94349B678BDE" name="HISTORIAL_SIGNOS">
<createdBy>mario</createdBy>
<createdTime>2020-11-05 18:06:14 UTC</createdTime>
<ownerDesignName>Diagrama</ownerDesignName>
<indexState>Foreign Key</indexState>
<isSurrogateKey>false</isSurrogateKey>
<indexColumnUsage>
<colUsage columnID="D7AA1686-111E-DCC4-B574-F933ECC8153F"/>
</indexColumnUsage>
</ind_PK_UK>
</indexes>
</Table>