<?xml version = '1.0' encoding = 'UTF-8'?>
<Table class="oracle.dbtools.crest.model.design.relational.Table" directorySegmentName="seg_0" id="5703DB31-C78D-9430-933E-0730EE63601F" schemaObject="F64E1D9B-7E6B-CABF-605F-B7EAC2DFD0C0" name="TELEFONO_PROVEEDORES">
<sourceConnName>PRFINALBD2020</sourceConnName>
<sourceObjSchema>MARIO</sourceObjSchema>
<sourceObjName>TELEFONO_PROVEEDORES</sourceObjName>
<createdBy>mario</createdBy>
<createdTime>2020-11-05 18:06:14 UTC</createdTime>
<ownerDesignName>Diagrama</ownerDesignName>
<allowColumnReorder>false</allowColumnReorder>
<existDependencyGenerateInDDl>true</existDependencyGenerateInDDl>
<parsed>true</parsed>
<columns itemClass="oracle.dbtools.crest.model.design.relational.Column">
<Column name="ID_TELEFONO" id="5FCAA891-5062-6B3E-FA59-ACBF1410528E">
<sourceConnName>PRFINALBD2020</sourceConnName>
<sourceObjSchema>TELEFONO_PROVEEDORES</sourceObjSchema>
<sourceObjName>ID_TELEFONO</sourceObjName>
<createdBy>mario</createdBy>
<createdTime>2020-11-05 18:06:14 UTC</createdTime>
<ownerDesignName>Diagrama</ownerDesignName>
<useDomainConstraints>false</useDomainConstraints>
<use>1</use>
<logicalDatatype>LOGDT019</logicalDatatype>
<dataTypePrecision>*</dataTypePrecision>
<dataTypeScale>0</dataTypeScale>
<ownDataTypeParameters>,*,0</ownDataTypeParameters>
<autoIncrementCycle>false</autoIncrementCycle>
<associations>
<colAssociation fkAssociation="977A0266-8963-9F54-D2B0-C5FEF62EBF14" referredColumn="4F8B4961-A343-EEED-62DB-6BC864062AD9"/>
</associations>
</Column>
<Column name="ID_PROVEEDOR" id="993B2A7F-AB80-4A0B-FB1B-403ED1ABABFB">
<sourceConnName>PRFINALBD2020</sourceConnName>
<sourceObjSchema>TELEFONO_PROVEEDORES</sourceObjSchema>
<sourceObjName>ID_PROVEEDOR</sourceObjName>
<createdBy>mario</createdBy>
<createdTime>2020-11-05 18:06:14 UTC</createdTime>
<ownerDesignName>Diagrama</ownerDesignName>
<nullsAllowed>true</nullsAllowed>
<useDomainConstraints>false</useDomainConstraints>
<use>1</use>
<logicalDatatype>LOGDT019</logicalDatatype>
<dataTypePrecision>*</dataTypePrecision>
<dataTypeScale>0</dataTypeScale>
<ownDataTypeParameters>,*,0</ownDataTypeParameters>
<autoIncrementCycle>false</autoIncrementCycle>
</Column>
</columns>
<indexes itemClass="oracle.dbtools.crest.model.design.relational.Index">
<ind_PK_UK id="7A77D447-F481-D645-2663-A18DDEB8B360" name="TELEFONO_PROVEEDORES_PK">
<sourceConnName>PRFINALBD2020</sourceConnName>
<sourceObjSchema>MARIO</sourceObjSchema>
<sourceObjName>TELEFONO_PROVEEDORES_PK</sourceObjName>
<createdBy>mario</createdBy>
<createdTime>2020-11-05 18:06:14 UTC</createdTime>
<ownerDesignName>Diagrama</ownerDesignName>
<pk>true</pk>
<indexState>Primary Constraint</indexState>
<isSurrogateKey>false</isSurrogateKey>
<indexColumnUsage>
<colUsage columnID="5FCAA891-5062-6B3E-FA59-ACBF1410528E"/>
</indexColumnUsage>
</ind_PK_UK>
<ind_PK_UK id="8129ECFC-9C88-C8F3-DD5A-DE7C82DE3280" schemaObject="F64E1D9B-7E6B-CABF-605F-B7EAC2DFD0C0" name="TELEFONO_PROVEEDORES_PK">
<sourceConnName>PRFINALBD2020</sourceConnName>
<sourceObjSchema>MARIO</sourceObjSchema>
<sourceObjName>TELEFONO_PROVEEDORES_PK</sourceObjName>
<createdBy>mario</createdBy>
<createdTime>2020-11-05 18:06:14 UTC</createdTime>
<ownerDesignName>Diagrama</ownerDesignName>
<indexState>Unique Plain Index</indexState>
<isSurrogateKey>false</isSurrogateKey>
<indexColumnUsage>
<colUsage columnID="5FCAA891-5062-6B3E-FA59-ACBF1410528E"/>
</indexColumnUsage>
</ind_PK_UK>
<ind_PK_UK id="3BA06EC3-E415-A93A-478D-17351B7435C3" name="TELPROV_TEL">
<createdBy>mario</createdBy>
<createdTime>2020-11-05 18:06:14 UTC</createdTime>
<ownerDesignName>Diagrama</ownerDesignName>
<indexState>Foreign Key</indexState>
<isSurrogateKey>false</isSurrogateKey>
<indexColumnUsage>
<colUsage columnID="5FCAA891-5062-6B3E-FA59-ACBF1410528E"/>
</indexColumnUsage>
</ind_PK_UK>
</indexes>
</Table>