<?xml version = '1.0' encoding = 'UTF-8'?>
<Table class="oracle.dbtools.crest.model.design.relational.Table" directorySegmentName="seg_0" id="59D6E1BD-C989-0E4D-8C58-93777F59198D" schemaObject="F64E1D9B-7E6B-CABF-605F-B7EAC2DFD0C0" name="EXAMEN_PERSONA">
<sourceConnName>PRFINALBD2020</sourceConnName>
<sourceObjSchema>MARIO</sourceObjSchema>
<sourceObjName>EXAMEN_PERSONA</sourceObjName>
<createdBy>mario</createdBy>
<createdTime>2020-11-05 18:06:13 UTC</createdTime>
<ownerDesignName>Diagrama</ownerDesignName>
<allowColumnReorder>false</allowColumnReorder>
<existDependencyGenerateInDDl>true</existDependencyGenerateInDDl>
<parsed>true</parsed>
<columns itemClass="oracle.dbtools.crest.model.design.relational.Column">
<Column name="ID_PERSONA" id="5D8AF2A5-F08B-37EC-A530-40277CDE704B">
<sourceConnName>PRFINALBD2020</sourceConnName>
<sourceObjSchema>EXAMEN_PERSONA</sourceObjSchema>
<sourceObjName>ID_PERSONA</sourceObjName>
<createdBy>mario</createdBy>
<createdTime>2020-11-05 18:06:14 UTC</createdTime>
<ownerDesignName>Diagrama</ownerDesignName>
<useDomainConstraints>false</useDomainConstraints>
<use>1</use>
<logicalDatatype>LOGDT019</logicalDatatype>
<dataTypePrecision>*</dataTypePrecision>
<dataTypeScale>0</dataTypeScale>
<ownDataTypeParameters>,*,0</ownDataTypeParameters>
<autoIncrementCycle>false</autoIncrementCycle>
<associations>
<colAssociation fkAssociation="C96E7E90-0C0E-FCB6-1441-AED2302D9661" referredColumn="2874E60D-B59D-BC95-05B4-A4C7593031E2"/>
</associations>
</Column>
<Column name="ID_EXAMEN" id="C0045FF8-42A8-C438-765E-A1DE05D46A89">
<sourceConnName>PRFINALBD2020</sourceConnName>
<sourceObjSchema>EXAMEN_PERSONA</sourceObjSchema>
<sourceObjName>ID_EXAMEN</sourceObjName>
<createdBy>mario</createdBy>
<createdTime>2020-11-05 18:06:14 UTC</createdTime>
<ownerDesignName>Diagrama</ownerDesignName>
<useDomainConstraints>false</useDomainConstraints>
<use>1</use>
<logicalDatatype>LOGDT019</logicalDatatype>
<dataTypePrecision>*</dataTypePrecision>
<dataTypeScale>0</dataTypeScale>
<ownDataTypeParameters>,*,0</ownDataTypeParameters>
<autoIncrementCycle>false</autoIncrementCycle>
<associations>
<colAssociation fkAssociation="270061F1-8F46-2A4D-E66A-16033350ED7C" referredColumn="9A065E08-96F3-FF31-9AA5-6D1D3C7DD769"/>
</associations>
</Column>
<Column name="RESULTADO" id="21806421-ECCF-2ECB-6B2F-E376AA1D6B61">
<sourceConnName>PRFINALBD2020</sourceConnName>
<sourceObjSchema>EXAMEN_PERSONA</sourceObjSchema>
<sourceObjName>RESULTADO</sourceObjName>
<createdBy>mario</createdBy>
<createdTime>2020-11-05 18:06:14 UTC</createdTime>
<ownerDesignName>Diagrama</ownerDesignName>
<nullsAllowed>true</nullsAllowed>
<useDomainConstraints>false</useDomainConstraints>
<use>1</use>
<logicalDatatype>LOGDT024</logicalDatatype>
<dataTypeSize>500 BYTE</dataTypeSize>
<ownDataTypeParameters>500 BYTE,,</ownDataTypeParameters>
<autoIncrementCycle>false</autoIncrementCycle>
</Column>
</columns>
<indexes itemClass="oracle.dbtools.crest.model.design.relational.Index">
<ind_PK_UK id="18D97062-72DE-E49B-CB2A-B52F56B8F2DC" name="EXAMEN_PERSONA_PK">
<sourceConnName>PRFINALBD2020</sourceConnName>
<sourceObjSchema>MARIO</sourceObjSchema>
<sourceObjName>EXAMEN_PERSONA_PK</sourceObjName>
<createdBy>mario</createdBy>
<createdTime>2020-11-05 18:06:14 UTC</createdTime>
<ownerDesignName>Diagrama</ownerDesignName>
<pk>true</pk>
<indexState>Primary Constraint</indexState>
<isSurrogateKey>false</isSurrogateKey>
<indexColumnUsage>
<colUsage columnID="5D8AF2A5-F08B-37EC-A530-40277CDE704B"/>
<colUsage columnID="C0045FF8-42A8-C438-765E-A1DE05D46A89"/>
</indexColumnUsage>
</ind_PK_UK>
<ind_PK_UK id="AB62484B-DABF-072F-BC6A-E0D12AC2641B" schemaObject="F64E1D9B-7E6B-CABF-605F-B7EAC2DFD0C0" name="EXAMEN_PERSONA_PK">
<sourceConnName>PRFINALBD2020</sourceConnName>
<sourceObjSchema>MARIO</sourceObjSchema>
<sourceObjName>EXAMEN_PERSONA_PK</sourceObjName>
<createdBy>mario</createdBy>
<createdTime>2020-11-05 18:06:14 UTC</createdTime>
<ownerDesignName>Diagrama</ownerDesignName>
<indexState>Unique Plain Index</indexState>
<isSurrogateKey>false</isSurrogateKey>
<indexColumnUsage>
<colUsage columnID="5D8AF2A5-F08B-37EC-A530-40277CDE704B"/>
<colUsage columnID="C0045FF8-42A8-C438-765E-A1DE05D46A89"/>
</indexColumnUsage>
</ind_PK_UK>
<ind_PK_UK id="47E8A788-C707-C3DD-D860-0DB77FC0938D" name="EXAMEN_PERSONA_EXAMENES_FK">
<createdBy>mario</createdBy>
<createdTime>2020-11-05 18:06:14 UTC</createdTime>
<ownerDesignName>Diagrama</ownerDesignName>
<indexState>Foreign Key</indexState>
<isSurrogateKey>false</isSurrogateKey>
<indexColumnUsage>
<colUsage columnID="C0045FF8-42A8-C438-765E-A1DE05D46A89"/>
</indexColumnUsage>
</ind_PK_UK>
<ind_PK_UK id="6327DED9-E310-2395-E5CD-498064589AB9" name="EXAMEN_PERSONA_PERSONA_FK">
<createdBy>mario</createdBy>
<createdTime>2020-11-05 18:06:14 UTC</createdTime>
<ownerDesignName>Diagrama</ownerDesignName>
<indexState>Foreign Key</indexState>
<isSurrogateKey>false</isSurrogateKey>
<indexColumnUsage>
<colUsage columnID="5D8AF2A5-F08B-37EC-A530-40277CDE704B"/>
</indexColumnUsage>
</ind_PK_UK>
</indexes>
</Table>