<?xml version = '1.0' encoding = 'UTF-8'?>
<Table class="oracle.dbtools.crest.model.design.relational.Table" directorySegmentName="seg_0" id="63BF8F4D-ECDC-8351-A62A-C4496BD60D1C" schemaObject="F64E1D9B-7E6B-CABF-605F-B7EAC2DFD0C0" name="MUNICIPIOS">
<sourceConnName>PRFINALBD2020</sourceConnName>
<sourceObjSchema>MARIO</sourceObjSchema>
<sourceObjName>MUNICIPIOS</sourceObjName>
<createdBy>mario</createdBy>
<createdTime>2020-11-05 18:06:13 UTC</createdTime>
<ownerDesignName>Diagrama</ownerDesignName>
<allowColumnReorder>false</allowColumnReorder>
<existDependencyGenerateInDDl>true</existDependencyGenerateInDDl>
<parsed>true</parsed>
<columns itemClass="oracle.dbtools.crest.model.design.relational.Column">
<Column name="ID_MUNICIPIO" id="5D6BDF7D-55CD-6589-9634-736DC08BB119">
<sourceConnName>PRFINALBD2020</sourceConnName>
<sourceObjSchema>MUNICIPIOS</sourceObjSchema>
<sourceObjName>ID_MUNICIPIO</sourceObjName>
<createdBy>mario</createdBy>
<createdTime>2020-11-05 18:06:14 UTC</createdTime>
<ownerDesignName>Diagrama</ownerDesignName>
<useDomainConstraints>false</useDomainConstraints>
<use>1</use>
<logicalDatatype>LOGDT019</logicalDatatype>
<dataTypePrecision>*</dataTypePrecision>
<dataTypeScale>0</dataTypeScale>
<ownDataTypeParameters>,*,0</ownDataTypeParameters>
<autoIncrementCycle>false</autoIncrementCycle>
</Column>
<Column name="ID_DEPARTAMENTO" id="7FF808CB-2F9A-E716-90F9-2B27E65308AF">
<sourceConnName>PRFINALBD2020</sourceConnName>
<sourceObjSchema>MUNICIPIOS</sourceObjSchema>
<sourceObjName>ID_DEPARTAMENTO</sourceObjName>
<createdBy>mario</createdBy>
<createdTime>2020-11-05 18:06:14 UTC</createdTime>
<ownerDesignName>Diagrama</ownerDesignName>
<nullsAllowed>true</nullsAllowed>
<useDomainConstraints>false</useDomainConstraints>
<use>1</use>
<logicalDatatype>LOGDT019</logicalDatatype>
<dataTypePrecision>*</dataTypePrecision>
<dataTypeScale>0</dataTypeScale>
<ownDataTypeParameters>,*,0</ownDataTypeParameters>
<autoIncrementCycle>false</autoIncrementCycle>
<associations>
<colAssociation fkAssociation="E4D0FB6B-1AC7-AFCB-E024-186606DBC2CB" referredColumn="3F0D9E54-9037-F547-5EDE-6F4A640849F9"/>
</associations>
</Column>
<Column name="ID_PAIS" id="004A7FA1-7855-4850-6BAA-8D4770772C36">
<sourceConnName>PRFINALBD2020</sourceConnName>
<sourceObjSchema>MUNICIPIOS</sourceObjSchema>
<sourceObjName>ID_PAIS</sourceObjName>
<createdBy>mario</createdBy>
<createdTime>2020-11-05 18:06:14 UTC</createdTime>
<ownerDesignName>Diagrama</ownerDesignName>
<nullsAllowed>true</nullsAllowed>
<useDomainConstraints>false</useDomainConstraints>
<use>1</use>
<logicalDatatype>LOGDT019</logicalDatatype>
<dataTypePrecision>*</dataTypePrecision>
<dataTypeScale>0</dataTypeScale>
<ownDataTypeParameters>,*,0</ownDataTypeParameters>
<autoIncrementCycle>false</autoIncrementCycle>
</Column>
<Column name="MUNICIPIO" id="31167FE6-5A36-E2A4-47CC-4183A92FBE96">
<sourceConnName>PRFINALBD2020</sourceConnName>
<sourceObjSchema>MUNICIPIOS</sourceObjSchema>
<sourceObjName>MUNICIPIO</sourceObjName>
<createdBy>mario</createdBy>
<createdTime>2020-11-05 18:06:14 UTC</createdTime>
<ownerDesignName>Diagrama</ownerDesignName>
<nullsAllowed>true</nullsAllowed>
<useDomainConstraints>false</useDomainConstraints>
<use>1</use>
<logicalDatatype>LOGDT024</logicalDatatype>
<dataTypeSize>50 BYTE</dataTypeSize>
<ownDataTypeParameters>50 BYTE,,</ownDataTypeParameters>
<autoIncrementCycle>false</autoIncrementCycle>
</Column>
<Column name="FECHA_REGISTRO" id="89C7C67A-256C-31AF-6D04-F85457C850BC">
<sourceConnName>PRFINALBD2020</sourceConnName>
<sourceObjSchema>MUNICIPIOS</sourceObjSchema>
<sourceObjName>FECHA_REGISTRO</sourceObjName>
<createdBy>mario</createdBy>
<createdTime>2020-11-05 18:06:14 UTC</createdTime>
<ownerDesignName>Diagrama</ownerDesignName>
<nullsAllowed>true</nullsAllowed>
<useDomainConstraints>false</useDomainConstraints>
<use>1</use>
<logicalDatatype>LOGDT007</logicalDatatype>
<dataTypeSize>7</dataTypeSize>
<ownDataTypeParameters>7,,</ownDataTypeParameters>
<autoIncrementCycle>false</autoIncrementCycle>
</Column>
</columns>
<indexes itemClass="oracle.dbtools.crest.model.design.relational.Index">
<ind_PK_UK id="995D1A51-AE4E-C030-039C-21FEB6984049" name="MUNICIPIOS_PK">
<sourceConnName>PRFINALBD2020</sourceConnName>
<sourceObjSchema>MARIO</sourceObjSchema>
<sourceObjName>MUNICIPIOS_PK</sourceObjName>
<createdBy>mario</createdBy>
<createdTime>2020-11-05 18:06:14 UTC</createdTime>
<ownerDesignName>Diagrama</ownerDesignName>
<pk>true</pk>
<indexState>Primary Constraint</indexState>
<isSurrogateKey>false</isSurrogateKey>
<indexColumnUsage>
<colUsage columnID="5D6BDF7D-55CD-6589-9634-736DC08BB119"/>
</indexColumnUsage>
</ind_PK_UK>
<ind_PK_UK id="2C7C02A3-1D9D-FB3B-7DA3-1B4620CAC1D8" schemaObject="F64E1D9B-7E6B-CABF-605F-B7EAC2DFD0C0" name="MUNICIPIOS_PK">
<sourceConnName>PRFINALBD2020</sourceConnName>
<sourceObjSchema>MARIO</sourceObjSchema>
<sourceObjName>MUNICIPIOS_PK</sourceObjName>
<createdBy>mario</createdBy>
<createdTime>2020-11-05 18:06:14 UTC</createdTime>
<ownerDesignName>Diagrama</ownerDesignName>
<indexState>Unique Plain Index</indexState>
<isSurrogateKey>false</isSurrogateKey>
<indexColumnUsage>
<colUsage columnID="5D6BDF7D-55CD-6589-9634-736DC08BB119"/>
</indexColumnUsage>
</ind_PK_UK>
<ind_PK_UK id="7F4A90EC-76ED-082C-1425-FE543DA39E7F" name="MUNICIPIO_DEPARTAMENTO_FK">
<createdBy>mario</createdBy>
<createdTime>2020-11-05 18:06:14 UTC</createdTime>
<ownerDesignName>Diagrama</ownerDesignName>
<indexState>Foreign Key</indexState>
<isSurrogateKey>false</isSurrogateKey>
<indexColumnUsage>
<colUsage columnID="7FF808CB-2F9A-E716-90F9-2B27E65308AF"/>
</indexColumnUsage>
</ind_PK_UK>
</indexes>
</Table>