<?xml version = '1.0' encoding = 'UTF-8'?>
<Table class="oracle.dbtools.crest.model.design.relational.Table" directorySegmentName="seg_0" id="6CAAAFCC-4081-A1B4-6E7C-6061F10DF940" schemaObject="F64E1D9B-7E6B-CABF-605F-B7EAC2DFD0C0" name="DETALLE_PAGO">
<sourceConnName>PRFINALBD2020</sourceConnName>
<sourceObjSchema>MARIO</sourceObjSchema>
<sourceObjName>DETALLE_PAGO</sourceObjName>
<createdBy>mario</createdBy>
<createdTime>2020-11-05 18:06:13 UTC</createdTime>
<ownerDesignName>Diagrama</ownerDesignName>
<allowColumnReorder>false</allowColumnReorder>
<existDependencyGenerateInDDl>true</existDependencyGenerateInDDl>
<parsed>true</parsed>
<columns itemClass="oracle.dbtools.crest.model.design.relational.Column">
<Column name="ID_DETALLE_PAGO" id="DC0B1A0F-AC8D-4825-B897-EE5ACD670779">
<sourceConnName>PRFINALBD2020</sourceConnName>
<sourceObjSchema>DETALLE_PAGO</sourceObjSchema>
<sourceObjName>ID_DETALLE_PAGO</sourceObjName>
<createdBy>mario</createdBy>
<createdTime>2020-11-05 18:06:14 UTC</createdTime>
<ownerDesignName>Diagrama</ownerDesignName>
<useDomainConstraints>false</useDomainConstraints>
<use>1</use>
<logicalDatatype>LOGDT019</logicalDatatype>
<dataTypePrecision>*</dataTypePrecision>
<dataTypeScale>0</dataTypeScale>
<ownDataTypeParameters>,*,0</ownDataTypeParameters>
<autoIncrementCycle>false</autoIncrementCycle>
</Column>
<Column name="ID_PAGO" id="378120F3-E192-8360-BEFD-A2812A3CEAB7">
<sourceConnName>PRFINALBD2020</sourceConnName>
<sourceObjSchema>DETALLE_PAGO</sourceObjSchema>
<sourceObjName>ID_PAGO</sourceObjName>
<createdBy>mario</createdBy>
<createdTime>2020-11-05 18:06:14 UTC</createdTime>
<ownerDesignName>Diagrama</ownerDesignName>
<nullsAllowed>true</nullsAllowed>
<useDomainConstraints>false</useDomainConstraints>
<use>1</use>
<logicalDatatype>LOGDT019</logicalDatatype>
<dataTypePrecision>*</dataTypePrecision>
<dataTypeScale>0</dataTypeScale>
<ownDataTypeParameters>,*,0</ownDataTypeParameters>
<autoIncrementCycle>false</autoIncrementCycle>
</Column>
<Column name="ID_COMPRA" id="AF7EDBD8-8591-F079-559E-9D5531740D6B">
<sourceConnName>PRFINALBD2020</sourceConnName>
<sourceObjSchema>DETALLE_PAGO</sourceObjSchema>
<sourceObjName>ID_COMPRA</sourceObjName>
<createdBy>mario</createdBy>
<createdTime>2020-11-05 18:06:14 UTC</createdTime>
<ownerDesignName>Diagrama</ownerDesignName>
<useDomainConstraints>false</useDomainConstraints>
<use>1</use>
<logicalDatatype>LOGDT019</logicalDatatype>
<dataTypePrecision>*</dataTypePrecision>
<dataTypeScale>0</dataTypeScale>
<ownDataTypeParameters>,*,0</ownDataTypeParameters>
<autoIncrementCycle>false</autoIncrementCycle>
<associations>
<colAssociation fkAssociation="D4EC3A09-2A98-3595-8AD6-26511F0B76AD" referredColumn="6E806D51-8CCE-BBA2-4D7F-6BFAE6A7274F"/>
</associations>
</Column>
<Column name="ID_MEDIO_PAGO" id="B0AD99A9-8C92-9D2B-CDA8-02F5BB9FA883">
<sourceConnName>PRFINALBD2020</sourceConnName>
<sourceObjSchema>DETALLE_PAGO</sourceObjSchema>
<sourceObjName>ID_MEDIO_PAGO</sourceObjName>
<createdBy>mario</createdBy>
<createdTime>2020-11-05 18:06:14 UTC</createdTime>
<ownerDesignName>Diagrama</ownerDesignName>
<nullsAllowed>true</nullsAllowed>
<useDomainConstraints>false</useDomainConstraints>
<use>1</use>
<logicalDatatype>LOGDT019</logicalDatatype>
<dataTypePrecision>*</dataTypePrecision>
<dataTypeScale>0</dataTypeScale>
<ownDataTypeParameters>,*,0</ownDataTypeParameters>
<autoIncrementCycle>false</autoIncrementCycle>
</Column>
<Column name="ID_CUENTA_PROVEEDOR" id="05FB4BF9-1868-1856-1BF1-D2229DF589E5">
<sourceConnName>PRFINALBD2020</sourceConnName>
<sourceObjSchema>DETALLE_PAGO</sourceObjSchema>
<sourceObjName>ID_CUENTA_PROVEEDOR</sourceObjName>
<createdBy>mario</createdBy>
<createdTime>2020-11-05 18:06:14 UTC</createdTime>
<ownerDesignName>Diagrama</ownerDesignName>
<nullsAllowed>true</nullsAllowed>
<useDomainConstraints>false</useDomainConstraints>
<use>1</use>
<logicalDatatype>LOGDT019</logicalDatatype>
<dataTypePrecision>*</dataTypePrecision>
<dataTypeScale>0</dataTypeScale>
<ownDataTypeParameters>,*,0</ownDataTypeParameters>
<autoIncrementCycle>false</autoIncrementCycle>
</Column>
<Column name="ID_TIPO_DOCUMENTO_PAGO" id="3B5F7939-1814-3EEE-B73E-4D8CF39606A4">
<sourceConnName>PRFINALBD2020</sourceConnName>
<sourceObjSchema>DETALLE_PAGO</sourceObjSchema>
<sourceObjName>ID_TIPO_DOCUMENTO_PAGO</sourceObjName>
<createdBy>mario</createdBy>
<createdTime>2020-11-05 18:06:14 UTC</createdTime>
<ownerDesignName>Diagrama</ownerDesignName>
<nullsAllowed>true</nullsAllowed>
<useDomainConstraints>false</useDomainConstraints>
<use>1</use>
<logicalDatatype>LOGDT019</logicalDatatype>
<dataTypePrecision>*</dataTypePrecision>
<dataTypeScale>0</dataTypeScale>
<ownDataTypeParameters>,*,0</ownDataTypeParameters>
<autoIncrementCycle>false</autoIncrementCycle>
</Column>
<Column name="NO_DOC_PAGO" id="020DB9C7-58E9-FD8E-4C64-A5F6A7DFA7EA">
<sourceConnName>PRFINALBD2020</sourceConnName>
<sourceObjSchema>DETALLE_PAGO</sourceObjSchema>
<sourceObjName>NO_DOC_PAGO</sourceObjName>
<createdBy>mario</createdBy>
<createdTime>2020-11-05 18:06:14 UTC</createdTime>
<ownerDesignName>Diagrama</ownerDesignName>
<nullsAllowed>true</nullsAllowed>
<useDomainConstraints>false</useDomainConstraints>
<use>1</use>
<logicalDatatype>LOGDT019</logicalDatatype>
<ownDataTypeParameters>,,</ownDataTypeParameters>
<autoIncrementCycle>false</autoIncrementCycle>
</Column>
<Column name="MONTO_PAGO" id="1748D307-EA91-EA2C-FB0E-7AC909A3B644">
<sourceConnName>PRFINALBD2020</sourceConnName>
<sourceObjSchema>DETALLE_PAGO</sourceObjSchema>
<sourceObjName>MONTO_PAGO</sourceObjName>
<createdBy>mario</createdBy>
<createdTime>2020-11-05 18:06:14 UTC</createdTime>
<ownerDesignName>Diagrama</ownerDesignName>
<nullsAllowed>true</nullsAllowed>
<useDomainConstraints>false</useDomainConstraints>
<use>1</use>
<logicalDatatype>LOGDT019</logicalDatatype>
<ownDataTypeParameters>,,</ownDataTypeParameters>
<autoIncrementCycle>false</autoIncrementCycle>
</Column>
</columns>
<indexes itemClass="oracle.dbtools.crest.model.design.relational.Index">
<ind_PK_UK id="4C6C5D6D-1B89-D609-2667-C638156E3582" name="DETALLE_PAGO_PK">
<sourceConnName>PRFINALBD2020</sourceConnName>
<sourceObjSchema>MARIO</sourceObjSchema>
<sourceObjName>DETALLE_PAGO_PK</sourceObjName>
<createdBy>mario</createdBy>
<createdTime>2020-11-05 18:06:14 UTC</createdTime>
<ownerDesignName>Diagrama</ownerDesignName>
<pk>true</pk>
<indexState>Primary Constraint</indexState>
<isSurrogateKey>false</isSurrogateKey>
<indexColumnUsage>
<colUsage columnID="DC0B1A0F-AC8D-4825-B897-EE5ACD670779"/>
</indexColumnUsage>
</ind_PK_UK>
<ind_PK_UK id="D6D955A3-C9E7-6358-F36F-A0D883B80FFB" schemaObject="F64E1D9B-7E6B-CABF-605F-B7EAC2DFD0C0" name="DETALLE_PAGO_PK">
<sourceConnName>PRFINALBD2020</sourceConnName>
<sourceObjSchema>MARIO</sourceObjSchema>
<sourceObjName>DETALLE_PAGO_PK</sourceObjName>
<createdBy>mario</createdBy>
<createdTime>2020-11-05 18:06:14 UTC</createdTime>
<ownerDesignName>Diagrama</ownerDesignName>
<indexState>Unique Plain Index</indexState>
<isSurrogateKey>false</isSurrogateKey>
<indexColumnUsage>
<colUsage columnID="DC0B1A0F-AC8D-4825-B897-EE5ACD670779"/>
</indexColumnUsage>
</ind_PK_UK>
<ind_PK_UK id="BAAE5885-ADD5-E29B-2A67-1398E77CF1A6" name="DETALLE_PAGO_COMPRAS_FK">
<createdBy>mario</createdBy>
<createdTime>2020-11-05 18:06:14 UTC</createdTime>
<ownerDesignName>Diagrama</ownerDesignName>
<indexState>Foreign Key</indexState>
<isSurrogateKey>false</isSurrogateKey>
<indexColumnUsage>
<colUsage columnID="AF7EDBD8-8591-F079-559E-9D5531740D6B"/>
</indexColumnUsage>
</ind_PK_UK>
</indexes>
</Table>