<?xml version = '1.0' encoding = 'UTF-8'?>
<Table class="oracle.dbtools.crest.model.design.relational.Table" directorySegmentName="seg_0" id="753D7137-BEFD-76A0-A0A8-B7E087995A23" schemaObject="F64E1D9B-7E6B-CABF-605F-B7EAC2DFD0C0" name="MOVIMIENTOS">
<sourceConnName>PRFINALBD2020</sourceConnName>
<sourceObjSchema>MARIO</sourceObjSchema>
<sourceObjName>MOVIMIENTOS</sourceObjName>
<createdBy>mario</createdBy>
<createdTime>2020-11-05 18:06:13 UTC</createdTime>
<ownerDesignName>Diagrama</ownerDesignName>
<allowColumnReorder>false</allowColumnReorder>
<existDependencyGenerateInDDl>true</existDependencyGenerateInDDl>
<parsed>true</parsed>
<columns itemClass="oracle.dbtools.crest.model.design.relational.Column">
<Column name="ID_MOV" id="BFE55EE8-51E3-D11F-58F8-0D1246E1BD23">
<sourceConnName>PRFINALBD2020</sourceConnName>
<sourceObjSchema>MOVIMIENTOS</sourceObjSchema>
<sourceObjName>ID_MOV</sourceObjName>
<createdBy>mario</createdBy>
<createdTime>2020-11-05 18:06:14 UTC</createdTime>
<ownerDesignName>Diagrama</ownerDesignName>
<useDomainConstraints>false</useDomainConstraints>
<use>1</use>
<logicalDatatype>LOGDT019</logicalDatatype>
<dataTypePrecision>*</dataTypePrecision>
<dataTypeScale>0</dataTypeScale>
<ownDataTypeParameters>,*,0</ownDataTypeParameters>
<autoIncrementCycle>false</autoIncrementCycle>
</Column>
<Column name="ID_CREDITO" id="23D97D1F-C30E-A9E0-952B-0409DA943AAC">
<sourceConnName>PRFINALBD2020</sourceConnName>
<sourceObjSchema>MOVIMIENTOS</sourceObjSchema>
<sourceObjName>ID_CREDITO</sourceObjName>
<createdBy>mario</createdBy>
<createdTime>2020-11-05 18:06:14 UTC</createdTime>
<ownerDesignName>Diagrama</ownerDesignName>
<nullsAllowed>true</nullsAllowed>
<useDomainConstraints>false</useDomainConstraints>
<use>1</use>
<logicalDatatype>LOGDT019</logicalDatatype>
<dataTypePrecision>*</dataTypePrecision>
<dataTypeScale>0</dataTypeScale>
<ownDataTypeParameters>,*,0</ownDataTypeParameters>
<autoIncrementCycle>false</autoIncrementCycle>
<associations>
<colAssociation fkAssociation="48631B65-BEC1-625F-D44D-1F3C92CB6134" referredColumn="AD71A894-7F67-86FF-8C95-713CEC36CCA9"/>
</associations>
</Column>
<Column name="ID_TIPO_MOV" id="CCCACB7E-63DD-35CC-81BA-2606AE6B5AD5">
<sourceConnName>PRFINALBD2020</sourceConnName>
<sourceObjSchema>MOVIMIENTOS</sourceObjSchema>
<sourceObjName>ID_TIPO_MOV</sourceObjName>
<createdBy>mario</createdBy>
<createdTime>2020-11-05 18:06:14 UTC</createdTime>
<ownerDesignName>Diagrama</ownerDesignName>
<nullsAllowed>true</nullsAllowed>
<useDomainConstraints>false</useDomainConstraints>
<use>1</use>
<logicalDatatype>LOGDT019</logicalDatatype>
<dataTypePrecision>*</dataTypePrecision>
<dataTypeScale>0</dataTypeScale>
<ownDataTypeParameters>,*,0</ownDataTypeParameters>
<autoIncrementCycle>false</autoIncrementCycle>
<associations>
<colAssociation fkAssociation="B67A6024-B022-2C0F-E2E5-EC4550C5D340" referredColumn="69333F97-F03B-2CC1-98F5-75109CF37D50"/>
</associations>
</Column>
<Column name="CANTIDAD" id="8AA23084-51E2-F1C6-935E-204725DC8452">
<sourceConnName>PRFINALBD2020</sourceConnName>
<sourceObjSchema>MOVIMIENTOS</sourceObjSchema>
<sourceObjName>CANTIDAD</sourceObjName>
<createdBy>mario</createdBy>
<createdTime>2020-11-05 18:06:14 UTC</createdTime>
<ownerDesignName>Diagrama</ownerDesignName>
<nullsAllowed>true</nullsAllowed>
<useDomainConstraints>false</useDomainConstraints>
<use>1</use>
<logicalDatatype>LOGDT021</logicalDatatype>
<dataTypePrecision>126</dataTypePrecision>
<ownDataTypeParameters>,126,</ownDataTypeParameters>
<autoIncrementCycle>false</autoIncrementCycle>
</Column>
<Column name="FECHA" id="D18D9939-7D52-EE25-B478-561C66B14FA3">
<sourceConnName>PRFINALBD2020</sourceConnName>
<sourceObjSchema>MOVIMIENTOS</sourceObjSchema>
<sourceObjName>FECHA</sourceObjName>
<createdBy>mario</createdBy>
<createdTime>2020-11-05 18:06:14 UTC</createdTime>
<ownerDesignName>Diagrama</ownerDesignName>
<nullsAllowed>true</nullsAllowed>
<useDomainConstraints>false</useDomainConstraints>
<use>1</use>
<logicalDatatype>LOGDT007</logicalDatatype>
<dataTypeSize>7</dataTypeSize>
<ownDataTypeParameters>7,,</ownDataTypeParameters>
<autoIncrementCycle>false</autoIncrementCycle>
</Column>
<Column name="DESCRIPCION" id="E5ACF8F9-5359-DD76-AAA8-D94C42674824">
<sourceConnName>PRFINALBD2020</sourceConnName>
<sourceObjSchema>MOVIMIENTOS</sourceObjSchema>
<sourceObjName>DESCRIPCION</sourceObjName>
<createdBy>mario</createdBy>
<createdTime>2020-11-05 18:06:14 UTC</createdTime>
<ownerDesignName>Diagrama</ownerDesignName>
<nullsAllowed>true</nullsAllowed>
<useDomainConstraints>false</useDomainConstraints>
<use>1</use>
<logicalDatatype>LOGDT024</logicalDatatype>
<dataTypeSize>200 BYTE</dataTypeSize>
<ownDataTypeParameters>200 BYTE,,</ownDataTypeParameters>
<autoIncrementCycle>false</autoIncrementCycle>
</Column>
<Column name="USUARIO_REGISTO" id="B5EB1024-DAC1-637F-83CB-886DFE885C3D">
<sourceConnName>PRFINALBD2020</sourceConnName>
<sourceObjSchema>MOVIMIENTOS</sourceObjSchema>
<sourceObjName>USUARIO_REGISTO</sourceObjName>
<createdBy>mario</createdBy>
<createdTime>2020-11-05 18:06:14 UTC</createdTime>
<ownerDesignName>Diagrama</ownerDesignName>
<nullsAllowed>true</nullsAllowed>
<useDomainConstraints>false</useDomainConstraints>
<use>1</use>
<logicalDatatype>LOGDT019</logicalDatatype>
<dataTypePrecision>*</dataTypePrecision>
<dataTypeScale>0</dataTypeScale>
<ownDataTypeParameters>,*,0</ownDataTypeParameters>
<autoIncrementCycle>false</autoIncrementCycle>
</Column>
</columns>
<indexes itemClass="oracle.dbtools.crest.model.design.relational.Index">
<ind_PK_UK id="89B2D339-9981-DAAB-A252-55C169C34B8B" name="PK_MOVIMIENTOS">
<sourceConnName>PRFINALBD2020</sourceConnName>
<sourceObjSchema>MARIO</sourceObjSchema>
<sourceObjName>PK_MOVIMIENTOS</sourceObjName>
<createdBy>mario</createdBy>
<createdTime>2020-11-05 18:06:14 UTC</createdTime>
<ownerDesignName>Diagrama</ownerDesignName>
<pk>true</pk>
<indexState>Primary Constraint</indexState>
<isSurrogateKey>false</isSurrogateKey>
<indexColumnUsage>
<colUsage columnID="BFE55EE8-51E3-D11F-58F8-0D1246E1BD23"/>
</indexColumnUsage>
</ind_PK_UK>
<ind_PK_UK id="5A25F19A-34F5-3445-F6CB-C96D19E2112B" schemaObject="F64E1D9B-7E6B-CABF-605F-B7EAC2DFD0C0" name="PK_MOVIMIENTOS">
<sourceConnName>PRFINALBD2020</sourceConnName>
<sourceObjSchema>MARIO</sourceObjSchema>
<sourceObjName>PK_MOVIMIENTOS</sourceObjName>
<createdBy>mario</createdBy>
<createdTime>2020-11-05 18:06:14 UTC</createdTime>
<ownerDesignName>Diagrama</ownerDesignName>
<indexState>Unique Plain Index</indexState>
<isSurrogateKey>false</isSurrogateKey>
<indexColumnUsage>
<colUsage columnID="BFE55EE8-51E3-D11F-58F8-0D1246E1BD23"/>
</indexColumnUsage>
</ind_PK_UK>
<ind_PK_UK id="5A070169-93DF-D8F6-A84E-145063C0004D" name="FK_MOVIMIEN_REFERENCE_CREDITO_">
<createdBy>mario</createdBy>
<createdTime>2020-11-05 18:06:14 UTC</createdTime>
<ownerDesignName>Diagrama</ownerDesignName>
<indexState>Foreign Key</indexState>
<isSurrogateKey>false</isSurrogateKey>
<indexColumnUsage>
<colUsage columnID="23D97D1F-C30E-A9E0-952B-0409DA943AAC"/>
</indexColumnUsage>
</ind_PK_UK>
<ind_PK_UK id="88254829-281D-74FD-DE65-1C1453A0FC1A" name="FK_MOVIMIEN_REFERENCE_TIPO_MOV">
<createdBy>mario</createdBy>
<createdTime>2020-11-05 18:06:14 UTC</createdTime>
<ownerDesignName>Diagrama</ownerDesignName>
<indexState>Foreign Key</indexState>
<isSurrogateKey>false</isSurrogateKey>
<indexColumnUsage>
<colUsage columnID="CCCACB7E-63DD-35CC-81BA-2606AE6B5AD5"/>
</indexColumnUsage>
</ind_PK_UK>
</indexes>
</Table>