<?xml version = '1.0' encoding = 'UTF-8'?>
<Table class="oracle.dbtools.crest.model.design.relational.Table" directorySegmentName="seg_0" id="75A72754-57D9-DCC0-69D3-BB05B154BC3C" schemaObject="F64E1D9B-7E6B-CABF-605F-B7EAC2DFD0C0" name="DIETA">
<sourceConnName>PRFINALBD2020</sourceConnName>
<sourceObjSchema>MARIO</sourceObjSchema>
<sourceObjName>DIETA</sourceObjName>
<createdBy>mario</createdBy>
<createdTime>2020-11-05 18:06:13 UTC</createdTime>
<ownerDesignName>Diagrama</ownerDesignName>
<allowColumnReorder>false</allowColumnReorder>
<existDependencyGenerateInDDl>true</existDependencyGenerateInDDl>
<parsed>true</parsed>
<columns itemClass="oracle.dbtools.crest.model.design.relational.Column">
<Column name="ID_DIETA" id="F198AEE5-58AF-502B-C1AF-4BA1076C5FE6">
<sourceConnName>PRFINALBD2020</sourceConnName>
<sourceObjSchema>DIETA</sourceObjSchema>
<sourceObjName>ID_DIETA</sourceObjName>
<createdBy>mario</createdBy>
<createdTime>2020-11-05 18:06:14 UTC</createdTime>
<ownerDesignName>Diagrama</ownerDesignName>
<useDomainConstraints>false</useDomainConstraints>
<use>1</use>
<logicalDatatype>LOGDT019</logicalDatatype>
<dataTypePrecision>9</dataTypePrecision>
<dataTypeScale>0</dataTypeScale>
<ownDataTypeParameters>,9,0</ownDataTypeParameters>
<autoIncrementCycle>false</autoIncrementCycle>
</Column>
<Column name="ID_CITA" id="FBF30665-8454-A77A-64C7-FA65F3718D4F">
<sourceConnName>PRFINALBD2020</sourceConnName>
<sourceObjSchema>DIETA</sourceObjSchema>
<sourceObjName>ID_CITA</sourceObjName>
<createdBy>mario</createdBy>
<createdTime>2020-11-05 18:06:14 UTC</createdTime>
<ownerDesignName>Diagrama</ownerDesignName>
<useDomainConstraints>false</useDomainConstraints>
<use>1</use>
<logicalDatatype>LOGDT019</logicalDatatype>
<dataTypePrecision>*</dataTypePrecision>
<dataTypeScale>0</dataTypeScale>
<ownDataTypeParameters>,*,0</ownDataTypeParameters>
<autoIncrementCycle>false</autoIncrementCycle>
<associations>
<colAssociation fkAssociation="D89E0B4B-DB39-E432-820D-AC05B884DE49" referredColumn="BACCA606-E4D4-49B4-817B-FD6537F9A5E3"/>
</associations>
</Column>
<Column name="ID_MEDICO" id="98A39FE5-5647-659C-6DEA-2246A8F5C760">
<sourceConnName>PRFINALBD2020</sourceConnName>
<sourceObjSchema>DIETA</sourceObjSchema>
<sourceObjName>ID_MEDICO</sourceObjName>
<createdBy>mario</createdBy>
<createdTime>2020-11-05 18:06:14 UTC</createdTime>
<ownerDesignName>Diagrama</ownerDesignName>
<useDomainConstraints>false</useDomainConstraints>
<use>1</use>
<logicalDatatype>LOGDT019</logicalDatatype>
<dataTypePrecision>*</dataTypePrecision>
<dataTypeScale>0</dataTypeScale>
<ownDataTypeParameters>,*,0</ownDataTypeParameters>
<autoIncrementCycle>false</autoIncrementCycle>
<associations>
<colAssociation fkAssociation="FCFBE0CB-1097-9CCA-2AF0-2D45B505FEB9" referredColumn="357E815C-C9B8-345B-5AE4-C38818039518"/>
</associations>
</Column>
<Column name="ID_DIAGNOSTICO" id="C7EA3C8E-847B-0F96-1238-442AE0696B17">
<sourceConnName>PRFINALBD2020</sourceConnName>
<sourceObjSchema>DIETA</sourceObjSchema>
<sourceObjName>ID_DIAGNOSTICO</sourceObjName>
<createdBy>mario</createdBy>
<createdTime>2020-11-05 18:06:14 UTC</createdTime>
<ownerDesignName>Diagrama</ownerDesignName>
<useDomainConstraints>false</useDomainConstraints>
<use>1</use>
<logicalDatatype>LOGDT019</logicalDatatype>
<dataTypePrecision>*</dataTypePrecision>
<dataTypeScale>0</dataTypeScale>
<ownDataTypeParameters>,*,0</ownDataTypeParameters>
<autoIncrementCycle>false</autoIncrementCycle>
<associations>
<colAssociation fkAssociation="FD87C901-72C5-C87F-0CBE-6799FE22A8E4" referredColumn="51558941-43AB-788D-7B97-A82427461824"/>
</associations>
</Column>
</columns>
<indexes itemClass="oracle.dbtools.crest.model.design.relational.Index">
<ind_PK_UK id="97E401EF-8B74-6915-363C-FC84E0D73511" name="DIETA_PK">
<sourceConnName>PRFINALBD2020</sourceConnName>
<sourceObjSchema>MARIO</sourceObjSchema>
<sourceObjName>DIETA_PK</sourceObjName>
<createdBy>mario</createdBy>
<createdTime>2020-11-05 18:06:14 UTC</createdTime>
<ownerDesignName>Diagrama</ownerDesignName>
<pk>true</pk>
<indexState>Primary Constraint</indexState>
<isSurrogateKey>false</isSurrogateKey>
<indexColumnUsage>
<colUsage columnID="F198AEE5-58AF-502B-C1AF-4BA1076C5FE6"/>
</indexColumnUsage>
</ind_PK_UK>
<ind_PK_UK id="B8D373A9-973D-0515-1624-31B3D2A16820" schemaObject="F64E1D9B-7E6B-CABF-605F-B7EAC2DFD0C0" name="DIETA_PK">
<sourceConnName>PRFINALBD2020</sourceConnName>
<sourceObjSchema>MARIO</sourceObjSchema>
<sourceObjName>DIETA_PK</sourceObjName>
<createdBy>mario</createdBy>
<createdTime>2020-11-05 18:06:14 UTC</createdTime>
<ownerDesignName>Diagrama</ownerDesignName>
<indexState>Unique Plain Index</indexState>
<isSurrogateKey>false</isSurrogateKey>
<indexColumnUsage>
<colUsage columnID="F198AEE5-58AF-502B-C1AF-4BA1076C5FE6"/>
</indexColumnUsage>
</ind_PK_UK>
<ind_PK_UK id="A6C3527A-528D-7251-2F56-CB6699FA2712" name="DIETA_CITA_FK">
<createdBy>mario</createdBy>
<createdTime>2020-11-05 18:06:14 UTC</createdTime>
<ownerDesignName>Diagrama</ownerDesignName>
<indexState>Foreign Key</indexState>
<isSurrogateKey>false</isSurrogateKey>
<indexColumnUsage>
<colUsage columnID="FBF30665-8454-A77A-64C7-FA65F3718D4F"/>
</indexColumnUsage>
</ind_PK_UK>
<ind_PK_UK id="129BD7EC-45C1-429E-DC14-94BED13491A1" name="DIETA_DIAGNOSTICO_FK">
<createdBy>mario</createdBy>
<createdTime>2020-11-05 18:06:14 UTC</createdTime>
<ownerDesignName>Diagrama</ownerDesignName>
<indexState>Foreign Key</indexState>
<isSurrogateKey>false</isSurrogateKey>
<indexColumnUsage>
<colUsage columnID="C7EA3C8E-847B-0F96-1238-442AE0696B17"/>
</indexColumnUsage>
</ind_PK_UK>
<ind_PK_UK id="C170924F-6AF1-6178-58DA-0BD2849C9F09" name="DIETA_MEDICO_FK">
<createdBy>mario</createdBy>
<createdTime>2020-11-05 18:06:14 UTC</createdTime>
<ownerDesignName>Diagrama</ownerDesignName>
<indexState>Foreign Key</indexState>
<isSurrogateKey>false</isSurrogateKey>
<indexColumnUsage>
<colUsage columnID="98A39FE5-5647-659C-6DEA-2246A8F5C760"/>
</indexColumnUsage>
</ind_PK_UK>
</indexes>
</Table>