<?xml version = '1.0' encoding = 'UTF-8'?>
<Table class="oracle.dbtools.crest.model.design.relational.Table" directorySegmentName="seg_0" id="81412519-BBC2-709A-7727-345A08353DCF" schemaObject="F64E1D9B-7E6B-CABF-605F-B7EAC2DFD0C0" name="SUSPENCION_PERSONA">
<sourceConnName>PRFINALBD2020</sourceConnName>
<sourceObjSchema>MARIO</sourceObjSchema>
<sourceObjName>SUSPENCION_PERSONA</sourceObjName>
<createdBy>mario</createdBy>
<createdTime>2020-11-05 18:06:14 UTC</createdTime>
<ownerDesignName>Diagrama</ownerDesignName>
<allowColumnReorder>false</allowColumnReorder>
<existDependencyGenerateInDDl>true</existDependencyGenerateInDDl>
<parsed>true</parsed>
<columns itemClass="oracle.dbtools.crest.model.design.relational.Column">
<Column name="ID_SUSPENCION" id="CC9DE542-EC1F-A137-DBB2-7B592F3B0E2C">
<sourceConnName>PRFINALBD2020</sourceConnName>
<sourceObjSchema>SUSPENCION_PERSONA</sourceObjSchema>
<sourceObjName>ID_SUSPENCION</sourceObjName>
<createdBy>mario</createdBy>
<createdTime>2020-11-05 18:06:14 UTC</createdTime>
<ownerDesignName>Diagrama</ownerDesignName>
<useDomainConstraints>false</useDomainConstraints>
<use>1</use>
<logicalDatatype>LOGDT019</logicalDatatype>
<dataTypePrecision>*</dataTypePrecision>
<dataTypeScale>0</dataTypeScale>
<ownDataTypeParameters>,*,0</ownDataTypeParameters>
<autoIncrementCycle>false</autoIncrementCycle>
</Column>
<Column name="ID_PERSONA" id="1FC407AC-BD7E-4354-A76D-F0723F885536">
<sourceConnName>PRFINALBD2020</sourceConnName>
<sourceObjSchema>SUSPENCION_PERSONA</sourceObjSchema>
<sourceObjName>ID_PERSONA</sourceObjName>
<createdBy>mario</createdBy>
<createdTime>2020-11-05 18:06:14 UTC</createdTime>
<ownerDesignName>Diagrama</ownerDesignName>
<useDomainConstraints>false</useDomainConstraints>
<use>1</use>
<logicalDatatype>LOGDT019</logicalDatatype>
<dataTypePrecision>*</dataTypePrecision>
<dataTypeScale>0</dataTypeScale>
<ownDataTypeParameters>,*,0</ownDataTypeParameters>
<autoIncrementCycle>false</autoIncrementCycle>
<associations>
<colAssociation fkAssociation="56D71BEA-5A3C-2CAD-E865-511C8E3C43EA" referredColumn="2874E60D-B59D-BC95-05B4-A4C7593031E2"/>
</associations>
</Column>
</columns>
<indexes itemClass="oracle.dbtools.crest.model.design.relational.Index">
<ind_PK_UK id="E2D31E6D-6A31-2BDD-8FF7-3A96C52CA91B" name="SUSPENCION_PERSONA_PK">
<sourceConnName>PRFINALBD2020</sourceConnName>
<sourceObjSchema>MARIO</sourceObjSchema>
<sourceObjName>SUSPENCION_PERSONA_PK</sourceObjName>
<createdBy>mario</createdBy>
<createdTime>2020-11-05 18:06:14 UTC</createdTime>
<ownerDesignName>Diagrama</ownerDesignName>
<pk>true</pk>
<indexState>Primary Constraint</indexState>
<isSurrogateKey>false</isSurrogateKey>
<indexColumnUsage>
<colUsage columnID="CC9DE542-EC1F-A137-DBB2-7B592F3B0E2C"/>
</indexColumnUsage>
</ind_PK_UK>
<ind_PK_UK id="FAED2EEC-65CB-E782-D0A5-8DD6AC50B370" schemaObject="F64E1D9B-7E6B-CABF-605F-B7EAC2DFD0C0" name="SUSPENCION_PERSONA_PK">
<sourceConnName>PRFINALBD2020</sourceConnName>
<sourceObjSchema>MARIO</sourceObjSchema>
<sourceObjName>SUSPENCION_PERSONA_PK</sourceObjName>
<createdBy>mario</createdBy>
<createdTime>2020-11-05 18:06:14 UTC</createdTime>
<ownerDesignName>Diagrama</ownerDesignName>
<indexState>Unique Plain Index</indexState>
<isSurrogateKey>false</isSurrogateKey>
<indexColumnUsage>
<colUsage columnID="CC9DE542-EC1F-A137-DBB2-7B592F3B0E2C"/>
</indexColumnUsage>
</ind_PK_UK>
<ind_PK_UK id="64169C41-2191-E947-9B8E-71CD54858CEB" name="SUSPENCION_PERSONA_PERSONA_FK">
<createdBy>mario</createdBy>
<createdTime>2020-11-05 18:06:14 UTC</createdTime>
<ownerDesignName>Diagrama</ownerDesignName>
<indexState>Foreign Key</indexState>
<isSurrogateKey>false</isSurrogateKey>
<indexColumnUsage>
<colUsage columnID="1FC407AC-BD7E-4354-A76D-F0723F885536"/>
</indexColumnUsage>
</ind_PK_UK>
</indexes>
</Table>