<?xml version = '1.0' encoding = 'UTF-8'?>
<Table class="oracle.dbtools.crest.model.design.relational.Table" directorySegmentName="seg_0" id="81616052-7254-CC25-ECA4-F4BE8B81ABBE" schemaObject="F64E1D9B-7E6B-CABF-605F-B7EAC2DFD0C0" name="SUSPENCION_MEDICA">
<sourceConnName>PRFINALBD2020</sourceConnName>
<sourceObjSchema>MARIO</sourceObjSchema>
<sourceObjName>SUSPENCION_MEDICA</sourceObjName>
<createdBy>mario</createdBy>
<createdTime>2020-11-05 18:06:14 UTC</createdTime>
<ownerDesignName>Diagrama</ownerDesignName>
<allowColumnReorder>false</allowColumnReorder>
<existDependencyGenerateInDDl>true</existDependencyGenerateInDDl>
<parsed>true</parsed>
<columns itemClass="oracle.dbtools.crest.model.design.relational.Column">
<Column name="ID_SUSPENCION" id="78FDCEF4-914B-661D-7BB6-98E2E595F4D0">
<sourceConnName>PRFINALBD2020</sourceConnName>
<sourceObjSchema>SUSPENCION_MEDICA</sourceObjSchema>
<sourceObjName>ID_SUSPENCION</sourceObjName>
<createdBy>mario</createdBy>
<createdTime>2020-11-05 18:06:14 UTC</createdTime>
<ownerDesignName>Diagrama</ownerDesignName>
<useDomainConstraints>false</useDomainConstraints>
<use>1</use>
<logicalDatatype>LOGDT019</logicalDatatype>
<dataTypePrecision>*</dataTypePrecision>
<dataTypeScale>0</dataTypeScale>
<ownDataTypeParameters>,*,0</ownDataTypeParameters>
<autoIncrementCycle>false</autoIncrementCycle>
</Column>
<Column name="ID_TIPO_SUSPENCION" id="56E45322-CB2B-991A-B9C3-5228103DB37C">
<sourceConnName>PRFINALBD2020</sourceConnName>
<sourceObjSchema>SUSPENCION_MEDICA</sourceObjSchema>
<sourceObjName>ID_TIPO_SUSPENCION</sourceObjName>
<createdBy>mario</createdBy>
<createdTime>2020-11-05 18:06:14 UTC</createdTime>
<ownerDesignName>Diagrama</ownerDesignName>
<useDomainConstraints>false</useDomainConstraints>
<use>1</use>
<logicalDatatype>LOGDT019</logicalDatatype>
<dataTypePrecision>*</dataTypePrecision>
<dataTypeScale>0</dataTypeScale>
<ownDataTypeParameters>,*,0</ownDataTypeParameters>
<autoIncrementCycle>false</autoIncrementCycle>
<associations>
<colAssociation fkAssociation="C41A4E19-CF5E-A34B-DFAC-FA30F53B5A80" referredColumn="E65FB720-30E2-2AB8-2D6F-58391D56825E"/>
</associations>
</Column>
<Column name="ID_PERSONA" id="5AB4C0CE-0017-7C03-5D8A-60C260FE9795">
<sourceConnName>PRFINALBD2020</sourceConnName>
<sourceObjSchema>SUSPENCION_MEDICA</sourceObjSchema>
<sourceObjName>ID_PERSONA</sourceObjName>
<createdBy>mario</createdBy>
<createdTime>2020-11-05 18:06:14 UTC</createdTime>
<ownerDesignName>Diagrama</ownerDesignName>
<useDomainConstraints>false</useDomainConstraints>
<use>1</use>
<logicalDatatype>LOGDT019</logicalDatatype>
<dataTypePrecision>*</dataTypePrecision>
<dataTypeScale>0</dataTypeScale>
<ownDataTypeParameters>,*,0</ownDataTypeParameters>
<autoIncrementCycle>false</autoIncrementCycle>
<associations>
<colAssociation fkAssociation="8877F3B8-7B53-8FE6-A015-C431208F5CC8" referredColumn="2874E60D-B59D-BC95-05B4-A4C7593031E2"/>
</associations>
</Column>
<Column name="SUSPENCION" id="86AC502F-3552-18D4-B888-5A8E320F0970">
<sourceConnName>PRFINALBD2020</sourceConnName>
<sourceObjSchema>SUSPENCION_MEDICA</sourceObjSchema>
<sourceObjName>SUSPENCION</sourceObjName>
<createdBy>mario</createdBy>
<createdTime>2020-11-05 18:06:14 UTC</createdTime>
<ownerDesignName>Diagrama</ownerDesignName>
<nullsAllowed>true</nullsAllowed>
<useDomainConstraints>false</useDomainConstraints>
<use>1</use>
<logicalDatatype>LOGDT024</logicalDatatype>
<dataTypeSize>50 BYTE</dataTypeSize>
<ownDataTypeParameters>50 BYTE,,</ownDataTypeParameters>
<autoIncrementCycle>false</autoIncrementCycle>
</Column>
<Column name="USUARIO_REGISTRO" id="96EAE26F-28E7-8710-05F0-FD176D561039">
<sourceConnName>PRFINALBD2020</sourceConnName>
<sourceObjSchema>SUSPENCION_MEDICA</sourceObjSchema>
<sourceObjName>USUARIO_REGISTRO</sourceObjName>
<createdBy>mario</createdBy>
<createdTime>2020-11-05 18:06:14 UTC</createdTime>
<ownerDesignName>Diagrama</ownerDesignName>
<nullsAllowed>true</nullsAllowed>
<useDomainConstraints>false</useDomainConstraints>
<use>1</use>
<logicalDatatype>LOGDT024</logicalDatatype>
<dataTypeSize>25 BYTE</dataTypeSize>
<ownDataTypeParameters>25 BYTE,,</ownDataTypeParameters>
<autoIncrementCycle>false</autoIncrementCycle>
</Column>
<Column name="FECHA_REGISTRO" id="E8AC5D90-AB7F-BA77-FC72-68C560E2E9AE">
<sourceConnName>PRFINALBD2020</sourceConnName>
<sourceObjSchema>SUSPENCION_MEDICA</sourceObjSchema>
<sourceObjName>FECHA_REGISTRO</sourceObjName>
<createdBy>mario</createdBy>
<createdTime>2020-11-05 18:06:14 UTC</createdTime>
<ownerDesignName>Diagrama</ownerDesignName>
<nullsAllowed>true</nullsAllowed>
<useDomainConstraints>false</useDomainConstraints>
<use>1</use>
<logicalDatatype>LOGDT007</logicalDatatype>
<dataTypeSize>7</dataTypeSize>
<ownDataTypeParameters>7,,</ownDataTypeParameters>
<autoIncrementCycle>false</autoIncrementCycle>
</Column>
<Column name="MOTIVO" id="0FF8A664-01AC-7AE1-2EE6-9FDF69B8181C">
<sourceConnName>PRFINALBD2020</sourceConnName>
<sourceObjSchema>SUSPENCION_MEDICA</sourceObjSchema>
<sourceObjName>MOTIVO</sourceObjName>
<createdBy>mario</createdBy>
<createdTime>2020-11-05 18:06:14 UTC</createdTime>
<ownerDesignName>Diagrama</ownerDesignName>
<nullsAllowed>true</nullsAllowed>
<useDomainConstraints>false</useDomainConstraints>
<use>1</use>
<logicalDatatype>LOGDT024</logicalDatatype>
<dataTypeSize>500 BYTE</dataTypeSize>
<ownDataTypeParameters>500 BYTE,,</ownDataTypeParameters>
<autoIncrementCycle>false</autoIncrementCycle>
</Column>
</columns>
<indexes itemClass="oracle.dbtools.crest.model.design.relational.Index">
<ind_PK_UK id="6D199B9C-B3E6-808E-ACEB-FA8D4B79B3ED" name="SUSPENCION_MEDICA_PK">
<sourceConnName>PRFINALBD2020</sourceConnName>
<sourceObjSchema>MARIO</sourceObjSchema>
<sourceObjName>SUSPENCION_MEDICA_PK</sourceObjName>
<createdBy>mario</createdBy>
<createdTime>2020-11-05 18:06:14 UTC</createdTime>
<ownerDesignName>Diagrama</ownerDesignName>
<pk>true</pk>
<indexState>Primary Constraint</indexState>
<isSurrogateKey>false</isSurrogateKey>
<indexColumnUsage>
<colUsage columnID="78FDCEF4-914B-661D-7BB6-98E2E595F4D0"/>
</indexColumnUsage>
</ind_PK_UK>
<ind_PK_UK id="A59BA1D5-861B-51AE-7328-3B169F5ACD61" schemaObject="F64E1D9B-7E6B-CABF-605F-B7EAC2DFD0C0" name="SUSPENCION_MEDICA_PK">
<sourceConnName>PRFINALBD2020</sourceConnName>
<sourceObjSchema>MARIO</sourceObjSchema>
<sourceObjName>SUSPENCION_MEDICA_PK</sourceObjName>
<createdBy>mario</createdBy>
<createdTime>2020-11-05 18:06:14 UTC</createdTime>
<ownerDesignName>Diagrama</ownerDesignName>
<indexState>Unique Plain Index</indexState>
<isSurrogateKey>false</isSurrogateKey>
<indexColumnUsage>
<colUsage columnID="78FDCEF4-914B-661D-7BB6-98E2E595F4D0"/>
</indexColumnUsage>
</ind_PK_UK>
<ind_PK_UK id="CDC06FC7-82AD-C9A7-590B-7DDF296E2C8A" name="SUSPENCION_MEDICA_PERSONA_FK">
<createdBy>mario</createdBy>
<createdTime>2020-11-05 18:06:14 UTC</createdTime>
<ownerDesignName>Diagrama</ownerDesignName>
<indexState>Foreign Key</indexState>
<isSurrogateKey>false</isSurrogateKey>
<indexColumnUsage>
<colUsage columnID="5AB4C0CE-0017-7C03-5D8A-60C260FE9795"/>
</indexColumnUsage>
</ind_PK_UK>
<ind_PK_UK id="0547130B-0E7B-BD6A-31A5-9FBAE63E8D7C" name="SUSPEN_TIPOSUSPEN">
<createdBy>mario</createdBy>
<createdTime>2020-11-05 18:06:14 UTC</createdTime>
<ownerDesignName>Diagrama</ownerDesignName>
<indexState>Foreign Key</indexState>
<isSurrogateKey>false</isSurrogateKey>
<indexColumnUsage>
<colUsage columnID="56E45322-CB2B-991A-B9C3-5228103DB37C"/>
</indexColumnUsage>
</ind_PK_UK>
</indexes>
</Table>