<?xml version = '1.0' encoding = 'UTF-8'?>
<Table class="oracle.dbtools.crest.model.design.relational.Table" directorySegmentName="seg_0" id="87600EF4-E418-F57C-A6A4-3B124C4D5D55" schemaObject="F64E1D9B-7E6B-CABF-605F-B7EAC2DFD0C0" name="ENFERMEDAD">
<sourceConnName>PRFINALBD2020</sourceConnName>
<sourceObjSchema>MARIO</sourceObjSchema>
<sourceObjName>ENFERMEDAD</sourceObjName>
<createdBy>mario</createdBy>
<createdTime>2020-11-05 18:06:13 UTC</createdTime>
<ownerDesignName>Diagrama</ownerDesignName>
<allowColumnReorder>false</allowColumnReorder>
<existDependencyGenerateInDDl>true</existDependencyGenerateInDDl>
<parsed>true</parsed>
<columns itemClass="oracle.dbtools.crest.model.design.relational.Column">
<Column name="ID_ENFERMEDAD" id="3C9C4858-9097-2407-A665-68CDF29FCB35">
<sourceConnName>PRFINALBD2020</sourceConnName>
<sourceObjSchema>ENFERMEDAD</sourceObjSchema>
<sourceObjName>ID_ENFERMEDAD</sourceObjName>
<createdBy>mario</createdBy>
<createdTime>2020-11-05 18:06:14 UTC</createdTime>
<ownerDesignName>Diagrama</ownerDesignName>
<useDomainConstraints>false</useDomainConstraints>
<use>1</use>
<logicalDatatype>LOGDT019</logicalDatatype>
<dataTypePrecision>*</dataTypePrecision>
<dataTypeScale>0</dataTypeScale>
<ownDataTypeParameters>,*,0</ownDataTypeParameters>
<autoIncrementCycle>false</autoIncrementCycle>
</Column>
<Column name="ID_TIPO_ENFERMEDAD" id="F8534BC2-D150-E5F0-5142-E785D6D68BC1">
<sourceConnName>PRFINALBD2020</sourceConnName>
<sourceObjSchema>ENFERMEDAD</sourceObjSchema>
<sourceObjName>ID_TIPO_ENFERMEDAD</sourceObjName>
<createdBy>mario</createdBy>
<createdTime>2020-11-05 18:06:14 UTC</createdTime>
<ownerDesignName>Diagrama</ownerDesignName>
<useDomainConstraints>false</useDomainConstraints>
<use>1</use>
<logicalDatatype>LOGDT019</logicalDatatype>
<dataTypePrecision>*</dataTypePrecision>
<dataTypeScale>0</dataTypeScale>
<ownDataTypeParameters>,*,0</ownDataTypeParameters>
<autoIncrementCycle>false</autoIncrementCycle>
<associations>
<colAssociation fkAssociation="51F03523-9560-258D-2A9E-C1A12036FCB8" referredColumn="81BF559A-D8CA-8EF4-1AFC-C60354EEB861"/>
</associations>
</Column>
<Column name="ENFERMEDAD" id="9BA5E32C-5E10-1A1B-8027-D1DA22C269B0">
<sourceConnName>PRFINALBD2020</sourceConnName>
<sourceObjSchema>ENFERMEDAD</sourceObjSchema>
<sourceObjName>ENFERMEDAD</sourceObjName>
<createdBy>mario</createdBy>
<createdTime>2020-11-05 18:06:14 UTC</createdTime>
<ownerDesignName>Diagrama</ownerDesignName>
<nullsAllowed>true</nullsAllowed>
<useDomainConstraints>false</useDomainConstraints>
<use>1</use>
<logicalDatatype>LOGDT024</logicalDatatype>
<dataTypeSize>50 BYTE</dataTypeSize>
<ownDataTypeParameters>50 BYTE,,</ownDataTypeParameters>
<autoIncrementCycle>false</autoIncrementCycle>
</Column>
<Column name="USUARIO_REGISTRO" id="977302CD-B8E2-FE38-C8DD-4E3C974519E5">
<sourceConnName>PRFINALBD2020</sourceConnName>
<sourceObjSchema>ENFERMEDAD</sourceObjSchema>
<sourceObjName>USUARIO_REGISTRO</sourceObjName>
<createdBy>mario</createdBy>
<createdTime>2020-11-05 18:06:14 UTC</createdTime>
<ownerDesignName>Diagrama</ownerDesignName>
<nullsAllowed>true</nullsAllowed>
<useDomainConstraints>false</useDomainConstraints>
<use>1</use>
<logicalDatatype>LOGDT024</logicalDatatype>
<dataTypeSize>30 BYTE</dataTypeSize>
<ownDataTypeParameters>30 BYTE,,</ownDataTypeParameters>
<autoIncrementCycle>false</autoIncrementCycle>
</Column>
<Column name="DESCRIPCION" id="345DA654-8220-F444-94C5-78B2BB50D28E">
<sourceConnName>PRFINALBD2020</sourceConnName>
<sourceObjSchema>ENFERMEDAD</sourceObjSchema>
<sourceObjName>DESCRIPCION</sourceObjName>
<createdBy>mario</createdBy>
<createdTime>2020-11-05 18:06:14 UTC</createdTime>
<ownerDesignName>Diagrama</ownerDesignName>
<nullsAllowed>true</nullsAllowed>
<useDomainConstraints>false</useDomainConstraints>
<use>1</use>
<logicalDatatype>LOGDT024</logicalDatatype>
<dataTypeSize>500 BYTE</dataTypeSize>
<ownDataTypeParameters>500 BYTE,,</ownDataTypeParameters>
<autoIncrementCycle>false</autoIncrementCycle>
</Column>
<Column name="SOLUCION" id="E1A2B99D-1D62-D1D4-FB2F-61A503E31923">
<sourceConnName>PRFINALBD2020</sourceConnName>
<sourceObjSchema>ENFERMEDAD</sourceObjSchema>
<sourceObjName>SOLUCION</sourceObjName>
<createdBy>mario</createdBy>
<createdTime>2020-11-05 18:06:14 UTC</createdTime>
<ownerDesignName>Diagrama</ownerDesignName>
<nullsAllowed>true</nullsAllowed>
<useDomainConstraints>false</useDomainConstraints>
<use>1</use>
<logicalDatatype>LOGDT024</logicalDatatype>
<dataTypeSize>500 BYTE</dataTypeSize>
<ownDataTypeParameters>500 BYTE,,</ownDataTypeParameters>
<autoIncrementCycle>false</autoIncrementCycle>
</Column>
<Column name="FECHA_REGISTRO" id="49876BE7-8ED5-0339-AC14-7179B6574F08">
<sourceConnName>PRFINALBD2020</sourceConnName>
<sourceObjSchema>ENFERMEDAD</sourceObjSchema>
<sourceObjName>FECHA_REGISTRO</sourceObjName>
<createdBy>mario</createdBy>
<createdTime>2020-11-05 18:06:14 UTC</createdTime>
<ownerDesignName>Diagrama</ownerDesignName>
<nullsAllowed>true</nullsAllowed>
<useDomainConstraints>false</useDomainConstraints>
<use>1</use>
<logicalDatatype>LOGDT007</logicalDatatype>
<dataTypeSize>7</dataTypeSize>
<ownDataTypeParameters>7,,</ownDataTypeParameters>
<autoIncrementCycle>false</autoIncrementCycle>
</Column>
</columns>
<indexes itemClass="oracle.dbtools.crest.model.design.relational.Index">
<ind_PK_UK id="6D432335-6D27-C9B2-DD1A-18E54A6D8636" name="ENFERMEDAD_PK">
<sourceConnName>PRFINALBD2020</sourceConnName>
<sourceObjSchema>MARIO</sourceObjSchema>
<sourceObjName>ENFERMEDAD_PK</sourceObjName>
<createdBy>mario</createdBy>
<createdTime>2020-11-05 18:06:14 UTC</createdTime>
<ownerDesignName>Diagrama</ownerDesignName>
<pk>true</pk>
<indexState>Primary Constraint</indexState>
<isSurrogateKey>false</isSurrogateKey>
<indexColumnUsage>
<colUsage columnID="3C9C4858-9097-2407-A665-68CDF29FCB35"/>
</indexColumnUsage>
</ind_PK_UK>
<ind_PK_UK id="8BAAFA36-53E4-A2F8-03F0-31A0D001A6B7" schemaObject="F64E1D9B-7E6B-CABF-605F-B7EAC2DFD0C0" name="ENFERMEDAD_PK">
<sourceConnName>PRFINALBD2020</sourceConnName>
<sourceObjSchema>MARIO</sourceObjSchema>
<sourceObjName>ENFERMEDAD_PK</sourceObjName>
<createdBy>mario</createdBy>
<createdTime>2020-11-05 18:06:14 UTC</createdTime>
<ownerDesignName>Diagrama</ownerDesignName>
<indexState>Unique Plain Index</indexState>
<isSurrogateKey>false</isSurrogateKey>
<indexColumnUsage>
<colUsage columnID="3C9C4858-9097-2407-A665-68CDF29FCB35"/>
</indexColumnUsage>
</ind_PK_UK>
<ind_PK_UK id="97A5019F-0749-0324-7600-0A12CB86E84B" name="ENFERMEDAD_TIPO_ENFERMEDAD_FK">
<createdBy>mario</createdBy>
<createdTime>2020-11-05 18:06:14 UTC</createdTime>
<ownerDesignName>Diagrama</ownerDesignName>
<indexState>Foreign Key</indexState>
<isSurrogateKey>false</isSurrogateKey>
<indexColumnUsage>
<colUsage columnID="F8534BC2-D150-E5F0-5142-E785D6D68BC1"/>
</indexColumnUsage>
</ind_PK_UK>
</indexes>
</Table>