<?xml version = '1.0' encoding = 'UTF-8'?>
<Table class="oracle.dbtools.crest.model.design.relational.Table" directorySegmentName="seg_0" id="878D304F-F42C-4A1D-5EA3-F615AF6A7727" schemaObject="F64E1D9B-7E6B-CABF-605F-B7EAC2DFD0C0" name="PRODUCTOS_SERVICIOS">
<sourceConnName>PRFINALBD2020</sourceConnName>
<sourceObjSchema>MARIO</sourceObjSchema>
<sourceObjName>PRODUCTOS_SERVICIOS</sourceObjName>
<createdBy>mario</createdBy>
<createdTime>2020-11-05 18:06:13 UTC</createdTime>
<ownerDesignName>Diagrama</ownerDesignName>
<allowColumnReorder>false</allowColumnReorder>
<existDependencyGenerateInDDl>true</existDependencyGenerateInDDl>
<parsed>true</parsed>
<columns itemClass="oracle.dbtools.crest.model.design.relational.Column">
<Column name="ID_PRO_SER" id="DD9FACA9-AAAF-6A80-59C0-2E3407D0B4FF">
<sourceConnName>PRFINALBD2020</sourceConnName>
<sourceObjSchema>PRODUCTOS_SERVICIOS</sourceObjSchema>
<sourceObjName>ID_PRO_SER</sourceObjName>
<createdBy>mario</createdBy>
<createdTime>2020-11-05 18:06:14 UTC</createdTime>
<ownerDesignName>Diagrama</ownerDesignName>
<useDomainConstraints>false</useDomainConstraints>
<use>1</use>
<logicalDatatype>LOGDT019</logicalDatatype>
<dataTypePrecision>*</dataTypePrecision>
<dataTypeScale>0</dataTypeScale>
<ownDataTypeParameters>,*,0</ownDataTypeParameters>
<autoIncrementCycle>false</autoIncrementCycle>
</Column>
<Column name="ID_CATEGORIA" id="B0643D58-8B4E-3F7E-46A0-4F0F004EC564">
<sourceConnName>PRFINALBD2020</sourceConnName>
<sourceObjSchema>PRODUCTOS_SERVICIOS</sourceObjSchema>
<sourceObjName>ID_CATEGORIA</sourceObjName>
<createdBy>mario</createdBy>
<createdTime>2020-11-05 18:06:14 UTC</createdTime>
<ownerDesignName>Diagrama</ownerDesignName>
<nullsAllowed>true</nullsAllowed>
<useDomainConstraints>false</useDomainConstraints>
<use>1</use>
<logicalDatatype>LOGDT019</logicalDatatype>
<dataTypePrecision>*</dataTypePrecision>
<dataTypeScale>0</dataTypeScale>
<ownDataTypeParameters>,*,0</ownDataTypeParameters>
<autoIncrementCycle>false</autoIncrementCycle>
<associations>
<colAssociation fkAssociation="BBC1C073-E8DA-FE35-DD0B-C8564B28E5EE" referredColumn="276009D2-CA75-06EA-BB1D-5E97AE322E15"/>
</associations>
</Column>
<Column name="DESCRIPCION" id="8A566F4A-2D1C-1B77-FD31-80AB6F803EFE">
<sourceConnName>PRFINALBD2020</sourceConnName>
<sourceObjSchema>PRODUCTOS_SERVICIOS</sourceObjSchema>
<sourceObjName>DESCRIPCION</sourceObjName>
<createdBy>mario</createdBy>
<createdTime>2020-11-05 18:06:14 UTC</createdTime>
<ownerDesignName>Diagrama</ownerDesignName>
<nullsAllowed>true</nullsAllowed>
<useDomainConstraints>false</useDomainConstraints>
<use>1</use>
<logicalDatatype>LOGDT024</logicalDatatype>
<dataTypeSize>200 BYTE</dataTypeSize>
<ownDataTypeParameters>200 BYTE,,</ownDataTypeParameters>
<autoIncrementCycle>false</autoIncrementCycle>
</Column>
</columns>
<indexes itemClass="oracle.dbtools.crest.model.design.relational.Index">
<ind_PK_UK id="A206F20D-4635-17C4-7745-FCA06C1B842F" name="PK_PRODUCTOS_SERVICIOS">
<sourceConnName>PRFINALBD2020</sourceConnName>
<sourceObjSchema>MARIO</sourceObjSchema>
<sourceObjName>PK_PRODUCTOS_SERVICIOS</sourceObjName>
<createdBy>mario</createdBy>
<createdTime>2020-11-05 18:06:14 UTC</createdTime>
<ownerDesignName>Diagrama</ownerDesignName>
<pk>true</pk>
<indexState>Primary Constraint</indexState>
<isSurrogateKey>false</isSurrogateKey>
<indexColumnUsage>
<colUsage columnID="DD9FACA9-AAAF-6A80-59C0-2E3407D0B4FF"/>
</indexColumnUsage>
</ind_PK_UK>
<ind_PK_UK id="AB6305DE-9080-6767-F592-8078A810672C" schemaObject="F64E1D9B-7E6B-CABF-605F-B7EAC2DFD0C0" name="PK_PRODUCTOS_SERVICIOS">
<sourceConnName>PRFINALBD2020</sourceConnName>
<sourceObjSchema>MARIO</sourceObjSchema>
<sourceObjName>PK_PRODUCTOS_SERVICIOS</sourceObjName>
<createdBy>mario</createdBy>
<createdTime>2020-11-05 18:06:14 UTC</createdTime>
<ownerDesignName>Diagrama</ownerDesignName>
<indexState>Unique Plain Index</indexState>
<isSurrogateKey>false</isSurrogateKey>
<indexColumnUsage>
<colUsage columnID="DD9FACA9-AAAF-6A80-59C0-2E3407D0B4FF"/>
</indexColumnUsage>
</ind_PK_UK>
<ind_PK_UK id="DF3BA6AB-BFA9-A624-9E86-E5E5BF1B28F0" name="FK_PRODUCTO_REFERENCE_CATEGORI">
<createdBy>mario</createdBy>
<createdTime>2020-11-05 18:06:14 UTC</createdTime>
<ownerDesignName>Diagrama</ownerDesignName>
<indexState>Foreign Key</indexState>
<isSurrogateKey>false</isSurrogateKey>
<indexColumnUsage>
<colUsage columnID="B0643D58-8B4E-3F7E-46A0-4F0F004EC564"/>
</indexColumnUsage>
</ind_PK_UK>
</indexes>
</Table>