<?xml version = '1.0' encoding = 'UTF-8'?>
<Table class="oracle.dbtools.crest.model.design.relational.Table" directorySegmentName="seg_0" id="889BC87C-B7F3-A0FA-5073-E95314F59DE7" schemaObject="F64E1D9B-7E6B-CABF-605F-B7EAC2DFD0C0" name="ALIMENTO">
<sourceConnName>PRFINALBD2020</sourceConnName>
<sourceObjSchema>MARIO</sourceObjSchema>
<sourceObjName>ALIMENTO</sourceObjName>
<createdBy>mario</createdBy>
<createdTime>2020-11-05 18:06:13 UTC</createdTime>
<ownerDesignName>Diagrama</ownerDesignName>
<allowColumnReorder>false</allowColumnReorder>
<existDependencyGenerateInDDl>true</existDependencyGenerateInDDl>
<parsed>true</parsed>
<columns itemClass="oracle.dbtools.crest.model.design.relational.Column">
<Column name="ID_ALIMENTO" id="22D555B2-1E18-0088-45D6-B9307166D6B6">
<sourceConnName>PRFINALBD2020</sourceConnName>
<sourceObjSchema>ALIMENTO</sourceObjSchema>
<sourceObjName>ID_ALIMENTO</sourceObjName>
<createdBy>mario</createdBy>
<createdTime>2020-11-05 18:06:14 UTC</createdTime>
<ownerDesignName>Diagrama</ownerDesignName>
<useDomainConstraints>false</useDomainConstraints>
<use>1</use>
<logicalDatatype>LOGDT019</logicalDatatype>
<dataTypePrecision>9</dataTypePrecision>
<dataTypeScale>0</dataTypeScale>
<ownDataTypeParameters>,9,0</ownDataTypeParameters>
<autoIncrementCycle>false</autoIncrementCycle>
</Column>
<Column name="ALIMENTO" id="E4083F37-5630-0D05-8DFE-B75B3F2188EA">
<sourceConnName>PRFINALBD2020</sourceConnName>
<sourceObjSchema>ALIMENTO</sourceObjSchema>
<sourceObjName>ALIMENTO</sourceObjName>
<createdBy>mario</createdBy>
<createdTime>2020-11-05 18:06:14 UTC</createdTime>
<ownerDesignName>Diagrama</ownerDesignName>
<useDomainConstraints>false</useDomainConstraints>
<use>1</use>
<logicalDatatype>LOGDT024</logicalDatatype>
<dataTypeSize>128 BYTE</dataTypeSize>
<ownDataTypeParameters>128 BYTE,,</ownDataTypeParameters>
<autoIncrementCycle>false</autoIncrementCycle>
</Column>
</columns>
<indexes itemClass="oracle.dbtools.crest.model.design.relational.Index">
<ind_PK_UK id="2C98C486-77A4-F0FC-0407-FA7C138C00FA" name="ALIMENTO_PK">
<sourceConnName>PRFINALBD2020</sourceConnName>
<sourceObjSchema>MARIO</sourceObjSchema>
<sourceObjName>ALIMENTO_PK</sourceObjName>
<createdBy>mario</createdBy>
<createdTime>2020-11-05 18:06:14 UTC</createdTime>
<ownerDesignName>Diagrama</ownerDesignName>
<pk>true</pk>
<indexState>Primary Constraint</indexState>
<isSurrogateKey>false</isSurrogateKey>
<indexColumnUsage>
<colUsage columnID="22D555B2-1E18-0088-45D6-B9307166D6B6"/>
</indexColumnUsage>
</ind_PK_UK>
<ind_PK_UK id="494F28BD-0B10-01B5-7082-E5F92C1CEF08" schemaObject="F64E1D9B-7E6B-CABF-605F-B7EAC2DFD0C0" name="ALIMENTO_ALIMENTO_UN">
<sourceConnName>PRFINALBD2020</sourceConnName>
<sourceObjSchema>MARIO</sourceObjSchema>
<sourceObjName>SYS_C007792</sourceObjName>
<createdBy>mario</createdBy>
<createdTime>2020-11-05 18:06:14 UTC</createdTime>
<ownerDesignName>Diagrama</ownerDesignName>
<indexState>Unique Constraint</indexState>
<isSurrogateKey>false</isSurrogateKey>
<indexColumnUsage>
<colUsage columnID="E4083F37-5630-0D05-8DFE-B75B3F2188EA"/>
</indexColumnUsage>
</ind_PK_UK>
<ind_PK_UK id="A9DE2E8E-F349-2CD5-2E32-105A2D8C1170" schemaObject="F64E1D9B-7E6B-CABF-605F-B7EAC2DFD0C0" name="ALIMENTO_PK">
<sourceConnName>PRFINALBD2020</sourceConnName>
<sourceObjSchema>MARIO</sourceObjSchema>
<sourceObjName>ALIMENTO_PK</sourceObjName>
<createdBy>mario</createdBy>
<createdTime>2020-11-05 18:06:14 UTC</createdTime>
<ownerDesignName>Diagrama</ownerDesignName>
<indexState>Unique Plain Index</indexState>
<isSurrogateKey>false</isSurrogateKey>
<indexColumnUsage>
<colUsage columnID="22D555B2-1E18-0088-45D6-B9307166D6B6"/>
</indexColumnUsage>
</ind_PK_UK>
</indexes>
</Table>