<?xml version = '1.0' encoding = 'UTF-8'?>
<Table class="oracle.dbtools.crest.model.design.relational.Table" directorySegmentName="seg_0" id="88FE782A-28DF-2B18-3115-C6BDE942D845" schemaObject="F64E1D9B-7E6B-CABF-605F-B7EAC2DFD0C0" name="DETALLE_FACTURA">
<sourceConnName>PRFINALBD2020</sourceConnName>
<sourceObjSchema>MARIO</sourceObjSchema>
<sourceObjName>DETALLE_FACTURA</sourceObjName>
<createdBy>mario</createdBy>
<createdTime>2020-11-05 18:06:13 UTC</createdTime>
<ownerDesignName>Diagrama</ownerDesignName>
<allowColumnReorder>false</allowColumnReorder>
<existDependencyGenerateInDDl>true</existDependencyGenerateInDDl>
<parsed>true</parsed>
<columns itemClass="oracle.dbtools.crest.model.design.relational.Column">
<Column name="ID_DET_FAC" id="70BFCB23-1B82-2C83-EC89-3F58463037EB">
<sourceConnName>PRFINALBD2020</sourceConnName>
<sourceObjSchema>DETALLE_FACTURA</sourceObjSchema>
<sourceObjName>ID_DET_FAC</sourceObjName>
<createdBy>mario</createdBy>
<createdTime>2020-11-05 18:06:14 UTC</createdTime>
<ownerDesignName>Diagrama</ownerDesignName>
<useDomainConstraints>false</useDomainConstraints>
<use>1</use>
<logicalDatatype>LOGDT019</logicalDatatype>
<dataTypePrecision>*</dataTypePrecision>
<dataTypeScale>0</dataTypeScale>
<ownDataTypeParameters>,*,0</ownDataTypeParameters>
<autoIncrementCycle>false</autoIncrementCycle>
</Column>
<Column name="ID_FACTURA" id="51EEA326-73E0-ABDB-77FE-BD0C71BE053B">
<sourceConnName>PRFINALBD2020</sourceConnName>
<sourceObjSchema>DETALLE_FACTURA</sourceObjSchema>
<sourceObjName>ID_FACTURA</sourceObjName>
<createdBy>mario</createdBy>
<createdTime>2020-11-05 18:06:14 UTC</createdTime>
<ownerDesignName>Diagrama</ownerDesignName>
<useDomainConstraints>false</useDomainConstraints>
<use>1</use>
<logicalDatatype>LOGDT019</logicalDatatype>
<dataTypePrecision>*</dataTypePrecision>
<dataTypeScale>0</dataTypeScale>
<ownDataTypeParameters>,*,0</ownDataTypeParameters>
<autoIncrementCycle>false</autoIncrementCycle>
<associations>
<colAssociation fkAssociation="CB922BCA-EC6F-E744-AF68-790318B166CC" referredColumn="52E76F64-B474-EDB7-6555-6AA25EBF1F8D"/>
<colAssociation fkAssociation="4B413D8F-E993-F1D3-5DCC-F346A4584C44" referredColumn="DD9FACA9-AAAF-6A80-59C0-2E3407D0B4FF"/>
</associations>
</Column>
<Column name="CANTIDAD" id="0CEFE651-2E7E-2B1E-BE74-F0BB73F241D0">
<sourceConnName>PRFINALBD2020</sourceConnName>
<sourceObjSchema>DETALLE_FACTURA</sourceObjSchema>
<sourceObjName>CANTIDAD</sourceObjName>
<createdBy>mario</createdBy>
<createdTime>2020-11-05 18:06:14 UTC</createdTime>
<ownerDesignName>Diagrama</ownerDesignName>
<useDomainConstraints>false</useDomainConstraints>
<use>1</use>
<logicalDatatype>LOGDT019</logicalDatatype>
<dataTypePrecision>*</dataTypePrecision>
<dataTypeScale>0</dataTypeScale>
<ownDataTypeParameters>,*,0</ownDataTypeParameters>
<autoIncrementCycle>false</autoIncrementCycle>
</Column>
<Column name="PRECIO" id="20F46F03-F9F5-4AD8-11B6-30E58CCDCA76">
<sourceConnName>PRFINALBD2020</sourceConnName>
<sourceObjSchema>DETALLE_FACTURA</sourceObjSchema>
<sourceObjName>PRECIO</sourceObjName>
<createdBy>mario</createdBy>
<createdTime>2020-11-05 18:06:14 UTC</createdTime>
<ownerDesignName>Diagrama</ownerDesignName>
<useDomainConstraints>false</useDomainConstraints>
<use>1</use>
<logicalDatatype>LOGDT021</logicalDatatype>
<dataTypePrecision>126</dataTypePrecision>
<ownDataTypeParameters>,126,</ownDataTypeParameters>
<autoIncrementCycle>false</autoIncrementCycle>
</Column>
</columns>
<indexes itemClass="oracle.dbtools.crest.model.design.relational.Index">
<ind_PK_UK id="26A4DAC6-1447-FEBA-6B30-028D2A0307F5" name="PK_DETALLE_FACTURA">
<sourceConnName>PRFINALBD2020</sourceConnName>
<sourceObjSchema>MARIO</sourceObjSchema>
<sourceObjName>PK_DETALLE_FACTURA</sourceObjName>
<createdBy>mario</createdBy>
<createdTime>2020-11-05 18:06:14 UTC</createdTime>
<ownerDesignName>Diagrama</ownerDesignName>
<pk>true</pk>
<indexState>Primary Constraint</indexState>
<isSurrogateKey>false</isSurrogateKey>
<indexColumnUsage>
<colUsage columnID="70BFCB23-1B82-2C83-EC89-3F58463037EB"/>
</indexColumnUsage>
</ind_PK_UK>
<ind_PK_UK id="761BA09E-B6EC-E2F5-18A5-33FA5951A311" schemaObject="F64E1D9B-7E6B-CABF-605F-B7EAC2DFD0C0" name="PK_DETALLE_FACTURA">
<sourceConnName>PRFINALBD2020</sourceConnName>
<sourceObjSchema>MARIO</sourceObjSchema>
<sourceObjName>PK_DETALLE_FACTURA</sourceObjName>
<createdBy>mario</createdBy>
<createdTime>2020-11-05 18:06:14 UTC</createdTime>
<ownerDesignName>Diagrama</ownerDesignName>
<indexState>Unique Plain Index</indexState>
<isSurrogateKey>false</isSurrogateKey>
<indexColumnUsage>
<colUsage columnID="70BFCB23-1B82-2C83-EC89-3F58463037EB"/>
</indexColumnUsage>
</ind_PK_UK>
<ind_PK_UK id="83B9CBD4-E0FB-43A1-0666-EA1C3C1C200A" name="DETALLE_FACTURA_FACTURACION_FK">
<createdBy>mario</createdBy>
<createdTime>2020-11-05 18:06:14 UTC</createdTime>
<ownerDesignName>Diagrama</ownerDesignName>
<indexState>Foreign Key</indexState>
<isSurrogateKey>false</isSurrogateKey>
<indexColumnUsage>
<colUsage columnID="51EEA326-73E0-ABDB-77FE-BD0C71BE053B"/>
</indexColumnUsage>
</ind_PK_UK>
<ind_PK_UK id="6FF392ED-B776-0383-0F94-582B8E084674" name="FK_DETALLE__REFERENCE_PRODUCTO">
<createdBy>mario</createdBy>
<createdTime>2020-11-05 18:06:14 UTC</createdTime>
<ownerDesignName>Diagrama</ownerDesignName>
<indexState>Foreign Key</indexState>
<isSurrogateKey>false</isSurrogateKey>
<indexColumnUsage>
<colUsage columnID="51EEA326-73E0-ABDB-77FE-BD0C71BE053B"/>
</indexColumnUsage>
</ind_PK_UK>
</indexes>
</Table>