<?xml version = '1.0' encoding = 'UTF-8'?>
<Table class="oracle.dbtools.crest.model.design.relational.Table" directorySegmentName="seg_0" id="93E132CD-85E9-D8BA-10C8-CB3971434C17" schemaObject="F64E1D9B-7E6B-CABF-605F-B7EAC2DFD0C0" name="PACIENTE_ODONTOLOGIA">
<sourceConnName>PRFINALBD2020</sourceConnName>
<sourceObjSchema>MARIO</sourceObjSchema>
<sourceObjName>PACIENTE_ODONTOLOGIA</sourceObjName>
<createdBy>mario</createdBy>
<createdTime>2020-11-05 18:06:13 UTC</createdTime>
<ownerDesignName>Diagrama</ownerDesignName>
<allowColumnReorder>false</allowColumnReorder>
<existDependencyGenerateInDDl>true</existDependencyGenerateInDDl>
<parsed>true</parsed>
<columns itemClass="oracle.dbtools.crest.model.design.relational.Column">
<Column name="ID_PERSONA" id="2DD6D1E5-B265-2F5D-7999-87C6044A321A">
<sourceConnName>PRFINALBD2020</sourceConnName>
<sourceObjSchema>PACIENTE_ODONTOLOGIA</sourceObjSchema>
<sourceObjName>ID_PERSONA</sourceObjName>
<createdBy>mario</createdBy>
<createdTime>2020-11-05 18:06:14 UTC</createdTime>
<ownerDesignName>Diagrama</ownerDesignName>
<useDomainConstraints>false</useDomainConstraints>
<use>1</use>
<logicalDatatype>LOGDT019</logicalDatatype>
<dataTypePrecision>*</dataTypePrecision>
<dataTypeScale>0</dataTypeScale>
<ownDataTypeParameters>,*,0</ownDataTypeParameters>
<autoIncrementCycle>false</autoIncrementCycle>
<associations>
<colAssociation fkAssociation="DE9D92DC-280D-6871-1969-4C5D1EE7F437" referredColumn="2874E60D-B59D-BC95-05B4-A4C7593031E2"/>
</associations>
</Column>
<Column name="ID_PACIENTE_ODONTOLOGIA" id="2C6EA8E5-0056-3416-9D31-1F6163F0944E">
<sourceConnName>PRFINALBD2020</sourceConnName>
<sourceObjSchema>PACIENTE_ODONTOLOGIA</sourceObjSchema>
<sourceObjName>ID_PACIENTE_ODONTOLOGIA</sourceObjName>
<createdBy>mario</createdBy>
<createdTime>2020-11-05 18:06:14 UTC</createdTime>
<ownerDesignName>Diagrama</ownerDesignName>
<nullsAllowed>true</nullsAllowed>
<useDomainConstraints>false</useDomainConstraints>
<use>1</use>
<logicalDatatype>LOGDT019</logicalDatatype>
<dataTypePrecision>*</dataTypePrecision>
<dataTypeScale>0</dataTypeScale>
<ownDataTypeParameters>,*,0</ownDataTypeParameters>
<autoIncrementCycle>false</autoIncrementCycle>
</Column>
<Column name="ID_MEDICO" id="1A9C3D13-48C7-2C3C-79C7-E66A239E5B8B">
<sourceConnName>PRFINALBD2020</sourceConnName>
<sourceObjSchema>PACIENTE_ODONTOLOGIA</sourceObjSchema>
<sourceObjName>ID_MEDICO</sourceObjName>
<createdBy>mario</createdBy>
<createdTime>2020-11-05 18:06:14 UTC</createdTime>
<ownerDesignName>Diagrama</ownerDesignName>
<nullsAllowed>true</nullsAllowed>
<useDomainConstraints>false</useDomainConstraints>
<use>1</use>
<logicalDatatype>LOGDT019</logicalDatatype>
<dataTypePrecision>*</dataTypePrecision>
<dataTypeScale>0</dataTypeScale>
<ownDataTypeParameters>,*,0</ownDataTypeParameters>
<autoIncrementCycle>false</autoIncrementCycle>
</Column>
<Column name="ID_CLINICA" id="DDBBB076-02B8-8D5C-35BF-219205AFEF2A">
<sourceConnName>PRFINALBD2020</sourceConnName>
<sourceObjSchema>PACIENTE_ODONTOLOGIA</sourceObjSchema>
<sourceObjName>ID_CLINICA</sourceObjName>
<createdBy>mario</createdBy>
<createdTime>2020-11-05 18:06:14 UTC</createdTime>
<ownerDesignName>Diagrama</ownerDesignName>
<useDomainConstraints>false</useDomainConstraints>
<use>1</use>
<logicalDatatype>LOGDT019</logicalDatatype>
<dataTypePrecision>*</dataTypePrecision>
<dataTypeScale>0</dataTypeScale>
<ownDataTypeParameters>,*,0</ownDataTypeParameters>
<autoIncrementCycle>false</autoIncrementCycle>
<associations>
<colAssociation fkAssociation="E03EBCAF-F828-ADBD-4E44-A75185BF9AC1" referredColumn="CB9D954F-E1C1-0D94-0C8E-CBB7527672F0"/>
</associations>
</Column>
</columns>
<indexes itemClass="oracle.dbtools.crest.model.design.relational.Index">
<ind_PK_UK id="4D3673B1-93C6-FAD6-DF7B-D575D28126F4" name="PACIENTE_PK">
<sourceConnName>PRFINALBD2020</sourceConnName>
<sourceObjSchema>MARIO</sourceObjSchema>
<sourceObjName>PACIENTE_PK</sourceObjName>
<createdBy>mario</createdBy>
<createdTime>2020-11-05 18:06:14 UTC</createdTime>
<ownerDesignName>Diagrama</ownerDesignName>
<pk>true</pk>
<indexState>Primary Constraint</indexState>
<isSurrogateKey>false</isSurrogateKey>
<indexColumnUsage>
<colUsage columnID="2DD6D1E5-B265-2F5D-7999-87C6044A321A"/>
</indexColumnUsage>
</ind_PK_UK>
<ind_PK_UK id="40C51882-1BCE-4493-247C-19C1F6613F8E" schemaObject="F64E1D9B-7E6B-CABF-605F-B7EAC2DFD0C0" name="PACIENTE_PK">
<sourceConnName>PRFINALBD2020</sourceConnName>
<sourceObjSchema>MARIO</sourceObjSchema>
<sourceObjName>PACIENTE_PK</sourceObjName>
<createdBy>mario</createdBy>
<createdTime>2020-11-05 18:06:14 UTC</createdTime>
<ownerDesignName>Diagrama</ownerDesignName>
<indexState>Unique Plain Index</indexState>
<isSurrogateKey>false</isSurrogateKey>
<indexColumnUsage>
<colUsage columnID="2DD6D1E5-B265-2F5D-7999-87C6044A321A"/>
</indexColumnUsage>
</ind_PK_UK>
<ind_PK_UK id="93A56B6F-BA6A-3464-89B5-401BC5C550DC" name="ODONTO_CLINICAS">
<createdBy>mario</createdBy>
<createdTime>2020-11-05 18:06:14 UTC</createdTime>
<ownerDesignName>Diagrama</ownerDesignName>
<indexState>Foreign Key</indexState>
<isSurrogateKey>false</isSurrogateKey>
<indexColumnUsage>
<colUsage columnID="DDBBB076-02B8-8D5C-35BF-219205AFEF2A"/>
</indexColumnUsage>
</ind_PK_UK>
<ind_PK_UK id="1396E974-6D44-E576-CB83-6F3577F506A2" name="ODONTO_PERSONA">
<createdBy>mario</createdBy>
<createdTime>2020-11-05 18:06:14 UTC</createdTime>
<ownerDesignName>Diagrama</ownerDesignName>
<indexState>Foreign Key</indexState>
<isSurrogateKey>false</isSurrogateKey>
<indexColumnUsage>
<colUsage columnID="2DD6D1E5-B265-2F5D-7999-87C6044A321A"/>
</indexColumnUsage>
</ind_PK_UK>
</indexes>
</Table>