<?xml version = '1.0' encoding = 'UTF-8'?>
<Table class="oracle.dbtools.crest.model.design.relational.Table" directorySegmentName="seg_0" id="9717DA77-AB3D-DC5C-45DB-1A8DA76CD345" schemaObject="F64E1D9B-7E6B-CABF-605F-B7EAC2DFD0C0" name="CUENTA_PROVEEDORES">
<sourceConnName>PRFINALBD2020</sourceConnName>
<sourceObjSchema>MARIO</sourceObjSchema>
<sourceObjName>CUENTA_PROVEEDORES</sourceObjName>
<createdBy>mario</createdBy>
<createdTime>2020-11-05 18:06:13 UTC</createdTime>
<ownerDesignName>Diagrama</ownerDesignName>
<allowColumnReorder>false</allowColumnReorder>
<existDependencyGenerateInDDl>true</existDependencyGenerateInDDl>
<parsed>true</parsed>
<columns itemClass="oracle.dbtools.crest.model.design.relational.Column">
<Column name="ID_CUENTA_PROV" id="F6320A4B-E854-FA93-BAA2-CCF54CC47FF1">
<sourceConnName>PRFINALBD2020</sourceConnName>
<sourceObjSchema>CUENTA_PROVEEDORES</sourceObjSchema>
<sourceObjName>ID_CUENTA_PROV</sourceObjName>
<createdBy>mario</createdBy>
<createdTime>2020-11-05 18:06:14 UTC</createdTime>
<ownerDesignName>Diagrama</ownerDesignName>
<useDomainConstraints>false</useDomainConstraints>
<use>1</use>
<logicalDatatype>LOGDT019</logicalDatatype>
<dataTypePrecision>*</dataTypePrecision>
<dataTypeScale>0</dataTypeScale>
<ownDataTypeParameters>,*,0</ownDataTypeParameters>
<autoIncrementCycle>false</autoIncrementCycle>
<associations>
<colAssociation fkAssociation="54DE9A15-DF43-FFCB-EAE1-9664D1713E2B" referredColumn="5F43BE6A-066B-B589-41D5-033C6AEED227"/>
</associations>
</Column>
<Column name="ID_PROVEEDOR" id="1796E725-F010-FAA2-03B7-E12FBDD00787">
<sourceConnName>PRFINALBD2020</sourceConnName>
<sourceObjSchema>CUENTA_PROVEEDORES</sourceObjSchema>
<sourceObjName>ID_PROVEEDOR</sourceObjName>
<createdBy>mario</createdBy>
<createdTime>2020-11-05 18:06:14 UTC</createdTime>
<ownerDesignName>Diagrama</ownerDesignName>
<useDomainConstraints>false</useDomainConstraints>
<use>1</use>
<logicalDatatype>LOGDT019</logicalDatatype>
<dataTypePrecision>*</dataTypePrecision>
<dataTypeScale>0</dataTypeScale>
<ownDataTypeParameters>,*,0</ownDataTypeParameters>
<autoIncrementCycle>false</autoIncrementCycle>
<associations>
<colAssociation fkAssociation="47B8C104-6535-0DD3-3555-342DF18FFCA9" referredColumn="D5153DF8-04C6-DE14-ECDC-B0F71F583763"/>
</associations>
</Column>
<Column name="ID_BANCO_CUENTA" id="9886B632-1DBF-974E-D576-FD4597C6543D">
<sourceConnName>PRFINALBD2020</sourceConnName>
<sourceObjSchema>CUENTA_PROVEEDORES</sourceObjSchema>
<sourceObjName>ID_BANCO_CUENTA</sourceObjName>
<createdBy>mario</createdBy>
<createdTime>2020-11-05 18:06:14 UTC</createdTime>
<ownerDesignName>Diagrama</ownerDesignName>
<useDomainConstraints>false</useDomainConstraints>
<use>1</use>
<logicalDatatype>LOGDT019</logicalDatatype>
<dataTypePrecision>*</dataTypePrecision>
<dataTypeScale>0</dataTypeScale>
<ownDataTypeParameters>,*,0</ownDataTypeParameters>
<autoIncrementCycle>false</autoIncrementCycle>
<associations>
<colAssociation fkAssociation="C3DD0103-553D-130A-ADBF-767CF11FAAE4" referredColumn="0F5FA8E8-C424-3CB6-DF4E-F07F4438C57B"/>
</associations>
</Column>
<Column name="CUENTA" id="E82262B1-C511-5654-1548-5242E4085AC8">
<sourceConnName>PRFINALBD2020</sourceConnName>
<sourceObjSchema>CUENTA_PROVEEDORES</sourceObjSchema>
<sourceObjName>CUENTA</sourceObjName>
<createdBy>mario</createdBy>
<createdTime>2020-11-05 18:06:14 UTC</createdTime>
<ownerDesignName>Diagrama</ownerDesignName>
<nullsAllowed>true</nullsAllowed>
<useDomainConstraints>false</useDomainConstraints>
<use>1</use>
<logicalDatatype>LOGDT024</logicalDatatype>
<dataTypeSize>50 BYTE</dataTypeSize>
<ownDataTypeParameters>50 BYTE,,</ownDataTypeParameters>
<autoIncrementCycle>false</autoIncrementCycle>
</Column>
</columns>
<indexes itemClass="oracle.dbtools.crest.model.design.relational.Index">
<ind_PK_UK id="0D57DED4-0BC5-8FDF-F94D-9C1AD8402D22" name="CUENTA_PROVEEDORES_PK">
<sourceConnName>PRFINALBD2020</sourceConnName>
<sourceObjSchema>MARIO</sourceObjSchema>
<sourceObjName>CUENTA_PROVEEDORES_PK</sourceObjName>
<createdBy>mario</createdBy>
<createdTime>2020-11-05 18:06:14 UTC</createdTime>
<ownerDesignName>Diagrama</ownerDesignName>
<pk>true</pk>
<indexState>Primary Constraint</indexState>
<isSurrogateKey>false</isSurrogateKey>
<indexColumnUsage>
<colUsage columnID="F6320A4B-E854-FA93-BAA2-CCF54CC47FF1"/>
</indexColumnUsage>
</ind_PK_UK>
<ind_PK_UK id="D2A899DC-C9CF-2A36-D253-BE63C2720688" schemaObject="F64E1D9B-7E6B-CABF-605F-B7EAC2DFD0C0" name="CUENTA_PROVEEDORES_PK">
<sourceConnName>PRFINALBD2020</sourceConnName>
<sourceObjSchema>MARIO</sourceObjSchema>
<sourceObjName>CUENTA_PROVEEDORES_PK</sourceObjName>
<createdBy>mario</createdBy>
<createdTime>2020-11-05 18:06:14 UTC</createdTime>
<ownerDesignName>Diagrama</ownerDesignName>
<indexState>Unique Plain Index</indexState>
<isSurrogateKey>false</isSurrogateKey>
<indexColumnUsage>
<colUsage columnID="F6320A4B-E854-FA93-BAA2-CCF54CC47FF1"/>
</indexColumnUsage>
</ind_PK_UK>
<ind_PK_UK id="D0B3759A-8760-5AAE-FA4F-D8A93443DF9C" name="CUENTA_PROVEEDORES_BANCOS_FK">
<createdBy>mario</createdBy>
<createdTime>2020-11-05 18:06:14 UTC</createdTime>
<ownerDesignName>Diagrama</ownerDesignName>
<indexState>Foreign Key</indexState>
<isSurrogateKey>false</isSurrogateKey>
<indexColumnUsage>
<colUsage columnID="9886B632-1DBF-974E-D576-FD4597C6543D"/>
</indexColumnUsage>
</ind_PK_UK>
<ind_PK_UK id="702979F5-EAAF-19CC-7B00-F0151B0C731B" name="CUENTAYPROVEEDORES">
<createdBy>mario</createdBy>
<createdTime>2020-11-05 18:06:14 UTC</createdTime>
<ownerDesignName>Diagrama</ownerDesignName>
<indexState>Foreign Key</indexState>
<isSurrogateKey>false</isSurrogateKey>
<indexColumnUsage>
<colUsage columnID="1796E725-F010-FAA2-03B7-E12FBDD00787"/>
</indexColumnUsage>
</ind_PK_UK>
<ind_PK_UK id="8F8F1455-A35C-1769-1520-B7A8E4CB6264" name="RELACION_CUENTAS">
<createdBy>mario</createdBy>
<createdTime>2020-11-05 18:06:14 UTC</createdTime>
<ownerDesignName>Diagrama</ownerDesignName>
<indexState>Foreign Key</indexState>
<isSurrogateKey>false</isSurrogateKey>
<indexColumnUsage>
<colUsage columnID="F6320A4B-E854-FA93-BAA2-CCF54CC47FF1"/>
</indexColumnUsage>
</ind_PK_UK>
</indexes>
</Table>