<?xml version = '1.0' encoding = 'UTF-8'?>
<Table class="oracle.dbtools.crest.model.design.relational.Table" directorySegmentName="seg_0" id="9BC11318-BD8A-789E-BE65-67EB38CC3796" schemaObject="F64E1D9B-7E6B-CABF-605F-B7EAC2DFD0C0" name="FARMACIAS">
<sourceConnName>PRFINALBD2020</sourceConnName>
<sourceObjSchema>MARIO</sourceObjSchema>
<sourceObjName>FARMACIAS</sourceObjName>
<createdBy>mario</createdBy>
<createdTime>2020-11-05 18:06:13 UTC</createdTime>
<ownerDesignName>Diagrama</ownerDesignName>
<allowColumnReorder>false</allowColumnReorder>
<existDependencyGenerateInDDl>true</existDependencyGenerateInDDl>
<parsed>true</parsed>
<columns itemClass="oracle.dbtools.crest.model.design.relational.Column">
<Column name="ID_FARMACIA" id="78EB65E4-8B98-F729-9538-26C2494745E3">
<sourceConnName>PRFINALBD2020</sourceConnName>
<sourceObjSchema>FARMACIAS</sourceObjSchema>
<sourceObjName>ID_FARMACIA</sourceObjName>
<createdBy>mario</createdBy>
<createdTime>2020-11-05 18:06:14 UTC</createdTime>
<ownerDesignName>Diagrama</ownerDesignName>
<useDomainConstraints>false</useDomainConstraints>
<use>1</use>
<logicalDatatype>LOGDT019</logicalDatatype>
<dataTypePrecision>*</dataTypePrecision>
<dataTypeScale>0</dataTypeScale>
<ownDataTypeParameters>,*,0</ownDataTypeParameters>
<autoIncrementCycle>false</autoIncrementCycle>
</Column>
<Column name="ID_SEDE" id="0E55D53D-9BCE-3F4E-AEEE-1D1FCCD18A9A">
<sourceConnName>PRFINALBD2020</sourceConnName>
<sourceObjSchema>FARMACIAS</sourceObjSchema>
<sourceObjName>ID_SEDE</sourceObjName>
<createdBy>mario</createdBy>
<createdTime>2020-11-05 18:06:14 UTC</createdTime>
<ownerDesignName>Diagrama</ownerDesignName>
<useDomainConstraints>false</useDomainConstraints>
<use>1</use>
<logicalDatatype>LOGDT019</logicalDatatype>
<dataTypePrecision>*</dataTypePrecision>
<dataTypeScale>0</dataTypeScale>
<ownDataTypeParameters>,*,0</ownDataTypeParameters>
<autoIncrementCycle>false</autoIncrementCycle>
<associations>
<colAssociation fkAssociation="BC3ADBA1-8DBE-043F-EA60-A40664D2B5FE" referredColumn="8E55F802-810B-3DA9-D0ED-67E501BEAE74"/>
</associations>
</Column>
<Column name="NOMBRE" id="90D29252-6D30-3107-A363-8FC475EFEDA5">
<sourceConnName>PRFINALBD2020</sourceConnName>
<sourceObjSchema>FARMACIAS</sourceObjSchema>
<sourceObjName>NOMBRE</sourceObjName>
<createdBy>mario</createdBy>
<createdTime>2020-11-05 18:06:14 UTC</createdTime>
<ownerDesignName>Diagrama</ownerDesignName>
<nullsAllowed>true</nullsAllowed>
<useDomainConstraints>false</useDomainConstraints>
<use>1</use>
<logicalDatatype>LOGDT024</logicalDatatype>
<dataTypeSize>100 BYTE</dataTypeSize>
<ownDataTypeParameters>100 BYTE,,</ownDataTypeParameters>
<autoIncrementCycle>false</autoIncrementCycle>
</Column>
</columns>
<indexes itemClass="oracle.dbtools.crest.model.design.relational.Index">
<ind_PK_UK id="EA31C770-56D8-F164-E9A3-E44038DBB7C4" name="FARMACIAS_PK">
<sourceConnName>PRFINALBD2020</sourceConnName>
<sourceObjSchema>MARIO</sourceObjSchema>
<sourceObjName>FARMACIAS_PK</sourceObjName>
<createdBy>mario</createdBy>
<createdTime>2020-11-05 18:06:14 UTC</createdTime>
<ownerDesignName>Diagrama</ownerDesignName>
<pk>true</pk>
<indexState>Primary Constraint</indexState>
<isSurrogateKey>false</isSurrogateKey>
<indexColumnUsage>
<colUsage columnID="78EB65E4-8B98-F729-9538-26C2494745E3"/>
</indexColumnUsage>
</ind_PK_UK>
<ind_PK_UK id="2FB72976-5CD5-3525-63D6-8B7BB377F731" schemaObject="F64E1D9B-7E6B-CABF-605F-B7EAC2DFD0C0" name="FARMACIAS_PK">
<sourceConnName>PRFINALBD2020</sourceConnName>
<sourceObjSchema>MARIO</sourceObjSchema>
<sourceObjName>FARMACIAS_PK</sourceObjName>
<createdBy>mario</createdBy>
<createdTime>2020-11-05 18:06:14 UTC</createdTime>
<ownerDesignName>Diagrama</ownerDesignName>
<indexState>Unique Plain Index</indexState>
<isSurrogateKey>false</isSurrogateKey>
<indexColumnUsage>
<colUsage columnID="78EB65E4-8B98-F729-9538-26C2494745E3"/>
</indexColumnUsage>
</ind_PK_UK>
<ind_PK_UK id="FE10BB67-00F6-6214-DE4F-3050DB994D4D" name="FARMACIAS_SEDE_FK">
<createdBy>mario</createdBy>
<createdTime>2020-11-05 18:06:14 UTC</createdTime>
<ownerDesignName>Diagrama</ownerDesignName>
<indexState>Foreign Key</indexState>
<isSurrogateKey>false</isSurrogateKey>
<indexColumnUsage>
<colUsage columnID="0E55D53D-9BCE-3F4E-AEEE-1D1FCCD18A9A"/>
</indexColumnUsage>
</ind_PK_UK>
</indexes>
</Table>