<?xml version = '1.0' encoding = 'UTF-8'?>
<Table class="oracle.dbtools.crest.model.design.relational.Table" directorySegmentName="seg_0" id="9E6AF437-8C20-92FC-F15D-BF2CAC23E73F" schemaObject="F64E1D9B-7E6B-CABF-605F-B7EAC2DFD0C0" name="LAB_FARMACEUTICOS_INSUMOS">
<sourceConnName>PRFINALBD2020</sourceConnName>
<sourceObjSchema>MARIO</sourceObjSchema>
<sourceObjName>LAB_FARMACEUTICOS_INSUMOS</sourceObjName>
<createdBy>mario</createdBy>
<createdTime>2020-11-05 18:06:13 UTC</createdTime>
<ownerDesignName>Diagrama</ownerDesignName>
<allowColumnReorder>false</allowColumnReorder>
<existDependencyGenerateInDDl>true</existDependencyGenerateInDDl>
<parsed>true</parsed>
<columns itemClass="oracle.dbtools.crest.model.design.relational.Column">
<Column name="ID_LABORATORIO" id="B2CBE089-B8B2-1D4E-0E83-C9AB68ED2BCF">
<sourceConnName>PRFINALBD2020</sourceConnName>
<sourceObjSchema>LAB_FARMACEUTICOS_INSUMOS</sourceObjSchema>
<sourceObjName>ID_LABORATORIO</sourceObjName>
<createdBy>mario</createdBy>
<createdTime>2020-11-05 18:06:14 UTC</createdTime>
<ownerDesignName>Diagrama</ownerDesignName>
<useDomainConstraints>false</useDomainConstraints>
<use>1</use>
<logicalDatatype>LOGDT019</logicalDatatype>
<dataTypePrecision>*</dataTypePrecision>
<dataTypeScale>0</dataTypeScale>
<ownDataTypeParameters>,*,0</ownDataTypeParameters>
<autoIncrementCycle>false</autoIncrementCycle>
</Column>
<Column name="NOMBRE" id="BF9CE004-1C8A-8AAA-6F3F-E26EE0372D46">
<sourceConnName>PRFINALBD2020</sourceConnName>
<sourceObjSchema>LAB_FARMACEUTICOS_INSUMOS</sourceObjSchema>
<sourceObjName>NOMBRE</sourceObjName>
<createdBy>mario</createdBy>
<createdTime>2020-11-05 18:06:14 UTC</createdTime>
<ownerDesignName>Diagrama</ownerDesignName>
<nullsAllowed>true</nullsAllowed>
<useDomainConstraints>false</useDomainConstraints>
<use>1</use>
<logicalDatatype>LOGDT024</logicalDatatype>
<dataTypeSize>100 BYTE</dataTypeSize>
<ownDataTypeParameters>100 BYTE,,</ownDataTypeParameters>
<autoIncrementCycle>false</autoIncrementCycle>
</Column>
</columns>
<indexes itemClass="oracle.dbtools.crest.model.design.relational.Index">
<ind_PK_UK id="5BF8430D-B2C6-0B7E-1F47-995880EB493B" name="LABORATORIOS_INSUMOS_PK">
<sourceConnName>PRFINALBD2020</sourceConnName>
<sourceObjSchema>MARIO</sourceObjSchema>
<sourceObjName>LABORATORIOS_INSUMOS_PK</sourceObjName>
<createdBy>mario</createdBy>
<createdTime>2020-11-05 18:06:14 UTC</createdTime>
<ownerDesignName>Diagrama</ownerDesignName>
<pk>true</pk>
<indexState>Primary Constraint</indexState>
<isSurrogateKey>false</isSurrogateKey>
<indexColumnUsage>
<colUsage columnID="B2CBE089-B8B2-1D4E-0E83-C9AB68ED2BCF"/>
</indexColumnUsage>
</ind_PK_UK>
<ind_PK_UK id="CB6DAA19-04B2-711A-8B27-5C119D67A970" schemaObject="F64E1D9B-7E6B-CABF-605F-B7EAC2DFD0C0" name="LABORATORIOS_INSUMOS_PK">
<sourceConnName>PRFINALBD2020</sourceConnName>
<sourceObjSchema>MARIO</sourceObjSchema>
<sourceObjName>LABORATORIOS_INSUMOS_PK</sourceObjName>
<createdBy>mario</createdBy>
<createdTime>2020-11-05 18:06:14 UTC</createdTime>
<ownerDesignName>Diagrama</ownerDesignName>
<indexState>Unique Plain Index</indexState>
<isSurrogateKey>false</isSurrogateKey>
<indexColumnUsage>
<colUsage columnID="B2CBE089-B8B2-1D4E-0E83-C9AB68ED2BCF"/>
</indexColumnUsage>
</ind_PK_UK>
</indexes>
</Table>