<?xml version = '1.0' encoding = 'UTF-8'?>
<Table class="oracle.dbtools.crest.model.design.relational.Table" directorySegmentName="seg_0" id="B1770E0B-6F77-D154-4423-0D98AD402405" schemaObject="F64E1D9B-7E6B-CABF-605F-B7EAC2DFD0C0" name="DIRECCION_PERSONA">
<sourceConnName>PRFINALBD2020</sourceConnName>
<sourceObjSchema>MARIO</sourceObjSchema>
<sourceObjName>DIRECCION_PERSONA</sourceObjName>
<createdBy>mario</createdBy>
<createdTime>2020-11-05 18:06:13 UTC</createdTime>
<ownerDesignName>Diagrama</ownerDesignName>
<allowColumnReorder>false</allowColumnReorder>
<existDependencyGenerateInDDl>true</existDependencyGenerateInDDl>
<parsed>true</parsed>
<columns itemClass="oracle.dbtools.crest.model.design.relational.Column">
<Column name="ID_DIRECCION" id="803EA22A-A744-015A-F44E-0BE9D4D82E13">
<sourceConnName>PRFINALBD2020</sourceConnName>
<sourceObjSchema>DIRECCION_PERSONA</sourceObjSchema>
<sourceObjName>ID_DIRECCION</sourceObjName>
<createdBy>mario</createdBy>
<createdTime>2020-11-05 18:06:14 UTC</createdTime>
<ownerDesignName>Diagrama</ownerDesignName>
<useDomainConstraints>false</useDomainConstraints>
<use>1</use>
<logicalDatatype>LOGDT019</logicalDatatype>
<dataTypePrecision>*</dataTypePrecision>
<dataTypeScale>0</dataTypeScale>
<ownDataTypeParameters>,*,0</ownDataTypeParameters>
<autoIncrementCycle>false</autoIncrementCycle>
<associations>
<colAssociation fkAssociation="A5657CF3-C2BF-00A5-4721-5583252717BC" referredColumn="8B500365-0C5B-58B0-4886-54FCC8F374C6"/>
</associations>
</Column>
<Column name="ID_PERSONA" id="E55CB5C4-E96C-D338-FA53-FE4C4692F974">
<sourceConnName>PRFINALBD2020</sourceConnName>
<sourceObjSchema>DIRECCION_PERSONA</sourceObjSchema>
<sourceObjName>ID_PERSONA</sourceObjName>
<createdBy>mario</createdBy>
<createdTime>2020-11-05 18:06:14 UTC</createdTime>
<ownerDesignName>Diagrama</ownerDesignName>
<useDomainConstraints>false</useDomainConstraints>
<use>1</use>
<logicalDatatype>LOGDT019</logicalDatatype>
<dataTypePrecision>*</dataTypePrecision>
<dataTypeScale>0</dataTypeScale>
<ownDataTypeParameters>,*,0</ownDataTypeParameters>
<autoIncrementCycle>false</autoIncrementCycle>
<associations>
<colAssociation fkAssociation="2D631717-3E06-3F9A-30B9-121321FBFC9C" referredColumn="2874E60D-B59D-BC95-05B4-A4C7593031E2"/>
</associations>
</Column>
</columns>
<indexes itemClass="oracle.dbtools.crest.model.design.relational.Index">
<ind_PK_UK id="1256371B-32C4-28F0-7C76-F07CE9244724" name="DIRECCION_PERSONA_PK">
<sourceConnName>PRFINALBD2020</sourceConnName>
<sourceObjSchema>MARIO</sourceObjSchema>
<sourceObjName>DIRECCION_PERSONA_PK</sourceObjName>
<createdBy>mario</createdBy>
<createdTime>2020-11-05 18:06:14 UTC</createdTime>
<ownerDesignName>Diagrama</ownerDesignName>
<pk>true</pk>
<indexState>Primary Constraint</indexState>
<isSurrogateKey>false</isSurrogateKey>
<indexColumnUsage>
<colUsage columnID="803EA22A-A744-015A-F44E-0BE9D4D82E13"/>
<colUsage columnID="E55CB5C4-E96C-D338-FA53-FE4C4692F974"/>
</indexColumnUsage>
</ind_PK_UK>
<ind_PK_UK id="82C84490-66E0-96CF-69E3-32732ACFDDC7" schemaObject="F64E1D9B-7E6B-CABF-605F-B7EAC2DFD0C0" name="DIRECCION_PERSONA_PK">
<sourceConnName>PRFINALBD2020</sourceConnName>
<sourceObjSchema>MARIO</sourceObjSchema>
<sourceObjName>DIRECCION_PERSONA_PK</sourceObjName>
<createdBy>mario</createdBy>
<createdTime>2020-11-05 18:06:14 UTC</createdTime>
<ownerDesignName>Diagrama</ownerDesignName>
<indexState>Unique Plain Index</indexState>
<isSurrogateKey>false</isSurrogateKey>
<indexColumnUsage>
<colUsage columnID="803EA22A-A744-015A-F44E-0BE9D4D82E13"/>
<colUsage columnID="E55CB5C4-E96C-D338-FA53-FE4C4692F974"/>
</indexColumnUsage>
</ind_PK_UK>
<ind_PK_UK id="DFE06BB8-A1F2-E310-410C-14C5B2504757" name="DIRECCION_PERSONA_DIRECCION_FK">
<createdBy>mario</createdBy>
<createdTime>2020-11-05 18:06:14 UTC</createdTime>
<ownerDesignName>Diagrama</ownerDesignName>
<indexState>Foreign Key</indexState>
<isSurrogateKey>false</isSurrogateKey>
<indexColumnUsage>
<colUsage columnID="803EA22A-A744-015A-F44E-0BE9D4D82E13"/>
</indexColumnUsage>
</ind_PK_UK>
<ind_PK_UK id="2847D25D-9BCB-F6D6-612E-AEEE539BF476" name="DIRECCION_PERSONA_PERSONA_FK">
<createdBy>mario</createdBy>
<createdTime>2020-11-05 18:06:14 UTC</createdTime>
<ownerDesignName>Diagrama</ownerDesignName>
<indexState>Foreign Key</indexState>
<isSurrogateKey>false</isSurrogateKey>
<indexColumnUsage>
<colUsage columnID="E55CB5C4-E96C-D338-FA53-FE4C4692F974"/>
</indexColumnUsage>
</ind_PK_UK>
</indexes>
</Table>