<?xml version = '1.0' encoding = 'UTF-8'?>
<Table class="oracle.dbtools.crest.model.design.relational.Table" directorySegmentName="seg_0" id="B314EE70-9C4D-F1C1-A36D-9F1397309936" schemaObject="F64E1D9B-7E6B-CABF-605F-B7EAC2DFD0C0" name="PROVEEDORES">
<sourceConnName>PRFINALBD2020</sourceConnName>
<sourceObjSchema>MARIO</sourceObjSchema>
<sourceObjName>PROVEEDORES</sourceObjName>
<createdBy>mario</createdBy>
<createdTime>2020-11-05 18:06:13 UTC</createdTime>
<ownerDesignName>Diagrama</ownerDesignName>
<allowColumnReorder>false</allowColumnReorder>
<existDependencyGenerateInDDl>true</existDependencyGenerateInDDl>
<parsed>true</parsed>
<columns itemClass="oracle.dbtools.crest.model.design.relational.Column">
<Column name="ID_PROVEEDOR" id="D5153DF8-04C6-DE14-ECDC-B0F71F583763">
<sourceConnName>PRFINALBD2020</sourceConnName>
<sourceObjSchema>PROVEEDORES</sourceObjSchema>
<sourceObjName>ID_PROVEEDOR</sourceObjName>
<createdBy>mario</createdBy>
<createdTime>2020-11-05 18:06:14 UTC</createdTime>
<ownerDesignName>Diagrama</ownerDesignName>
<useDomainConstraints>false</useDomainConstraints>
<use>1</use>
<logicalDatatype>LOGDT019</logicalDatatype>
<dataTypePrecision>*</dataTypePrecision>
<dataTypeScale>0</dataTypeScale>
<ownDataTypeParameters>,*,0</ownDataTypeParameters>
<autoIncrementCycle>false</autoIncrementCycle>
<associations>
<colAssociation fkAssociation="6B9AFBCE-678D-3F17-B348-F2D3108A12E5" referredColumn="FFEE6700-BE4E-5D15-2596-7F002CFB1BF3"/>
<colAssociation fkAssociation="C6C6E5D0-4B2E-22C3-9459-1132960CE5BD" referredColumn="5FCAA891-5062-6B3E-FA59-ACBF1410528E"/>
</associations>
</Column>
<Column name="RAZON_SOCIAL" id="BC6EB52C-0A08-A121-C973-E25399B1F012">
<sourceConnName>PRFINALBD2020</sourceConnName>
<sourceObjSchema>PROVEEDORES</sourceObjSchema>
<sourceObjName>RAZON_SOCIAL</sourceObjName>
<createdBy>mario</createdBy>
<createdTime>2020-11-05 18:06:14 UTC</createdTime>
<ownerDesignName>Diagrama</ownerDesignName>
<nullsAllowed>true</nullsAllowed>
<useDomainConstraints>false</useDomainConstraints>
<use>1</use>
<logicalDatatype>LOGDT024</logicalDatatype>
<dataTypeSize>200 BYTE</dataTypeSize>
<ownDataTypeParameters>200 BYTE,,</ownDataTypeParameters>
<autoIncrementCycle>false</autoIncrementCycle>
</Column>
<Column name="NIT" id="3F32E180-9D18-7436-6906-1A615FCE423F">
<sourceConnName>PRFINALBD2020</sourceConnName>
<sourceObjSchema>PROVEEDORES</sourceObjSchema>
<sourceObjName>NIT</sourceObjName>
<createdBy>mario</createdBy>
<createdTime>2020-11-05 18:06:14 UTC</createdTime>
<ownerDesignName>Diagrama</ownerDesignName>
<nullsAllowed>true</nullsAllowed>
<useDomainConstraints>false</useDomainConstraints>
<use>1</use>
<logicalDatatype>LOGDT024</logicalDatatype>
<dataTypeSize>50 BYTE</dataTypeSize>
<ownDataTypeParameters>50 BYTE,,</ownDataTypeParameters>
<autoIncrementCycle>false</autoIncrementCycle>
</Column>
<Column name="REPRESENTANTE_LEGAL_ID_PERSONA" id="D232F6EC-632D-D598-0FB0-9C6C7C41B93F">
<sourceConnName>PRFINALBD2020</sourceConnName>
<sourceObjSchema>PROVEEDORES</sourceObjSchema>
<sourceObjName>REPRESENTANTE_LEGAL_ID_PERSONA</sourceObjName>
<createdBy>mario</createdBy>
<createdTime>2020-11-05 18:06:14 UTC</createdTime>
<ownerDesignName>Diagrama</ownerDesignName>
<nullsAllowed>true</nullsAllowed>
<useDomainConstraints>false</useDomainConstraints>
<use>1</use>
<logicalDatatype>LOGDT019</logicalDatatype>
<dataTypePrecision>*</dataTypePrecision>
<dataTypeScale>0</dataTypeScale>
<ownDataTypeParameters>,*,0</ownDataTypeParameters>
<autoIncrementCycle>false</autoIncrementCycle>
</Column>
<Column name="STATUS_PROVEEDOR" id="214B9616-3773-3CD6-0A87-B65D474804B6">
<sourceConnName>PRFINALBD2020</sourceConnName>
<sourceObjSchema>PROVEEDORES</sourceObjSchema>
<sourceObjName>STATUS_PROVEEDOR</sourceObjName>
<createdBy>mario</createdBy>
<createdTime>2020-11-05 18:06:14 UTC</createdTime>
<ownerDesignName>Diagrama</ownerDesignName>
<nullsAllowed>true</nullsAllowed>
<useDomainConstraints>false</useDomainConstraints>
<use>1</use>
<logicalDatatype>LOGDT019</logicalDatatype>
<dataTypePrecision>*</dataTypePrecision>
<dataTypeScale>0</dataTypeScale>
<ownDataTypeParameters>,*,0</ownDataTypeParameters>
<autoIncrementCycle>false</autoIncrementCycle>
</Column>
</columns>
<indexes itemClass="oracle.dbtools.crest.model.design.relational.Index">
<ind_PK_UK id="F9365682-9BDD-9971-8F89-0FFCEC172055" name="PROVEEDORES_PK">
<sourceConnName>PRFINALBD2020</sourceConnName>
<sourceObjSchema>MARIO</sourceObjSchema>
<sourceObjName>PROVEEDORES_PK</sourceObjName>
<createdBy>mario</createdBy>
<createdTime>2020-11-05 18:06:14 UTC</createdTime>
<ownerDesignName>Diagrama</ownerDesignName>
<pk>true</pk>
<indexState>Primary Constraint</indexState>
<isSurrogateKey>false</isSurrogateKey>
<indexColumnUsage>
<colUsage columnID="D5153DF8-04C6-DE14-ECDC-B0F71F583763"/>
</indexColumnUsage>
</ind_PK_UK>
<ind_PK_UK id="CBFD35BB-A493-9DC4-62B8-F8CE958E4719" schemaObject="F64E1D9B-7E6B-CABF-605F-B7EAC2DFD0C0" name="PROVEEDORES_PK">
<sourceConnName>PRFINALBD2020</sourceConnName>
<sourceObjSchema>MARIO</sourceObjSchema>
<sourceObjName>PROVEEDORES_PK</sourceObjName>
<createdBy>mario</createdBy>
<createdTime>2020-11-05 18:06:14 UTC</createdTime>
<ownerDesignName>Diagrama</ownerDesignName>
<indexState>Unique Plain Index</indexState>
<isSurrogateKey>false</isSurrogateKey>
<indexColumnUsage>
<colUsage columnID="D5153DF8-04C6-DE14-ECDC-B0F71F583763"/>
</indexColumnUsage>
</ind_PK_UK>
<ind_PK_UK id="BFE1F7C3-B515-86F7-BF86-D17030146554" name="PROV_DIRECCION">
<createdBy>mario</createdBy>
<createdTime>2020-11-05 18:06:14 UTC</createdTime>
<ownerDesignName>Diagrama</ownerDesignName>
<indexState>Foreign Key</indexState>
<isSurrogateKey>false</isSurrogateKey>
<indexColumnUsage>
<colUsage columnID="D5153DF8-04C6-DE14-ECDC-B0F71F583763"/>
</indexColumnUsage>
</ind_PK_UK>
<ind_PK_UK id="6F8F6D45-5C73-A4BC-2C66-B555DF785CB4" name="PROV_TELEFONO">
<createdBy>mario</createdBy>
<createdTime>2020-11-05 18:06:14 UTC</createdTime>
<ownerDesignName>Diagrama</ownerDesignName>
<indexState>Foreign Key</indexState>
<isSurrogateKey>false</isSurrogateKey>
<indexColumnUsage>
<colUsage columnID="D5153DF8-04C6-DE14-ECDC-B0F71F583763"/>
</indexColumnUsage>
</ind_PK_UK>
</indexes>
</Table>