<?xml version = '1.0' encoding = 'UTF-8'?>
<Table class="oracle.dbtools.crest.model.design.relational.Table" directorySegmentName="seg_0" id="BD413888-08C2-3A4C-6CC4-92B8033C1DC6" schemaObject="F64E1D9B-7E6B-CABF-605F-B7EAC2DFD0C0" name="DIAGNOSTICO">
<sourceConnName>PRFINALBD2020</sourceConnName>
<sourceObjSchema>MARIO</sourceObjSchema>
<sourceObjName>DIAGNOSTICO</sourceObjName>
<createdBy>mario</createdBy>
<createdTime>2020-11-05 18:06:13 UTC</createdTime>
<ownerDesignName>Diagrama</ownerDesignName>
<allowColumnReorder>false</allowColumnReorder>
<existDependencyGenerateInDDl>true</existDependencyGenerateInDDl>
<parsed>true</parsed>
<columns itemClass="oracle.dbtools.crest.model.design.relational.Column">
<Column name="ID_DIAGNOSTICO" id="51558941-43AB-788D-7B97-A82427461824">
<sourceConnName>PRFINALBD2020</sourceConnName>
<sourceObjSchema>DIAGNOSTICO</sourceObjSchema>
<sourceObjName>ID_DIAGNOSTICO</sourceObjName>
<createdBy>mario</createdBy>
<createdTime>2020-11-05 18:06:14 UTC</createdTime>
<ownerDesignName>Diagrama</ownerDesignName>
<useDomainConstraints>false</useDomainConstraints>
<use>1</use>
<logicalDatatype>LOGDT019</logicalDatatype>
<dataTypePrecision>*</dataTypePrecision>
<dataTypeScale>0</dataTypeScale>
<ownDataTypeParameters>,*,0</ownDataTypeParameters>
<autoIncrementCycle>false</autoIncrementCycle>
</Column>
<Column name="ID_PERSONA" id="A3C8BC49-A46A-5774-3FB3-D78AF0541842">
<sourceConnName>PRFINALBD2020</sourceConnName>
<sourceObjSchema>DIAGNOSTICO</sourceObjSchema>
<sourceObjName>ID_PERSONA</sourceObjName>
<createdBy>mario</createdBy>
<createdTime>2020-11-05 18:06:14 UTC</createdTime>
<ownerDesignName>Diagrama</ownerDesignName>
<useDomainConstraints>false</useDomainConstraints>
<use>1</use>
<logicalDatatype>LOGDT019</logicalDatatype>
<dataTypePrecision>*</dataTypePrecision>
<dataTypeScale>0</dataTypeScale>
<ownDataTypeParameters>,*,0</ownDataTypeParameters>
<autoIncrementCycle>false</autoIncrementCycle>
<associations>
<colAssociation fkAssociation="FDEDE055-4B7F-388C-A7F9-2E7B1483F75A" referredColumn="2874E60D-B59D-BC95-05B4-A4C7593031E2"/>
</associations>
</Column>
<Column name="ID_HISTORIAL_CLINICO" id="8FD2BCA9-3F9B-0F61-7E8E-2D0B8888DB32">
<sourceConnName>PRFINALBD2020</sourceConnName>
<sourceObjSchema>DIAGNOSTICO</sourceObjSchema>
<sourceObjName>ID_HISTORIAL_CLINICO</sourceObjName>
<createdBy>mario</createdBy>
<createdTime>2020-11-05 18:06:14 UTC</createdTime>
<ownerDesignName>Diagrama</ownerDesignName>
<useDomainConstraints>false</useDomainConstraints>
<use>1</use>
<logicalDatatype>LOGDT019</logicalDatatype>
<dataTypePrecision>*</dataTypePrecision>
<dataTypeScale>0</dataTypeScale>
<ownDataTypeParameters>,*,0</ownDataTypeParameters>
<autoIncrementCycle>false</autoIncrementCycle>
<associations>
<colAssociation fkAssociation="8635B61E-A99A-CAA9-5E6A-958571F43074" referredColumn="1B7D0938-38AE-83FA-1C07-F3DFC364E7B0"/>
</associations>
</Column>
<Column name="DIAGNOSTICO" id="8F4D7A55-42C3-4F3D-2235-AE7D5A6829D6">
<sourceConnName>PRFINALBD2020</sourceConnName>
<sourceObjSchema>DIAGNOSTICO</sourceObjSchema>
<sourceObjName>DIAGNOSTICO</sourceObjName>
<createdBy>mario</createdBy>
<createdTime>2020-11-05 18:06:14 UTC</createdTime>
<ownerDesignName>Diagrama</ownerDesignName>
<nullsAllowed>true</nullsAllowed>
<useDomainConstraints>false</useDomainConstraints>
<use>1</use>
<logicalDatatype>LOGDT024</logicalDatatype>
<dataTypeSize>100 BYTE</dataTypeSize>
<ownDataTypeParameters>100 BYTE,,</ownDataTypeParameters>
<autoIncrementCycle>false</autoIncrementCycle>
</Column>
<Column name="FECHA_REGISTRO" id="74433FD9-C86A-4F08-7D68-4004F7D64327">
<sourceConnName>PRFINALBD2020</sourceConnName>
<sourceObjSchema>DIAGNOSTICO</sourceObjSchema>
<sourceObjName>FECHA_REGISTRO</sourceObjName>
<createdBy>mario</createdBy>
<createdTime>2020-11-05 18:06:14 UTC</createdTime>
<ownerDesignName>Diagrama</ownerDesignName>
<nullsAllowed>true</nullsAllowed>
<useDomainConstraints>false</useDomainConstraints>
<use>1</use>
<logicalDatatype>LOGDT007</logicalDatatype>
<dataTypeSize>7</dataTypeSize>
<ownDataTypeParameters>7,,</ownDataTypeParameters>
<autoIncrementCycle>false</autoIncrementCycle>
</Column>
<Column name="ID_ENFERMEDAD" id="CB36B28D-B65A-F162-3F8D-49A7385CDEBD">
<sourceConnName>PRFINALBD2020</sourceConnName>
<sourceObjSchema>DIAGNOSTICO</sourceObjSchema>
<sourceObjName>ID_ENFERMEDAD</sourceObjName>
<createdBy>mario</createdBy>
<createdTime>2020-11-05 18:06:14 UTC</createdTime>
<ownerDesignName>Diagrama</ownerDesignName>
<useDomainConstraints>false</useDomainConstraints>
<use>1</use>
<logicalDatatype>LOGDT019</logicalDatatype>
<dataTypePrecision>*</dataTypePrecision>
<dataTypeScale>0</dataTypeScale>
<ownDataTypeParameters>,*,0</ownDataTypeParameters>
<autoIncrementCycle>false</autoIncrementCycle>
<associations>
<colAssociation fkAssociation="7BB01BC5-89E1-7400-B63C-2F8C0A898B46" referredColumn="3C9C4858-9097-2407-A665-68CDF29FCB35"/>
</associations>
</Column>
</columns>
<indexes itemClass="oracle.dbtools.crest.model.design.relational.Index">
<ind_PK_UK id="AD8119E7-5CF6-185F-A983-325579907C25" name="DIAGNOSTICO_PK">
<sourceConnName>PRFINALBD2020</sourceConnName>
<sourceObjSchema>MARIO</sourceObjSchema>
<sourceObjName>DIAGNOSTICO_PK</sourceObjName>
<createdBy>mario</createdBy>
<createdTime>2020-11-05 18:06:14 UTC</createdTime>
<ownerDesignName>Diagrama</ownerDesignName>
<pk>true</pk>
<indexState>Primary Constraint</indexState>
<isSurrogateKey>false</isSurrogateKey>
<indexColumnUsage>
<colUsage columnID="51558941-43AB-788D-7B97-A82427461824"/>
</indexColumnUsage>
</ind_PK_UK>
<ind_PK_UK id="7F609EE4-3AB0-FB65-68C6-0B746919F529" schemaObject="F64E1D9B-7E6B-CABF-605F-B7EAC2DFD0C0" name="DIAGNOSTICO_PK">
<sourceConnName>PRFINALBD2020</sourceConnName>
<sourceObjSchema>MARIO</sourceObjSchema>
<sourceObjName>DIAGNOSTICO_PK</sourceObjName>
<createdBy>mario</createdBy>
<createdTime>2020-11-05 18:06:14 UTC</createdTime>
<ownerDesignName>Diagrama</ownerDesignName>
<indexState>Unique Plain Index</indexState>
<isSurrogateKey>false</isSurrogateKey>
<indexColumnUsage>
<colUsage columnID="51558941-43AB-788D-7B97-A82427461824"/>
</indexColumnUsage>
</ind_PK_UK>
<ind_PK_UK id="1AB6E948-3F58-5DAA-0E50-DA9A239CEC55" name="DIAGNOSTICOEHISTCLINC">
<createdBy>mario</createdBy>
<createdTime>2020-11-05 18:06:14 UTC</createdTime>
<ownerDesignName>Diagrama</ownerDesignName>
<indexState>Foreign Key</indexState>
<isSurrogateKey>false</isSurrogateKey>
<indexColumnUsage>
<colUsage columnID="8FD2BCA9-3F9B-0F61-7E8E-2D0B8888DB32"/>
</indexColumnUsage>
</ind_PK_UK>
<ind_PK_UK id="1EAC5890-DBD5-4178-66A0-6D27DE1A0741" name="DIAGNOSTICO_ENFERMEDAD_FK">
<createdBy>mario</createdBy>
<createdTime>2020-11-05 18:06:14 UTC</createdTime>
<ownerDesignName>Diagrama</ownerDesignName>
<indexState>Foreign Key</indexState>
<isSurrogateKey>false</isSurrogateKey>
<indexColumnUsage>
<colUsage columnID="CB36B28D-B65A-F162-3F8D-49A7385CDEBD"/>
</indexColumnUsage>
</ind_PK_UK>
<ind_PK_UK id="B8DC1C2C-D24B-8B4C-8FE4-D40FAC1779B9" name="DIAGNOSTICO_PERSONA_FK">
<createdBy>mario</createdBy>
<createdTime>2020-11-05 18:06:14 UTC</createdTime>
<ownerDesignName>Diagrama</ownerDesignName>
<indexState>Foreign Key</indexState>
<isSurrogateKey>false</isSurrogateKey>
<indexColumnUsage>
<colUsage columnID="A3C8BC49-A46A-5774-3FB3-D78AF0541842"/>
</indexColumnUsage>
</ind_PK_UK>
</indexes>
</Table>