<?xml version = '1.0' encoding = 'UTF-8'?>
<Table class="oracle.dbtools.crest.model.design.relational.Table" directorySegmentName="seg_0" id="C29DBB12-2CE8-F609-D7F8-FAD689097182" schemaObject="F64E1D9B-7E6B-CABF-605F-B7EAC2DFD0C0" name="DIRECCION">
<sourceConnName>PRFINALBD2020</sourceConnName>
<sourceObjSchema>MARIO</sourceObjSchema>
<sourceObjName>DIRECCION</sourceObjName>
<createdBy>mario</createdBy>
<createdTime>2020-11-05 18:06:13 UTC</createdTime>
<ownerDesignName>Diagrama</ownerDesignName>
<allowColumnReorder>false</allowColumnReorder>
<existDependencyGenerateInDDl>true</existDependencyGenerateInDDl>
<parsed>true</parsed>
<columns itemClass="oracle.dbtools.crest.model.design.relational.Column">
<Column name="ID_DIRECCION" id="8B500365-0C5B-58B0-4886-54FCC8F374C6">
<sourceConnName>PRFINALBD2020</sourceConnName>
<sourceObjSchema>DIRECCION</sourceObjSchema>
<sourceObjName>ID_DIRECCION</sourceObjName>
<createdBy>mario</createdBy>
<createdTime>2020-11-05 18:06:14 UTC</createdTime>
<ownerDesignName>Diagrama</ownerDesignName>
<useDomainConstraints>false</useDomainConstraints>
<use>1</use>
<logicalDatatype>LOGDT019</logicalDatatype>
<dataTypePrecision>*</dataTypePrecision>
<dataTypeScale>0</dataTypeScale>
<ownDataTypeParameters>,*,0</ownDataTypeParameters>
<autoIncrementCycle>false</autoIncrementCycle>
</Column>
<Column name="ID_ZONA" id="8431346C-A2F2-96E8-252E-BBA24F4A3440">
<sourceConnName>PRFINALBD2020</sourceConnName>
<sourceObjSchema>DIRECCION</sourceObjSchema>
<sourceObjName>ID_ZONA</sourceObjName>
<createdBy>mario</createdBy>
<createdTime>2020-11-05 18:06:14 UTC</createdTime>
<ownerDesignName>Diagrama</ownerDesignName>
<useDomainConstraints>false</useDomainConstraints>
<use>1</use>
<logicalDatatype>LOGDT019</logicalDatatype>
<dataTypePrecision>*</dataTypePrecision>
<dataTypeScale>0</dataTypeScale>
<ownDataTypeParameters>,*,0</ownDataTypeParameters>
<autoIncrementCycle>false</autoIncrementCycle>
<associations>
<colAssociation fkAssociation="0EFA9FE0-7E79-1F6E-F076-75F8D49040A3" referredColumn="8970AC77-80B3-694B-C3BA-E52F9E0BDA1A"/>
</associations>
</Column>
<Column name="ID_MUNICIPIO" id="1234B465-BC53-DCA5-B0BE-7CBD5D35274A">
<sourceConnName>PRFINALBD2020</sourceConnName>
<sourceObjSchema>DIRECCION</sourceObjSchema>
<sourceObjName>ID_MUNICIPIO</sourceObjName>
<createdBy>mario</createdBy>
<createdTime>2020-11-05 18:06:14 UTC</createdTime>
<ownerDesignName>Diagrama</ownerDesignName>
<useDomainConstraints>false</useDomainConstraints>
<use>1</use>
<logicalDatatype>LOGDT019</logicalDatatype>
<dataTypePrecision>*</dataTypePrecision>
<dataTypeScale>0</dataTypeScale>
<ownDataTypeParameters>,*,0</ownDataTypeParameters>
<autoIncrementCycle>false</autoIncrementCycle>
<associations>
<colAssociation fkAssociation="D0C278B8-E132-3B0D-88FE-2459B37DDEAA" referredColumn="5D6BDF7D-55CD-6589-9634-736DC08BB119"/>
</associations>
</Column>
<Column name="ID_COLONIA" id="E5C90A48-53C0-C9DE-16B5-1B58E265FBC8">
<sourceConnName>PRFINALBD2020</sourceConnName>
<sourceObjSchema>DIRECCION</sourceObjSchema>
<sourceObjName>ID_COLONIA</sourceObjName>
<createdBy>mario</createdBy>
<createdTime>2020-11-05 18:06:14 UTC</createdTime>
<ownerDesignName>Diagrama</ownerDesignName>
<useDomainConstraints>false</useDomainConstraints>
<use>1</use>
<logicalDatatype>LOGDT019</logicalDatatype>
<dataTypePrecision>*</dataTypePrecision>
<dataTypeScale>0</dataTypeScale>
<ownDataTypeParameters>,*,0</ownDataTypeParameters>
<autoIncrementCycle>false</autoIncrementCycle>
<associations>
<colAssociation fkAssociation="B3AC9361-325C-A195-AE9C-5DF02F5EBD6C" referredColumn="32712FD8-F850-F77C-0C11-B76ACA405064"/>
</associations>
</Column>
<Column name="CALLE_AVENIDA" id="B65DDB05-013A-4745-584E-912967C39372">
<sourceConnName>PRFINALBD2020</sourceConnName>
<sourceObjSchema>DIRECCION</sourceObjSchema>
<sourceObjName>CALLE_AVENIDA</sourceObjName>
<createdBy>mario</createdBy>
<createdTime>2020-11-05 18:06:14 UTC</createdTime>
<ownerDesignName>Diagrama</ownerDesignName>
<nullsAllowed>true</nullsAllowed>
<useDomainConstraints>false</useDomainConstraints>
<use>1</use>
<logicalDatatype>LOGDT024</logicalDatatype>
<dataTypeSize>200 BYTE</dataTypeSize>
<ownDataTypeParameters>200 BYTE,,</ownDataTypeParameters>
<autoIncrementCycle>false</autoIncrementCycle>
</Column>
<Column name="NUMERO" id="1317935E-EE4F-AB28-3C7A-4F174B2CF0D8">
<sourceConnName>PRFINALBD2020</sourceConnName>
<sourceObjSchema>DIRECCION</sourceObjSchema>
<sourceObjName>NUMERO</sourceObjName>
<createdBy>mario</createdBy>
<createdTime>2020-11-05 18:06:14 UTC</createdTime>
<ownerDesignName>Diagrama</ownerDesignName>
<nullsAllowed>true</nullsAllowed>
<useDomainConstraints>false</useDomainConstraints>
<use>1</use>
<logicalDatatype>LOGDT024</logicalDatatype>
<dataTypeSize>50 BYTE</dataTypeSize>
<ownDataTypeParameters>50 BYTE,,</ownDataTypeParameters>
<autoIncrementCycle>false</autoIncrementCycle>
</Column>
<Column name="EDIFICIO" id="E38B8F2B-DF25-DD5D-ABDA-507134FA17DF">
<sourceConnName>PRFINALBD2020</sourceConnName>
<sourceObjSchema>DIRECCION</sourceObjSchema>
<sourceObjName>EDIFICIO</sourceObjName>
<createdBy>mario</createdBy>
<createdTime>2020-11-05 18:06:14 UTC</createdTime>
<ownerDesignName>Diagrama</ownerDesignName>
<nullsAllowed>true</nullsAllowed>
<useDomainConstraints>false</useDomainConstraints>
<use>1</use>
<logicalDatatype>LOGDT024</logicalDatatype>
<dataTypeSize>200 BYTE</dataTypeSize>
<ownDataTypeParameters>200 BYTE,,</ownDataTypeParameters>
<autoIncrementCycle>false</autoIncrementCycle>
</Column>
</columns>
<indexes itemClass="oracle.dbtools.crest.model.design.relational.Index">
<ind_PK_UK id="B0EE7E14-E5C2-B451-19EE-122A12AE84FE" name="DIRECCION_PK">
<sourceConnName>PRFINALBD2020</sourceConnName>
<sourceObjSchema>MARIO</sourceObjSchema>
<sourceObjName>DIRECCION_PK</sourceObjName>
<createdBy>mario</createdBy>
<createdTime>2020-11-05 18:06:14 UTC</createdTime>
<ownerDesignName>Diagrama</ownerDesignName>
<pk>true</pk>
<indexState>Primary Constraint</indexState>
<isSurrogateKey>false</isSurrogateKey>
<indexColumnUsage>
<colUsage columnID="8B500365-0C5B-58B0-4886-54FCC8F374C6"/>
</indexColumnUsage>
</ind_PK_UK>
<ind_PK_UK id="D24DDF7E-C42A-7F1D-1AF6-5BF88B4E10D6" schemaObject="F64E1D9B-7E6B-CABF-605F-B7EAC2DFD0C0" name="DIRECCION_PK">
<sourceConnName>PRFINALBD2020</sourceConnName>
<sourceObjSchema>MARIO</sourceObjSchema>
<sourceObjName>DIRECCION_PK</sourceObjName>
<createdBy>mario</createdBy>
<createdTime>2020-11-05 18:06:14 UTC</createdTime>
<ownerDesignName>Diagrama</ownerDesignName>
<indexState>Unique Plain Index</indexState>
<isSurrogateKey>false</isSurrogateKey>
<indexColumnUsage>
<colUsage columnID="8B500365-0C5B-58B0-4886-54FCC8F374C6"/>
</indexColumnUsage>
</ind_PK_UK>
<ind_PK_UK id="57336F35-4B2F-B0FE-1212-0181B9D0BAF9" name="DIRECCION_COLONIA_FK">
<createdBy>mario</createdBy>
<createdTime>2020-11-05 18:06:14 UTC</createdTime>
<ownerDesignName>Diagrama</ownerDesignName>
<indexState>Foreign Key</indexState>
<isSurrogateKey>false</isSurrogateKey>
<indexColumnUsage>
<colUsage columnID="E5C90A48-53C0-C9DE-16B5-1B58E265FBC8"/>
</indexColumnUsage>
</ind_PK_UK>
<ind_PK_UK id="9FC20A1D-F234-32F1-1E53-742AEC21013E" name="DIRECCION_MUNICIPIOS_FK">
<createdBy>mario</createdBy>
<createdTime>2020-11-05 18:06:14 UTC</createdTime>
<ownerDesignName>Diagrama</ownerDesignName>
<indexState>Foreign Key</indexState>
<isSurrogateKey>false</isSurrogateKey>
<indexColumnUsage>
<colUsage columnID="1234B465-BC53-DCA5-B0BE-7CBD5D35274A"/>
</indexColumnUsage>
</ind_PK_UK>
<ind_PK_UK id="695E5C5D-B8C7-BD81-7B6C-04B2931A06A2" name="DIRECCION_ZONAS_FK">
<createdBy>mario</createdBy>
<createdTime>2020-11-05 18:06:14 UTC</createdTime>
<ownerDesignName>Diagrama</ownerDesignName>
<indexState>Foreign Key</indexState>
<isSurrogateKey>false</isSurrogateKey>
<indexColumnUsage>
<colUsage columnID="8431346C-A2F2-96E8-252E-BBA24F4A3440"/>
</indexColumnUsage>
</ind_PK_UK>
</indexes>
</Table>