<?xml version = '1.0' encoding = 'UTF-8'?>
<Table class="oracle.dbtools.crest.model.design.relational.Table" directorySegmentName="seg_0" id="C8D089D9-2517-D749-2592-C7B57FE13656" schemaObject="F64E1D9B-7E6B-CABF-605F-B7EAC2DFD0C0" name="MOVIMIENTOS_HISTORIAL">
<sourceConnName>PRFINALBD2020</sourceConnName>
<sourceObjSchema>MARIO</sourceObjSchema>
<sourceObjName>MOVIMIENTOS_HISTORIAL</sourceObjName>
<createdBy>mario</createdBy>
<createdTime>2020-11-05 18:06:13 UTC</createdTime>
<ownerDesignName>Diagrama</ownerDesignName>
<allowColumnReorder>false</allowColumnReorder>
<existDependencyGenerateInDDl>true</existDependencyGenerateInDDl>
<parsed>true</parsed>
<columns itemClass="oracle.dbtools.crest.model.design.relational.Column">
<Column name="ID_MOVIMIENTO_HISTORIAL" id="BCF87B04-A8AD-EC9C-EED0-A3C7EE30EC96">
<sourceConnName>PRFINALBD2020</sourceConnName>
<sourceObjSchema>MOVIMIENTOS_HISTORIAL</sourceObjSchema>
<sourceObjName>ID_MOVIMIENTO_HISTORIAL</sourceObjName>
<createdBy>mario</createdBy>
<createdTime>2020-11-05 18:06:14 UTC</createdTime>
<ownerDesignName>Diagrama</ownerDesignName>
<useDomainConstraints>false</useDomainConstraints>
<use>1</use>
<logicalDatatype>LOGDT019</logicalDatatype>
<dataTypePrecision>*</dataTypePrecision>
<dataTypeScale>0</dataTypeScale>
<ownDataTypeParameters>,*,0</ownDataTypeParameters>
<autoIncrementCycle>false</autoIncrementCycle>
</Column>
<Column name="ID_ENFERMEDAD" id="2B05A208-C044-BA06-6856-AE5E8521AC9F">
<sourceConnName>PRFINALBD2020</sourceConnName>
<sourceObjSchema>MOVIMIENTOS_HISTORIAL</sourceObjSchema>
<sourceObjName>ID_ENFERMEDAD</sourceObjName>
<createdBy>mario</createdBy>
<createdTime>2020-11-05 18:06:14 UTC</createdTime>
<ownerDesignName>Diagrama</ownerDesignName>
<useDomainConstraints>false</useDomainConstraints>
<use>1</use>
<logicalDatatype>LOGDT019</logicalDatatype>
<dataTypePrecision>*</dataTypePrecision>
<dataTypeScale>0</dataTypeScale>
<ownDataTypeParameters>,*,0</ownDataTypeParameters>
<autoIncrementCycle>false</autoIncrementCycle>
<associations>
<colAssociation fkAssociation="B79CBBD4-8051-5BA7-0032-6C9D25A6FF65" referredColumn="3C9C4858-9097-2407-A665-68CDF29FCB35"/>
</associations>
</Column>
<Column name="ID_EXAMEN" id="0612DB24-E96D-D874-D63F-72C69EBEBBBD">
<sourceConnName>PRFINALBD2020</sourceConnName>
<sourceObjSchema>MOVIMIENTOS_HISTORIAL</sourceObjSchema>
<sourceObjName>ID_EXAMEN</sourceObjName>
<createdBy>mario</createdBy>
<createdTime>2020-11-05 18:06:14 UTC</createdTime>
<ownerDesignName>Diagrama</ownerDesignName>
<useDomainConstraints>false</useDomainConstraints>
<use>1</use>
<logicalDatatype>LOGDT019</logicalDatatype>
<dataTypePrecision>*</dataTypePrecision>
<dataTypeScale>0</dataTypeScale>
<ownDataTypeParameters>,*,0</ownDataTypeParameters>
<autoIncrementCycle>false</autoIncrementCycle>
<associations>
<colAssociation fkAssociation="18A8453F-D8FE-A635-B3A3-57E3C2134F78" referredColumn="9A065E08-96F3-FF31-9AA5-6D1D3C7DD769"/>
</associations>
</Column>
<Column name="ID_SUSPENCION" id="DF7DDBC6-9980-9ACE-F970-3E87D72B8DAF">
<sourceConnName>PRFINALBD2020</sourceConnName>
<sourceObjSchema>MOVIMIENTOS_HISTORIAL</sourceObjSchema>
<sourceObjName>ID_SUSPENCION</sourceObjName>
<createdBy>mario</createdBy>
<createdTime>2020-11-05 18:06:14 UTC</createdTime>
<ownerDesignName>Diagrama</ownerDesignName>
<nullsAllowed>true</nullsAllowed>
<useDomainConstraints>false</useDomainConstraints>
<use>1</use>
<logicalDatatype>LOGDT019</logicalDatatype>
<dataTypePrecision>*</dataTypePrecision>
<dataTypeScale>0</dataTypeScale>
<ownDataTypeParameters>,*,0</ownDataTypeParameters>
<autoIncrementCycle>false</autoIncrementCycle>
</Column>
<Column name="FALLECIMIENTO" id="8FD30E18-2659-82CC-F50E-C160E1A1BA40">
<sourceConnName>PRFINALBD2020</sourceConnName>
<sourceObjSchema>MOVIMIENTOS_HISTORIAL</sourceObjSchema>
<sourceObjName>FALLECIMIENTO</sourceObjName>
<createdBy>mario</createdBy>
<createdTime>2020-11-05 18:06:14 UTC</createdTime>
<ownerDesignName>Diagrama</ownerDesignName>
<nullsAllowed>true</nullsAllowed>
<useDomainConstraints>false</useDomainConstraints>
<use>1</use>
<logicalDatatype>LOGDT024</logicalDatatype>
<dataTypeSize>50 BYTE</dataTypeSize>
<ownDataTypeParameters>50 BYTE,,</ownDataTypeParameters>
<autoIncrementCycle>false</autoIncrementCycle>
</Column>
<Column name="ALTAS" id="CBAED776-D56E-E76F-FEC0-54AE44646122">
<sourceConnName>PRFINALBD2020</sourceConnName>
<sourceObjSchema>MOVIMIENTOS_HISTORIAL</sourceObjSchema>
<sourceObjName>ALTAS</sourceObjName>
<createdBy>mario</createdBy>
<createdTime>2020-11-05 18:06:14 UTC</createdTime>
<ownerDesignName>Diagrama</ownerDesignName>
<nullsAllowed>true</nullsAllowed>
<useDomainConstraints>false</useDomainConstraints>
<use>1</use>
<logicalDatatype>LOGDT024</logicalDatatype>
<dataTypeSize>50 BYTE</dataTypeSize>
<ownDataTypeParameters>50 BYTE,,</ownDataTypeParameters>
<autoIncrementCycle>false</autoIncrementCycle>
</Column>
<Column name="USUARIO_REGISTRO" id="CB0310D9-F553-E507-1C52-F373E990EEED">
<sourceConnName>PRFINALBD2020</sourceConnName>
<sourceObjSchema>MOVIMIENTOS_HISTORIAL</sourceObjSchema>
<sourceObjName>USUARIO_REGISTRO</sourceObjName>
<createdBy>mario</createdBy>
<createdTime>2020-11-05 18:06:14 UTC</createdTime>
<ownerDesignName>Diagrama</ownerDesignName>
<nullsAllowed>true</nullsAllowed>
<useDomainConstraints>false</useDomainConstraints>
<use>1</use>
<logicalDatatype>LOGDT024</logicalDatatype>
<dataTypeSize>25 BYTE</dataTypeSize>
<ownDataTypeParameters>25 BYTE,,</ownDataTypeParameters>
<autoIncrementCycle>false</autoIncrementCycle>
</Column>
<Column name="FECHA_REGISTRO" id="D1178F18-BB67-FC97-AD81-499E7359AC40">
<sourceConnName>PRFINALBD2020</sourceConnName>
<sourceObjSchema>MOVIMIENTOS_HISTORIAL</sourceObjSchema>
<sourceObjName>FECHA_REGISTRO</sourceObjName>
<createdBy>mario</createdBy>
<createdTime>2020-11-05 18:06:14 UTC</createdTime>
<ownerDesignName>Diagrama</ownerDesignName>
<nullsAllowed>true</nullsAllowed>
<useDomainConstraints>false</useDomainConstraints>
<use>1</use>
<logicalDatatype>LOGDT007</logicalDatatype>
<dataTypeSize>7</dataTypeSize>
<ownDataTypeParameters>7,,</ownDataTypeParameters>
<autoIncrementCycle>false</autoIncrementCycle>
</Column>
</columns>
<indexes itemClass="oracle.dbtools.crest.model.design.relational.Index">
<ind_PK_UK id="1ED50F6D-100A-4368-AD07-23E5925336BB" name="MOVIMIENTOS_HISTORIAL_PK">
<sourceConnName>PRFINALBD2020</sourceConnName>
<sourceObjSchema>MARIO</sourceObjSchema>
<sourceObjName>MOVIMIENTOS_HISTORIAL_PK</sourceObjName>
<createdBy>mario</createdBy>
<createdTime>2020-11-05 18:06:14 UTC</createdTime>
<ownerDesignName>Diagrama</ownerDesignName>
<pk>true</pk>
<indexState>Primary Constraint</indexState>
<isSurrogateKey>false</isSurrogateKey>
<indexColumnUsage>
<colUsage columnID="BCF87B04-A8AD-EC9C-EED0-A3C7EE30EC96"/>
</indexColumnUsage>
</ind_PK_UK>
<ind_PK_UK id="FC1111B7-ED34-E857-6681-9E85A8A5EDB5" schemaObject="F64E1D9B-7E6B-CABF-605F-B7EAC2DFD0C0" name="MOVIMIENTOS_HISTORIAL_PK">
<sourceConnName>PRFINALBD2020</sourceConnName>
<sourceObjSchema>MARIO</sourceObjSchema>
<sourceObjName>MOVIMIENTOS_HISTORIAL_PK</sourceObjName>
<createdBy>mario</createdBy>
<createdTime>2020-11-05 18:06:14 UTC</createdTime>
<ownerDesignName>Diagrama</ownerDesignName>
<indexState>Unique Plain Index</indexState>
<isSurrogateKey>false</isSurrogateKey>
<indexColumnUsage>
<colUsage columnID="BCF87B04-A8AD-EC9C-EED0-A3C7EE30EC96"/>
</indexColumnUsage>
</ind_PK_UK>
<ind_PK_UK id="DD306006-518A-62DF-0852-D9DF2EA387DE" name="HISTORIAL_ENFER">
<createdBy>mario</createdBy>
<createdTime>2020-11-05 18:06:14 UTC</createdTime>
<ownerDesignName>Diagrama</ownerDesignName>
<indexState>Foreign Key</indexState>
<isSurrogateKey>false</isSurrogateKey>
<indexColumnUsage>
<colUsage columnID="2B05A208-C044-BA06-6856-AE5E8521AC9F"/>
</indexColumnUsage>
</ind_PK_UK>
<ind_PK_UK id="D19CEB83-7260-B1BC-515F-3C334B443DE1" name="MOVIMIENTO_EXAMENES">
<createdBy>mario</createdBy>
<createdTime>2020-11-05 18:06:14 UTC</createdTime>
<ownerDesignName>Diagrama</ownerDesignName>
<indexState>Foreign Key</indexState>
<isSurrogateKey>false</isSurrogateKey>
<indexColumnUsage>
<colUsage columnID="0612DB24-E96D-D874-D63F-72C69EBEBBBD"/>
</indexColumnUsage>
</ind_PK_UK>
</indexes>
</Table>