<?xml version = '1.0' encoding = 'UTF-8'?>
<Table class="oracle.dbtools.crest.model.design.relational.Table" directorySegmentName="seg_0" id="CB0E63FD-C463-94CC-A7D6-78952ED03273" schemaObject="F64E1D9B-7E6B-CABF-605F-B7EAC2DFD0C0" name="PRODUCTO_FARMACIA">
<sourceConnName>PRFINALBD2020</sourceConnName>
<sourceObjSchema>MARIO</sourceObjSchema>
<sourceObjName>PRODUCTO_FARMACIA</sourceObjName>
<createdBy>mario</createdBy>
<createdTime>2020-11-05 18:06:13 UTC</createdTime>
<ownerDesignName>Diagrama</ownerDesignName>
<allowColumnReorder>false</allowColumnReorder>
<existDependencyGenerateInDDl>true</existDependencyGenerateInDDl>
<parsed>true</parsed>
<columns itemClass="oracle.dbtools.crest.model.design.relational.Column">
<Column name="ID_FARMACIA" id="9D215349-8E4C-CC59-C46A-4E8C0950DE74">
<sourceConnName>PRFINALBD2020</sourceConnName>
<sourceObjSchema>PRODUCTO_FARMACIA</sourceObjSchema>
<sourceObjName>ID_FARMACIA</sourceObjName>
<createdBy>mario</createdBy>
<createdTime>2020-11-05 18:06:14 UTC</createdTime>
<ownerDesignName>Diagrama</ownerDesignName>
<useDomainConstraints>false</useDomainConstraints>
<use>1</use>
<logicalDatatype>LOGDT019</logicalDatatype>
<dataTypePrecision>*</dataTypePrecision>
<dataTypeScale>0</dataTypeScale>
<ownDataTypeParameters>,*,0</ownDataTypeParameters>
<autoIncrementCycle>false</autoIncrementCycle>
<associations>
<colAssociation fkAssociation="50943A00-16A7-A2C4-7058-363158A5D696" referredColumn="78EB65E4-8B98-F729-9538-26C2494745E3"/>
</associations>
</Column>
<Column name="ID_INSUMO" id="5B1419EB-1C08-BD05-9FD7-019F4C6DB1D5">
<sourceConnName>PRFINALBD2020</sourceConnName>
<sourceObjSchema>PRODUCTO_FARMACIA</sourceObjSchema>
<sourceObjName>ID_INSUMO</sourceObjName>
<createdBy>mario</createdBy>
<createdTime>2020-11-05 18:06:14 UTC</createdTime>
<ownerDesignName>Diagrama</ownerDesignName>
<useDomainConstraints>false</useDomainConstraints>
<use>1</use>
<logicalDatatype>LOGDT019</logicalDatatype>
<dataTypePrecision>*</dataTypePrecision>
<dataTypeScale>0</dataTypeScale>
<ownDataTypeParameters>,*,0</ownDataTypeParameters>
<autoIncrementCycle>false</autoIncrementCycle>
<associations>
<colAssociation fkAssociation="9F9CFA39-5667-73F2-C3C9-304E2C3B22C3" referredColumn="8889FFF4-C504-18C3-2155-E41B76785EBE"/>
</associations>
</Column>
<Column name="CANTIDAD" id="56C4085A-089D-F4AE-CCF2-0B29A3776F91">
<sourceConnName>PRFINALBD2020</sourceConnName>
<sourceObjSchema>PRODUCTO_FARMACIA</sourceObjSchema>
<sourceObjName>CANTIDAD</sourceObjName>
<createdBy>mario</createdBy>
<createdTime>2020-11-05 18:06:14 UTC</createdTime>
<ownerDesignName>Diagrama</ownerDesignName>
<nullsAllowed>true</nullsAllowed>
<useDomainConstraints>false</useDomainConstraints>
<use>1</use>
<logicalDatatype>LOGDT019</logicalDatatype>
<dataTypePrecision>4</dataTypePrecision>
<dataTypeScale>0</dataTypeScale>
<ownDataTypeParameters>,4,0</ownDataTypeParameters>
<autoIncrementCycle>false</autoIncrementCycle>
</Column>
</columns>
<indexes itemClass="oracle.dbtools.crest.model.design.relational.Index">
<ind_PK_UK id="64B397A7-A63B-0592-C1CC-020DA798E801" name="FARMACIA_FARMACIAS_FK">
<createdBy>mario</createdBy>
<createdTime>2020-11-05 18:06:14 UTC</createdTime>
<ownerDesignName>Diagrama</ownerDesignName>
<indexState>Foreign Key</indexState>
<isSurrogateKey>false</isSurrogateKey>
<indexColumnUsage>
<colUsage columnID="9D215349-8E4C-CC59-C46A-4E8C0950DE74"/>
</indexColumnUsage>
</ind_PK_UK>
<ind_PK_UK id="175ABE0F-BB30-76AD-3B59-E930A8EC450A" name="FARMACIA_INSUMO_FK">
<createdBy>mario</createdBy>
<createdTime>2020-11-05 18:06:14 UTC</createdTime>
<ownerDesignName>Diagrama</ownerDesignName>
<indexState>Foreign Key</indexState>
<isSurrogateKey>false</isSurrogateKey>
<indexColumnUsage>
<colUsage columnID="5B1419EB-1C08-BD05-9FD7-019F4C6DB1D5"/>
</indexColumnUsage>
</ind_PK_UK>
</indexes>
</Table>