<?xml version = '1.0' encoding = 'UTF-8'?>
<Table class="oracle.dbtools.crest.model.design.relational.Table" directorySegmentName="seg_0" id="CF1F1E31-2D6E-733F-5A5B-529E608D7A8D" schemaObject="F64E1D9B-7E6B-CABF-605F-B7EAC2DFD0C0" name="DEPARTAMENTO">
<sourceConnName>PRFINALBD2020</sourceConnName>
<sourceObjSchema>MARIO</sourceObjSchema>
<sourceObjName>DEPARTAMENTO</sourceObjName>
<createdBy>mario</createdBy>
<createdTime>2020-11-05 18:06:13 UTC</createdTime>
<ownerDesignName>Diagrama</ownerDesignName>
<allowColumnReorder>false</allowColumnReorder>
<existDependencyGenerateInDDl>true</existDependencyGenerateInDDl>
<parsed>true</parsed>
<columns itemClass="oracle.dbtools.crest.model.design.relational.Column">
<Column name="ID_DEPARTAMENTO" id="3F0D9E54-9037-F547-5EDE-6F4A640849F9">
<sourceConnName>PRFINALBD2020</sourceConnName>
<sourceObjSchema>DEPARTAMENTO</sourceObjSchema>
<sourceObjName>ID_DEPARTAMENTO</sourceObjName>
<createdBy>mario</createdBy>
<createdTime>2020-11-05 18:06:14 UTC</createdTime>
<ownerDesignName>Diagrama</ownerDesignName>
<useDomainConstraints>false</useDomainConstraints>
<use>1</use>
<logicalDatatype>LOGDT019</logicalDatatype>
<dataTypePrecision>*</dataTypePrecision>
<dataTypeScale>0</dataTypeScale>
<ownDataTypeParameters>,*,0</ownDataTypeParameters>
<autoIncrementCycle>false</autoIncrementCycle>
</Column>
<Column name="ID_PAIS" id="2D52E767-8B87-A7DF-C716-CA11F952E523">
<sourceConnName>PRFINALBD2020</sourceConnName>
<sourceObjSchema>DEPARTAMENTO</sourceObjSchema>
<sourceObjName>ID_PAIS</sourceObjName>
<createdBy>mario</createdBy>
<createdTime>2020-11-05 18:06:14 UTC</createdTime>
<ownerDesignName>Diagrama</ownerDesignName>
<useDomainConstraints>false</useDomainConstraints>
<use>1</use>
<logicalDatatype>LOGDT019</logicalDatatype>
<dataTypePrecision>*</dataTypePrecision>
<dataTypeScale>0</dataTypeScale>
<ownDataTypeParameters>,*,0</ownDataTypeParameters>
<autoIncrementCycle>false</autoIncrementCycle>
<associations>
<colAssociation fkAssociation="F6F351C5-ECB2-5314-3CA7-BAAC1FB422C9" referredColumn="28600BDB-12EE-9853-F94B-BE6251E8EA94"/>
</associations>
</Column>
<Column name="DEPARTAMENTO" id="FFA3459A-4559-74A1-1BBE-75108189B1D4">
<sourceConnName>PRFINALBD2020</sourceConnName>
<sourceObjSchema>DEPARTAMENTO</sourceObjSchema>
<sourceObjName>DEPARTAMENTO</sourceObjName>
<createdBy>mario</createdBy>
<createdTime>2020-11-05 18:06:14 UTC</createdTime>
<ownerDesignName>Diagrama</ownerDesignName>
<nullsAllowed>true</nullsAllowed>
<useDomainConstraints>false</useDomainConstraints>
<use>1</use>
<logicalDatatype>LOGDT024</logicalDatatype>
<dataTypeSize>50 BYTE</dataTypeSize>
<ownDataTypeParameters>50 BYTE,,</ownDataTypeParameters>
<autoIncrementCycle>false</autoIncrementCycle>
</Column>
<Column name="FECHA_REGISTRO" id="1DF89ED0-7F0E-47C3-17F9-38C1708C77A3">
<sourceConnName>PRFINALBD2020</sourceConnName>
<sourceObjSchema>DEPARTAMENTO</sourceObjSchema>
<sourceObjName>FECHA_REGISTRO</sourceObjName>
<createdBy>mario</createdBy>
<createdTime>2020-11-05 18:06:14 UTC</createdTime>
<ownerDesignName>Diagrama</ownerDesignName>
<nullsAllowed>true</nullsAllowed>
<useDomainConstraints>false</useDomainConstraints>
<use>1</use>
<logicalDatatype>LOGDT007</logicalDatatype>
<dataTypeSize>7</dataTypeSize>
<ownDataTypeParameters>7,,</ownDataTypeParameters>
<autoIncrementCycle>false</autoIncrementCycle>
</Column>
</columns>
<indexes itemClass="oracle.dbtools.crest.model.design.relational.Index">
<ind_PK_UK id="CBFCCE93-CBE0-43EF-462B-AF0E087FA93A" name="DEPARTAMENTO_PK">
<sourceConnName>PRFINALBD2020</sourceConnName>
<sourceObjSchema>MARIO</sourceObjSchema>
<sourceObjName>DEPARTAMENTO_PK</sourceObjName>
<createdBy>mario</createdBy>
<createdTime>2020-11-05 18:06:14 UTC</createdTime>
<ownerDesignName>Diagrama</ownerDesignName>
<pk>true</pk>
<indexState>Primary Constraint</indexState>
<isSurrogateKey>false</isSurrogateKey>
<indexColumnUsage>
<colUsage columnID="3F0D9E54-9037-F547-5EDE-6F4A640849F9"/>
</indexColumnUsage>
</ind_PK_UK>
<ind_PK_UK id="86F4BBA1-3DDA-896C-F734-365C7B21C231" schemaObject="F64E1D9B-7E6B-CABF-605F-B7EAC2DFD0C0" name="DEPARTAMENTO_PK">
<sourceConnName>PRFINALBD2020</sourceConnName>
<sourceObjSchema>MARIO</sourceObjSchema>
<sourceObjName>DEPARTAMENTO_PK</sourceObjName>
<createdBy>mario</createdBy>
<createdTime>2020-11-05 18:06:14 UTC</createdTime>
<ownerDesignName>Diagrama</ownerDesignName>
<indexState>Unique Plain Index</indexState>
<isSurrogateKey>false</isSurrogateKey>
<indexColumnUsage>
<colUsage columnID="3F0D9E54-9037-F547-5EDE-6F4A640849F9"/>
</indexColumnUsage>
</ind_PK_UK>
<ind_PK_UK id="A886BC4A-9A87-7242-803F-AD99F37D1CFC" name="DEPARTAMENTO_PAIS_FK">
<createdBy>mario</createdBy>
<createdTime>2020-11-05 18:06:14 UTC</createdTime>
<ownerDesignName>Diagrama</ownerDesignName>
<indexState>Foreign Key</indexState>
<isSurrogateKey>false</isSurrogateKey>
<indexColumnUsage>
<colUsage columnID="2D52E767-8B87-A7DF-C716-CA11F952E523"/>
</indexColumnUsage>
</ind_PK_UK>
</indexes>
</Table>