<?xml version = '1.0' encoding = 'UTF-8'?>
<Table class="oracle.dbtools.crest.model.design.relational.Table" directorySegmentName="seg_0" id="D3BE5B3A-EF88-5AD2-FD61-13CD4568A853" schemaObject="F64E1D9B-7E6B-CABF-605F-B7EAC2DFD0C0" name="TELEFONO_PERSONA">
<sourceConnName>PRFINALBD2020</sourceConnName>
<sourceObjSchema>MARIO</sourceObjSchema>
<sourceObjName>TELEFONO_PERSONA</sourceObjName>
<createdBy>mario</createdBy>
<createdTime>2020-11-05 18:06:14 UTC</createdTime>
<ownerDesignName>Diagrama</ownerDesignName>
<allowColumnReorder>false</allowColumnReorder>
<existDependencyGenerateInDDl>true</existDependencyGenerateInDDl>
<parsed>true</parsed>
<columns itemClass="oracle.dbtools.crest.model.design.relational.Column">
<Column name="ID_TELEFONO" id="5C0E92DB-7F50-4D6F-BCB4-1F8924AC7A0C">
<sourceConnName>PRFINALBD2020</sourceConnName>
<sourceObjSchema>TELEFONO_PERSONA</sourceObjSchema>
<sourceObjName>ID_TELEFONO</sourceObjName>
<createdBy>mario</createdBy>
<createdTime>2020-11-05 18:06:14 UTC</createdTime>
<ownerDesignName>Diagrama</ownerDesignName>
<useDomainConstraints>false</useDomainConstraints>
<use>1</use>
<logicalDatatype>LOGDT019</logicalDatatype>
<dataTypePrecision>*</dataTypePrecision>
<dataTypeScale>0</dataTypeScale>
<ownDataTypeParameters>,*,0</ownDataTypeParameters>
<autoIncrementCycle>false</autoIncrementCycle>
</Column>
<Column name="ID_PERSONA" id="3A8D8797-80F6-EAB7-8D61-F70517A6F420">
<sourceConnName>PRFINALBD2020</sourceConnName>
<sourceObjSchema>TELEFONO_PERSONA</sourceObjSchema>
<sourceObjName>ID_PERSONA</sourceObjName>
<createdBy>mario</createdBy>
<createdTime>2020-11-05 18:06:14 UTC</createdTime>
<ownerDesignName>Diagrama</ownerDesignName>
<useDomainConstraints>false</useDomainConstraints>
<use>1</use>
<logicalDatatype>LOGDT019</logicalDatatype>
<dataTypePrecision>*</dataTypePrecision>
<dataTypeScale>0</dataTypeScale>
<ownDataTypeParameters>,*,0</ownDataTypeParameters>
<autoIncrementCycle>false</autoIncrementCycle>
<associations>
<colAssociation fkAssociation="7287EE49-41D8-0561-25C5-92DC55C34A23" referredColumn="2874E60D-B59D-BC95-05B4-A4C7593031E2"/>
</associations>
</Column>
</columns>
<indexes itemClass="oracle.dbtools.crest.model.design.relational.Index">
<ind_PK_UK id="F5CCE62C-ABC1-AD63-B002-33927066E5FF" name="TELEFONO_PERSONA_PK">
<sourceConnName>PRFINALBD2020</sourceConnName>
<sourceObjSchema>MARIO</sourceObjSchema>
<sourceObjName>TELEFONO_PERSONA_PK</sourceObjName>
<createdBy>mario</createdBy>
<createdTime>2020-11-05 18:06:14 UTC</createdTime>
<ownerDesignName>Diagrama</ownerDesignName>
<pk>true</pk>
<indexState>Primary Constraint</indexState>
<isSurrogateKey>false</isSurrogateKey>
<indexColumnUsage>
<colUsage columnID="5C0E92DB-7F50-4D6F-BCB4-1F8924AC7A0C"/>
</indexColumnUsage>
</ind_PK_UK>
<ind_PK_UK id="423B1198-710E-F286-4EB8-423C3080EE97" schemaObject="F64E1D9B-7E6B-CABF-605F-B7EAC2DFD0C0" name="TELEFONO_PERSONA_PK">
<sourceConnName>PRFINALBD2020</sourceConnName>
<sourceObjSchema>MARIO</sourceObjSchema>
<sourceObjName>TELEFONO_PERSONA_PK</sourceObjName>
<createdBy>mario</createdBy>
<createdTime>2020-11-05 18:06:14 UTC</createdTime>
<ownerDesignName>Diagrama</ownerDesignName>
<indexState>Unique Plain Index</indexState>
<isSurrogateKey>false</isSurrogateKey>
<indexColumnUsage>
<colUsage columnID="5C0E92DB-7F50-4D6F-BCB4-1F8924AC7A0C"/>
</indexColumnUsage>
</ind_PK_UK>
<ind_PK_UK id="C01CEA7D-4093-C64F-8C1D-6A3B42B90A8A" name="TELEFONO_PERSONA_PERSONA_FK">
<createdBy>mario</createdBy>
<createdTime>2020-11-05 18:06:14 UTC</createdTime>
<ownerDesignName>Diagrama</ownerDesignName>
<indexState>Foreign Key</indexState>
<isSurrogateKey>false</isSurrogateKey>
<indexColumnUsage>
<colUsage columnID="3A8D8797-80F6-EAB7-8D61-F70517A6F420"/>
</indexColumnUsage>
</ind_PK_UK>
</indexes>
</Table>