<?xml version = '1.0' encoding = 'UTF-8'?>
<Table class="oracle.dbtools.crest.model.design.relational.Table" directorySegmentName="seg_0" id="D86C05D2-7DB9-0584-7C53-7BCC0D961BCE" schemaObject="F64E1D9B-7E6B-CABF-605F-B7EAC2DFD0C0" name="ENCARGADO_SEDE">
<sourceConnName>PRFINALBD2020</sourceConnName>
<sourceObjSchema>MARIO</sourceObjSchema>
<sourceObjName>ENCARGADO_SEDE</sourceObjName>
<createdBy>mario</createdBy>
<createdTime>2020-11-05 18:06:13 UTC</createdTime>
<ownerDesignName>Diagrama</ownerDesignName>
<allowColumnReorder>false</allowColumnReorder>
<existDependencyGenerateInDDl>true</existDependencyGenerateInDDl>
<parsed>true</parsed>
<columns itemClass="oracle.dbtools.crest.model.design.relational.Column">
<Column name="ID_PERSONA" id="228DD437-11AE-1EE6-7EAE-EC10CDA5EA45">
<sourceConnName>PRFINALBD2020</sourceConnName>
<sourceObjSchema>ENCARGADO_SEDE</sourceObjSchema>
<sourceObjName>ID_PERSONA</sourceObjName>
<createdBy>mario</createdBy>
<createdTime>2020-11-05 18:06:14 UTC</createdTime>
<ownerDesignName>Diagrama</ownerDesignName>
<useDomainConstraints>false</useDomainConstraints>
<use>1</use>
<logicalDatatype>LOGDT019</logicalDatatype>
<dataTypePrecision>*</dataTypePrecision>
<dataTypeScale>0</dataTypeScale>
<ownDataTypeParameters>,*,0</ownDataTypeParameters>
<autoIncrementCycle>false</autoIncrementCycle>
<associations>
<colAssociation fkAssociation="861EF91B-6E5B-A177-07DA-7DFC747315D2" referredColumn="2874E60D-B59D-BC95-05B4-A4C7593031E2"/>
</associations>
</Column>
<Column name="ID_SEDE" id="ABC47BE9-7772-DA4A-C7C5-A5286F9EED04">
<sourceConnName>PRFINALBD2020</sourceConnName>
<sourceObjSchema>ENCARGADO_SEDE</sourceObjSchema>
<sourceObjName>ID_SEDE</sourceObjName>
<createdBy>mario</createdBy>
<createdTime>2020-11-05 18:06:14 UTC</createdTime>
<ownerDesignName>Diagrama</ownerDesignName>
<useDomainConstraints>false</useDomainConstraints>
<use>1</use>
<logicalDatatype>LOGDT019</logicalDatatype>
<dataTypePrecision>*</dataTypePrecision>
<dataTypeScale>0</dataTypeScale>
<ownDataTypeParameters>,*,0</ownDataTypeParameters>
<autoIncrementCycle>false</autoIncrementCycle>
<associations>
<colAssociation fkAssociation="1E1487C6-0BA0-6E8C-77B9-4C8D6C248544" referredColumn="8E55F802-810B-3DA9-D0ED-67E501BEAE74"/>
</associations>
</Column>
<Column name="ID_ENCARGADO_SEDE" id="89AAB116-CB75-931D-CD81-9231B1EBBD8A">
<sourceConnName>PRFINALBD2020</sourceConnName>
<sourceObjSchema>ENCARGADO_SEDE</sourceObjSchema>
<sourceObjName>ID_ENCARGADO_SEDE</sourceObjName>
<createdBy>mario</createdBy>
<createdTime>2020-11-05 18:06:14 UTC</createdTime>
<ownerDesignName>Diagrama</ownerDesignName>
<nullsAllowed>true</nullsAllowed>
<useDomainConstraints>false</useDomainConstraints>
<use>1</use>
<logicalDatatype>LOGDT019</logicalDatatype>
<dataTypePrecision>*</dataTypePrecision>
<dataTypeScale>0</dataTypeScale>
<ownDataTypeParameters>,*,0</ownDataTypeParameters>
<autoIncrementCycle>false</autoIncrementCycle>
</Column>
</columns>
<indexes itemClass="oracle.dbtools.crest.model.design.relational.Index">
<ind_PK_UK id="4B54CAAD-4C4A-E94F-E4FF-F479A656465C" name="ENCARGADO_SEDE_PK">
<sourceConnName>PRFINALBD2020</sourceConnName>
<sourceObjSchema>MARIO</sourceObjSchema>
<sourceObjName>ENCARGADO_SEDE_PK</sourceObjName>
<createdBy>mario</createdBy>
<createdTime>2020-11-05 18:06:14 UTC</createdTime>
<ownerDesignName>Diagrama</ownerDesignName>
<pk>true</pk>
<indexState>Primary Constraint</indexState>
<isSurrogateKey>false</isSurrogateKey>
<indexColumnUsage>
<colUsage columnID="ABC47BE9-7772-DA4A-C7C5-A5286F9EED04"/>
</indexColumnUsage>
</ind_PK_UK>
<ind_PK_UK id="6935063E-8CAB-3F38-D75D-9E1A2E461FEE" schemaObject="F64E1D9B-7E6B-CABF-605F-B7EAC2DFD0C0" name="ENCARGADO_SEDE_PK">
<sourceConnName>PRFINALBD2020</sourceConnName>
<sourceObjSchema>MARIO</sourceObjSchema>
<sourceObjName>ENCARGADO_SEDE_PK</sourceObjName>
<createdBy>mario</createdBy>
<createdTime>2020-11-05 18:06:14 UTC</createdTime>
<ownerDesignName>Diagrama</ownerDesignName>
<indexState>Unique Plain Index</indexState>
<isSurrogateKey>false</isSurrogateKey>
<indexColumnUsage>
<colUsage columnID="ABC47BE9-7772-DA4A-C7C5-A5286F9EED04"/>
</indexColumnUsage>
</ind_PK_UK>
<ind_PK_UK id="03C8AB2B-4F43-F1C6-F297-9DBA546AE9C2" name="ENCARGADO_SEDE_PERSONA_FK">
<createdBy>mario</createdBy>
<createdTime>2020-11-05 18:06:14 UTC</createdTime>
<ownerDesignName>Diagrama</ownerDesignName>
<indexState>Foreign Key</indexState>
<isSurrogateKey>false</isSurrogateKey>
<indexColumnUsage>
<colUsage columnID="228DD437-11AE-1EE6-7EAE-EC10CDA5EA45"/>
</indexColumnUsage>
</ind_PK_UK>
<ind_PK_UK id="476B6F7C-46D3-6CB7-E38B-A314206B795D" name="ENCARGADO_SEDE_SEDE_FK">
<createdBy>mario</createdBy>
<createdTime>2020-11-05 18:06:14 UTC</createdTime>
<ownerDesignName>Diagrama</ownerDesignName>
<indexState>Foreign Key</indexState>
<isSurrogateKey>false</isSurrogateKey>
<indexColumnUsage>
<colUsage columnID="ABC47BE9-7772-DA4A-C7C5-A5286F9EED04"/>
</indexColumnUsage>
</ind_PK_UK>
</indexes>
</Table>