<?xml version = '1.0' encoding = 'UTF-8'?>
<Table class="oracle.dbtools.crest.model.design.relational.Table" directorySegmentName="seg_0" id="DAAE24F0-731D-4C5A-4ED0-CC20657A3FF1" schemaObject="F64E1D9B-7E6B-CABF-605F-B7EAC2DFD0C0" name="PERSONA">
<sourceConnName>PRFINALBD2020</sourceConnName>
<sourceObjSchema>MARIO</sourceObjSchema>
<sourceObjName>PERSONA</sourceObjName>
<createdBy>mario</createdBy>
<createdTime>2020-11-05 18:06:13 UTC</createdTime>
<ownerDesignName>Diagrama</ownerDesignName>
<allowColumnReorder>false</allowColumnReorder>
<existDependencyGenerateInDDl>true</existDependencyGenerateInDDl>
<parsed>true</parsed>
<columns itemClass="oracle.dbtools.crest.model.design.relational.Column">
<Column name="ID_PERSONA" id="2874E60D-B59D-BC95-05B4-A4C7593031E2">
<sourceConnName>PRFINALBD2020</sourceConnName>
<sourceObjSchema>PERSONA</sourceObjSchema>
<sourceObjName>ID_PERSONA</sourceObjName>
<createdBy>mario</createdBy>
<createdTime>2020-11-05 18:06:14 UTC</createdTime>
<ownerDesignName>Diagrama</ownerDesignName>
<useDomainConstraints>false</useDomainConstraints>
<use>1</use>
<logicalDatatype>LOGDT019</logicalDatatype>
<dataTypePrecision>*</dataTypePrecision>
<dataTypeScale>0</dataTypeScale>
<ownDataTypeParameters>,*,0</ownDataTypeParameters>
<autoIncrementCycle>false</autoIncrementCycle>
</Column>
<Column name="ID_TELEFONO" id="43A61D8F-56A4-DAAE-3867-51D4DCA10E4C">
<sourceConnName>PRFINALBD2020</sourceConnName>
<sourceObjSchema>PERSONA</sourceObjSchema>
<sourceObjName>ID_TELEFONO</sourceObjName>
<createdBy>mario</createdBy>
<createdTime>2020-11-05 18:06:14 UTC</createdTime>
<ownerDesignName>Diagrama</ownerDesignName>
<nullsAllowed>true</nullsAllowed>
<useDomainConstraints>false</useDomainConstraints>
<use>1</use>
<logicalDatatype>LOGDT019</logicalDatatype>
<dataTypePrecision>*</dataTypePrecision>
<dataTypeScale>0</dataTypeScale>
<ownDataTypeParameters>,*,0</ownDataTypeParameters>
<autoIncrementCycle>false</autoIncrementCycle>
</Column>
<Column name="ID_SEGURO" id="E87D7BEB-750C-7E0B-747B-676F0CBD5F11">
<sourceConnName>PRFINALBD2020</sourceConnName>
<sourceObjSchema>PERSONA</sourceObjSchema>
<sourceObjName>ID_SEGURO</sourceObjName>
<createdBy>mario</createdBy>
<createdTime>2020-11-05 18:06:14 UTC</createdTime>
<ownerDesignName>Diagrama</ownerDesignName>
<nullsAllowed>true</nullsAllowed>
<useDomainConstraints>false</useDomainConstraints>
<use>1</use>
<logicalDatatype>LOGDT019</logicalDatatype>
<dataTypePrecision>*</dataTypePrecision>
<dataTypeScale>0</dataTypeScale>
<ownDataTypeParameters>,*,0</ownDataTypeParameters>
<autoIncrementCycle>false</autoIncrementCycle>
</Column>
<Column name="ID_TIPO_SANGRE" id="21E7F9F4-5A2B-7A64-09E6-59FACAFC9C73">
<sourceConnName>PRFINALBD2020</sourceConnName>
<sourceObjSchema>PERSONA</sourceObjSchema>
<sourceObjName>ID_TIPO_SANGRE</sourceObjName>
<createdBy>mario</createdBy>
<createdTime>2020-11-05 18:06:14 UTC</createdTime>
<ownerDesignName>Diagrama</ownerDesignName>
<useDomainConstraints>false</useDomainConstraints>
<use>1</use>
<logicalDatatype>LOGDT019</logicalDatatype>
<dataTypePrecision>*</dataTypePrecision>
<dataTypeScale>0</dataTypeScale>
<ownDataTypeParameters>,*,0</ownDataTypeParameters>
<autoIncrementCycle>false</autoIncrementCycle>
<associations>
<colAssociation fkAssociation="8C660926-F613-C37C-6B9A-7EC4E13F3F2E" referredColumn="2FBA6244-F5FD-6F9D-17D4-4244A3DBDE30"/>
</associations>
</Column>
<Column name="ID_ROL" id="2777592C-9A46-37F4-132B-D71A27713503">
<sourceConnName>PRFINALBD2020</sourceConnName>
<sourceObjSchema>PERSONA</sourceObjSchema>
<sourceObjName>ID_ROL</sourceObjName>
<createdBy>mario</createdBy>
<createdTime>2020-11-05 18:06:14 UTC</createdTime>
<ownerDesignName>Diagrama</ownerDesignName>
<useDomainConstraints>false</useDomainConstraints>
<use>1</use>
<logicalDatatype>LOGDT019</logicalDatatype>
<dataTypePrecision>*</dataTypePrecision>
<dataTypeScale>0</dataTypeScale>
<ownDataTypeParameters>,*,0</ownDataTypeParameters>
<autoIncrementCycle>false</autoIncrementCycle>
<associations>
<colAssociation fkAssociation="0070F321-199B-38EC-36C1-5D914BE8800D" referredColumn="575720F1-E49D-A718-ECB9-BEF7C56D553C"/>
</associations>
</Column>
<Column name="PRIMER_NOMBRE" id="4AE06A3C-26C9-A984-F1F0-C828D35B6838">
<sourceConnName>PRFINALBD2020</sourceConnName>
<sourceObjSchema>PERSONA</sourceObjSchema>
<sourceObjName>PRIMER_NOMBRE</sourceObjName>
<createdBy>mario</createdBy>
<createdTime>2020-11-05 18:06:14 UTC</createdTime>
<ownerDesignName>Diagrama</ownerDesignName>
<nullsAllowed>true</nullsAllowed>
<useDomainConstraints>false</useDomainConstraints>
<use>1</use>
<logicalDatatype>LOGDT024</logicalDatatype>
<dataTypeSize>30 BYTE</dataTypeSize>
<ownDataTypeParameters>30 BYTE,,</ownDataTypeParameters>
<autoIncrementCycle>false</autoIncrementCycle>
</Column>
<Column name="SEGUNDO_NOMBRE" id="A92A32DA-105A-FAAA-909B-EF6EF901BAB1">
<sourceConnName>PRFINALBD2020</sourceConnName>
<sourceObjSchema>PERSONA</sourceObjSchema>
<sourceObjName>SEGUNDO_NOMBRE</sourceObjName>
<createdBy>mario</createdBy>
<createdTime>2020-11-05 18:06:14 UTC</createdTime>
<ownerDesignName>Diagrama</ownerDesignName>
<nullsAllowed>true</nullsAllowed>
<useDomainConstraints>false</useDomainConstraints>
<use>1</use>
<logicalDatatype>LOGDT024</logicalDatatype>
<dataTypeSize>30 BYTE</dataTypeSize>
<ownDataTypeParameters>30 BYTE,,</ownDataTypeParameters>
<autoIncrementCycle>false</autoIncrementCycle>
</Column>
<Column name="PRIMER_APELLIDO" id="48EA93D1-DCCD-CE17-01C9-AAF4677CCAA7">
<sourceConnName>PRFINALBD2020</sourceConnName>
<sourceObjSchema>PERSONA</sourceObjSchema>
<sourceObjName>PRIMER_APELLIDO</sourceObjName>
<createdBy>mario</createdBy>
<createdTime>2020-11-05 18:06:14 UTC</createdTime>
<ownerDesignName>Diagrama</ownerDesignName>
<nullsAllowed>true</nullsAllowed>
<useDomainConstraints>false</useDomainConstraints>
<use>1</use>
<logicalDatatype>LOGDT024</logicalDatatype>
<dataTypeSize>30 BYTE</dataTypeSize>
<ownDataTypeParameters>30 BYTE,,</ownDataTypeParameters>
<autoIncrementCycle>false</autoIncrementCycle>
</Column>
<Column name="SEGUNDO_APELLIDO" id="91EDE623-34A1-1B8D-174F-80D6A4F47F55">
<sourceConnName>PRFINALBD2020</sourceConnName>
<sourceObjSchema>PERSONA</sourceObjSchema>
<sourceObjName>SEGUNDO_APELLIDO</sourceObjName>
<createdBy>mario</createdBy>
<createdTime>2020-11-05 18:06:14 UTC</createdTime>
<ownerDesignName>Diagrama</ownerDesignName>
<nullsAllowed>true</nullsAllowed>
<useDomainConstraints>false</useDomainConstraints>
<use>1</use>
<logicalDatatype>LOGDT024</logicalDatatype>
<dataTypeSize>30 BYTE</dataTypeSize>
<ownDataTypeParameters>30 BYTE,,</ownDataTypeParameters>
<autoIncrementCycle>false</autoIncrementCycle>
</Column>
<Column name="APELLIDO_CASADA" id="24716575-4F7E-8F77-DE8B-2B2B05C00879">
<sourceConnName>PRFINALBD2020</sourceConnName>
<sourceObjSchema>PERSONA</sourceObjSchema>
<sourceObjName>APELLIDO_CASADA</sourceObjName>
<createdBy>mario</createdBy>
<createdTime>2020-11-05 18:06:14 UTC</createdTime>
<ownerDesignName>Diagrama</ownerDesignName>
<nullsAllowed>true</nullsAllowed>
<useDomainConstraints>false</useDomainConstraints>
<use>1</use>
<logicalDatatype>LOGDT024</logicalDatatype>
<dataTypeSize>30 BYTE</dataTypeSize>
<ownDataTypeParameters>30 BYTE,,</ownDataTypeParameters>
<autoIncrementCycle>false</autoIncrementCycle>
</Column>
<Column name="FECHA_NACIMIENTO" id="C7EE191F-AF61-73AF-B2D1-762B2A3B44C9">
<sourceConnName>PRFINALBD2020</sourceConnName>
<sourceObjSchema>PERSONA</sourceObjSchema>
<sourceObjName>FECHA_NACIMIENTO</sourceObjName>
<createdBy>mario</createdBy>
<createdTime>2020-11-05 18:06:14 UTC</createdTime>
<ownerDesignName>Diagrama</ownerDesignName>
<nullsAllowed>true</nullsAllowed>
<useDomainConstraints>false</useDomainConstraints>
<use>1</use>
<logicalDatatype>LOGDT007</logicalDatatype>
<dataTypeSize>7</dataTypeSize>
<ownDataTypeParameters>7,,</ownDataTypeParameters>
<autoIncrementCycle>false</autoIncrementCycle>
</Column>
<Column name="GENERO" id="B3010BA9-A021-EA80-9896-219EC3596C06">
<sourceConnName>PRFINALBD2020</sourceConnName>
<sourceObjSchema>PERSONA</sourceObjSchema>
<sourceObjName>GENERO</sourceObjName>
<createdBy>mario</createdBy>
<createdTime>2020-11-05 18:06:14 UTC</createdTime>
<ownerDesignName>Diagrama</ownerDesignName>
<nullsAllowed>true</nullsAllowed>
<useDomainConstraints>false</useDomainConstraints>
<use>1</use>
<logicalDatatype>LOGDT024</logicalDatatype>
<dataTypeSize>1 BYTE</dataTypeSize>
<ownDataTypeParameters>1 BYTE,,</ownDataTypeParameters>
<autoIncrementCycle>false</autoIncrementCycle>
</Column>
</columns>
<indexes itemClass="oracle.dbtools.crest.model.design.relational.Index">
<ind_PK_UK id="FD7C1A16-04CE-E643-30F0-0ECDC33BF003" name="PERSONA_PK">
<sourceConnName>PRFINALBD2020</sourceConnName>
<sourceObjSchema>MARIO</sourceObjSchema>
<sourceObjName>PERSONA_PK</sourceObjName>
<createdBy>mario</createdBy>
<createdTime>2020-11-05 18:06:14 UTC</createdTime>
<ownerDesignName>Diagrama</ownerDesignName>
<pk>true</pk>
<indexState>Primary Constraint</indexState>
<isSurrogateKey>false</isSurrogateKey>
<indexColumnUsage>
<colUsage columnID="2874E60D-B59D-BC95-05B4-A4C7593031E2"/>
</indexColumnUsage>
</ind_PK_UK>
<ind_PK_UK id="56A5CD3A-4717-7B62-B01C-5CAC513A9ADC" schemaObject="F64E1D9B-7E6B-CABF-605F-B7EAC2DFD0C0" name="PERSONA_PK">
<sourceConnName>PRFINALBD2020</sourceConnName>
<sourceObjSchema>MARIO</sourceObjSchema>
<sourceObjName>PERSONA_PK</sourceObjName>
<createdBy>mario</createdBy>
<createdTime>2020-11-05 18:06:14 UTC</createdTime>
<ownerDesignName>Diagrama</ownerDesignName>
<indexState>Unique Plain Index</indexState>
<isSurrogateKey>false</isSurrogateKey>
<indexColumnUsage>
<colUsage columnID="2874E60D-B59D-BC95-05B4-A4C7593031E2"/>
</indexColumnUsage>
</ind_PK_UK>
<ind_PK_UK id="8AAD783E-517B-7E43-1BDF-52CC0DAA9580" name="PERSONA_ROL_FK">
<createdBy>mario</createdBy>
<createdTime>2020-11-05 18:06:14 UTC</createdTime>
<ownerDesignName>Diagrama</ownerDesignName>
<indexState>Foreign Key</indexState>
<isSurrogateKey>false</isSurrogateKey>
<indexColumnUsage>
<colUsage columnID="2777592C-9A46-37F4-132B-D71A27713503"/>
</indexColumnUsage>
</ind_PK_UK>
<ind_PK_UK id="CAE4F6C5-3147-CCBB-138A-55D1A1CE2C48" name="PERSONA_TIPO_SANGRE_FK">
<createdBy>mario</createdBy>
<createdTime>2020-11-05 18:06:14 UTC</createdTime>
<ownerDesignName>Diagrama</ownerDesignName>
<indexState>Foreign Key</indexState>
<isSurrogateKey>false</isSurrogateKey>
<indexColumnUsage>
<colUsage columnID="21E7F9F4-5A2B-7A64-09E6-59FACAFC9C73"/>
</indexColumnUsage>
</ind_PK_UK>
</indexes>
</Table>