<?xml version = '1.0' encoding = 'UTF-8'?>
<Table class="oracle.dbtools.crest.model.design.relational.Table" directorySegmentName="seg_0" id="DF710BCC-4857-0571-AE03-C4D82FA9A13C" schemaObject="F64E1D9B-7E6B-CABF-605F-B7EAC2DFD0C0" name="DIRECCION_PROVEEDORES">
<sourceConnName>PRFINALBD2020</sourceConnName>
<sourceObjSchema>MARIO</sourceObjSchema>
<sourceObjName>DIRECCION_PROVEEDORES</sourceObjName>
<createdBy>mario</createdBy>
<createdTime>2020-11-05 18:06:13 UTC</createdTime>
<ownerDesignName>Diagrama</ownerDesignName>
<allowColumnReorder>false</allowColumnReorder>
<existDependencyGenerateInDDl>true</existDependencyGenerateInDDl>
<parsed>true</parsed>
<columns itemClass="oracle.dbtools.crest.model.design.relational.Column">
<Column name="ID_DIRECCION_PROV" id="FFEE6700-BE4E-5D15-2596-7F002CFB1BF3">
<sourceConnName>PRFINALBD2020</sourceConnName>
<sourceObjSchema>DIRECCION_PROVEEDORES</sourceObjSchema>
<sourceObjName>ID_DIRECCION_PROV</sourceObjName>
<createdBy>mario</createdBy>
<createdTime>2020-11-05 18:06:14 UTC</createdTime>
<ownerDesignName>Diagrama</ownerDesignName>
<useDomainConstraints>false</useDomainConstraints>
<use>1</use>
<logicalDatatype>LOGDT019</logicalDatatype>
<dataTypePrecision>*</dataTypePrecision>
<dataTypeScale>0</dataTypeScale>
<ownDataTypeParameters>,*,0</ownDataTypeParameters>
<autoIncrementCycle>false</autoIncrementCycle>
<associations>
<colAssociation fkAssociation="851B4C47-A772-C510-0F07-53B11318BC59" referredColumn="8B500365-0C5B-58B0-4886-54FCC8F374C6"/>
</associations>
</Column>
<Column name="ID_PROVEEDOR" id="8BFD0EE1-F3C6-BBB9-56FC-7951A6554F4B">
<sourceConnName>PRFINALBD2020</sourceConnName>
<sourceObjSchema>DIRECCION_PROVEEDORES</sourceObjSchema>
<sourceObjName>ID_PROVEEDOR</sourceObjName>
<createdBy>mario</createdBy>
<createdTime>2020-11-05 18:06:14 UTC</createdTime>
<ownerDesignName>Diagrama</ownerDesignName>
<nullsAllowed>true</nullsAllowed>
<useDomainConstraints>false</useDomainConstraints>
<use>1</use>
<logicalDatatype>LOGDT019</logicalDatatype>
<dataTypePrecision>*</dataTypePrecision>
<dataTypeScale>0</dataTypeScale>
<ownDataTypeParameters>,*,0</ownDataTypeParameters>
<autoIncrementCycle>false</autoIncrementCycle>
</Column>
</columns>
<indexes itemClass="oracle.dbtools.crest.model.design.relational.Index">
<ind_PK_UK id="A3FDD9DC-166A-78D0-DF2B-8D09EEAB52F9" name="DIRECCION_PROVEEDORES_PK">
<sourceConnName>PRFINALBD2020</sourceConnName>
<sourceObjSchema>MARIO</sourceObjSchema>
<sourceObjName>DIRECCION_PROVEEDORES_PK</sourceObjName>
<createdBy>mario</createdBy>
<createdTime>2020-11-05 18:06:14 UTC</createdTime>
<ownerDesignName>Diagrama</ownerDesignName>
<pk>true</pk>
<indexState>Primary Constraint</indexState>
<isSurrogateKey>false</isSurrogateKey>
<indexColumnUsage>
<colUsage columnID="FFEE6700-BE4E-5D15-2596-7F002CFB1BF3"/>
</indexColumnUsage>
</ind_PK_UK>
<ind_PK_UK id="3C82C127-7CAA-27E3-E291-31C91282D401" schemaObject="F64E1D9B-7E6B-CABF-605F-B7EAC2DFD0C0" name="DIRECCION_PROVEEDORES_PK">
<sourceConnName>PRFINALBD2020</sourceConnName>
<sourceObjSchema>MARIO</sourceObjSchema>
<sourceObjName>DIRECCION_PROVEEDORES_PK</sourceObjName>
<createdBy>mario</createdBy>
<createdTime>2020-11-05 18:06:14 UTC</createdTime>
<ownerDesignName>Diagrama</ownerDesignName>
<indexState>Unique Plain Index</indexState>
<isSurrogateKey>false</isSurrogateKey>
<indexColumnUsage>
<colUsage columnID="FFEE6700-BE4E-5D15-2596-7F002CFB1BF3"/>
</indexColumnUsage>
</ind_PK_UK>
<ind_PK_UK id="D4EB5C3D-E909-3271-49B2-B53FFB00C81D" name="DIRECC_PROVEE">
<createdBy>mario</createdBy>
<createdTime>2020-11-05 18:06:14 UTC</createdTime>
<ownerDesignName>Diagrama</ownerDesignName>
<indexState>Foreign Key</indexState>
<isSurrogateKey>false</isSurrogateKey>
<indexColumnUsage>
<colUsage columnID="FFEE6700-BE4E-5D15-2596-7F002CFB1BF3"/>
</indexColumnUsage>
</ind_PK_UK>
</indexes>
</Table>