<?xml version = '1.0' encoding = 'UTF-8'?>
<Table class="oracle.dbtools.crest.model.design.relational.Table" directorySegmentName="seg_0" id="E2BDE607-69C2-AAF3-5324-1431922AB41E" schemaObject="F64E1D9B-7E6B-CABF-605F-B7EAC2DFD0C0" name="PERSONAL_TECNICO">
<sourceConnName>PRFINALBD2020</sourceConnName>
<sourceObjSchema>MARIO</sourceObjSchema>
<sourceObjName>PERSONAL_TECNICO</sourceObjName>
<createdBy>mario</createdBy>
<createdTime>2020-11-05 18:06:13 UTC</createdTime>
<ownerDesignName>Diagrama</ownerDesignName>
<allowColumnReorder>false</allowColumnReorder>
<existDependencyGenerateInDDl>true</existDependencyGenerateInDDl>
<parsed>true</parsed>
<columns itemClass="oracle.dbtools.crest.model.design.relational.Column">
<Column name="ID_PERSONAL_T" id="CAA4A0AE-5E34-065B-00E6-32E67AD794BD">
<sourceConnName>PRFINALBD2020</sourceConnName>
<sourceObjSchema>PERSONAL_TECNICO</sourceObjSchema>
<sourceObjName>ID_PERSONAL_T</sourceObjName>
<createdBy>mario</createdBy>
<createdTime>2020-11-05 18:06:14 UTC</createdTime>
<ownerDesignName>Diagrama</ownerDesignName>
<useDomainConstraints>false</useDomainConstraints>
<use>1</use>
<logicalDatatype>LOGDT019</logicalDatatype>
<dataTypePrecision>*</dataTypePrecision>
<dataTypeScale>0</dataTypeScale>
<ownDataTypeParameters>,*,0</ownDataTypeParameters>
<autoIncrementCycle>false</autoIncrementCycle>
</Column>
<Column name="ID_TIPO_PERSONAL_TECNICO" id="E5BF06CD-62E5-6874-B2CC-9D9A01C2073E">
<sourceConnName>PRFINALBD2020</sourceConnName>
<sourceObjSchema>PERSONAL_TECNICO</sourceObjSchema>
<sourceObjName>ID_TIPO_PERSONAL_TECNICO</sourceObjName>
<createdBy>mario</createdBy>
<createdTime>2020-11-05 18:06:14 UTC</createdTime>
<ownerDesignName>Diagrama</ownerDesignName>
<useDomainConstraints>false</useDomainConstraints>
<use>1</use>
<logicalDatatype>LOGDT019</logicalDatatype>
<dataTypePrecision>*</dataTypePrecision>
<dataTypeScale>0</dataTypeScale>
<ownDataTypeParameters>,*,0</ownDataTypeParameters>
<autoIncrementCycle>false</autoIncrementCycle>
<associations>
<colAssociation fkAssociation="1414D775-1D89-7705-8CD0-3E3FAF5439DE" referredColumn="21C45969-EE8F-514B-E364-137CEE7A2FC5"/>
</associations>
</Column>
<Column name="ID_PERSONA" id="310CD6FB-2476-E01C-AA6D-C90A1AC6F6A1">
<sourceConnName>PRFINALBD2020</sourceConnName>
<sourceObjSchema>PERSONAL_TECNICO</sourceObjSchema>
<sourceObjName>ID_PERSONA</sourceObjName>
<createdBy>mario</createdBy>
<createdTime>2020-11-05 18:06:14 UTC</createdTime>
<ownerDesignName>Diagrama</ownerDesignName>
<useDomainConstraints>false</useDomainConstraints>
<use>1</use>
<logicalDatatype>LOGDT019</logicalDatatype>
<dataTypePrecision>*</dataTypePrecision>
<dataTypeScale>0</dataTypeScale>
<ownDataTypeParameters>,*,0</ownDataTypeParameters>
<autoIncrementCycle>false</autoIncrementCycle>
<associations>
<colAssociation fkAssociation="3638F756-C3C0-50D9-05A9-6158B17F1013" referredColumn="2874E60D-B59D-BC95-05B4-A4C7593031E2"/>
</associations>
</Column>
</columns>
<indexes itemClass="oracle.dbtools.crest.model.design.relational.Index">
<ind_PK_UK id="F11172B7-250B-22F8-8EEC-3B44B31D9C79" name="PERSONAL_TECNICO_PK">
<sourceConnName>PRFINALBD2020</sourceConnName>
<sourceObjSchema>MARIO</sourceObjSchema>
<sourceObjName>PERSONAL_TECNICO_PK</sourceObjName>
<createdBy>mario</createdBy>
<createdTime>2020-11-05 18:06:14 UTC</createdTime>
<ownerDesignName>Diagrama</ownerDesignName>
<pk>true</pk>
<indexState>Primary Constraint</indexState>
<isSurrogateKey>false</isSurrogateKey>
<indexColumnUsage>
<colUsage columnID="CAA4A0AE-5E34-065B-00E6-32E67AD794BD"/>
</indexColumnUsage>
</ind_PK_UK>
<ind_PK_UK id="5FD62D41-ABB4-1FE6-C759-ADFFB54B9B30" schemaObject="F64E1D9B-7E6B-CABF-605F-B7EAC2DFD0C0" name="PERSONAL_TECNICO_PK">
<sourceConnName>PRFINALBD2020</sourceConnName>
<sourceObjSchema>MARIO</sourceObjSchema>
<sourceObjName>PERSONAL_TECNICO_PK</sourceObjName>
<createdBy>mario</createdBy>
<createdTime>2020-11-05 18:06:14 UTC</createdTime>
<ownerDesignName>Diagrama</ownerDesignName>
<indexState>Unique Plain Index</indexState>
<isSurrogateKey>false</isSurrogateKey>
<indexColumnUsage>
<colUsage columnID="CAA4A0AE-5E34-065B-00E6-32E67AD794BD"/>
</indexColumnUsage>
</ind_PK_UK>
<ind_PK_UK id="27185AE1-9155-2739-7FC7-A3EC0E13B7C4" name="PERSONAL_TECNICO">
<createdBy>mario</createdBy>
<createdTime>2020-11-05 18:06:14 UTC</createdTime>
<ownerDesignName>Diagrama</ownerDesignName>
<indexState>Foreign Key</indexState>
<isSurrogateKey>false</isSurrogateKey>
<indexColumnUsage>
<colUsage columnID="E5BF06CD-62E5-6874-B2CC-9D9A01C2073E"/>
</indexColumnUsage>
</ind_PK_UK>
<ind_PK_UK id="A96435BF-4E04-9E17-767E-2C924E1E442B" name="PERSONAL_TECNICO_PERSONA_FK">
<createdBy>mario</createdBy>
<createdTime>2020-11-05 18:06:14 UTC</createdTime>
<ownerDesignName>Diagrama</ownerDesignName>
<indexState>Foreign Key</indexState>
<isSurrogateKey>false</isSurrogateKey>
<indexColumnUsage>
<colUsage columnID="310CD6FB-2476-E01C-AA6D-C90A1AC6F6A1"/>
</indexColumnUsage>
</ind_PK_UK>
</indexes>
</Table>