<?xml version = '1.0' encoding = 'UTF-8'?>
<Table class="oracle.dbtools.crest.model.design.relational.Table" directorySegmentName="seg_0" id="E35042C1-48C9-F6BD-4CEB-0044089FAD4E" schemaObject="F64E1D9B-7E6B-CABF-605F-B7EAC2DFD0C0" name="DOCUMENTO_PERSONA">
<sourceConnName>PRFINALBD2020</sourceConnName>
<sourceObjSchema>MARIO</sourceObjSchema>
<sourceObjName>DOCUMENTO_PERSONA</sourceObjName>
<createdBy>mario</createdBy>
<createdTime>2020-11-05 18:06:13 UTC</createdTime>
<ownerDesignName>Diagrama</ownerDesignName>
<allowColumnReorder>false</allowColumnReorder>
<existDependencyGenerateInDDl>true</existDependencyGenerateInDDl>
<parsed>true</parsed>
<columns itemClass="oracle.dbtools.crest.model.design.relational.Column">
<Column name="ID_TIPO_DOCUMENTO" id="7114AB40-C5D2-8798-E081-A8B5ABEC59D5">
<sourceConnName>PRFINALBD2020</sourceConnName>
<sourceObjSchema>DOCUMENTO_PERSONA</sourceObjSchema>
<sourceObjName>ID_TIPO_DOCUMENTO</sourceObjName>
<createdBy>mario</createdBy>
<createdTime>2020-11-05 18:06:14 UTC</createdTime>
<ownerDesignName>Diagrama</ownerDesignName>
<useDomainConstraints>false</useDomainConstraints>
<use>1</use>
<logicalDatatype>LOGDT019</logicalDatatype>
<dataTypePrecision>*</dataTypePrecision>
<dataTypeScale>0</dataTypeScale>
<ownDataTypeParameters>,*,0</ownDataTypeParameters>
<autoIncrementCycle>false</autoIncrementCycle>
</Column>
<Column name="ID_PERSONA" id="1448EF84-F87B-CF42-29BC-A77EAC85F873">
<sourceConnName>PRFINALBD2020</sourceConnName>
<sourceObjSchema>DOCUMENTO_PERSONA</sourceObjSchema>
<sourceObjName>ID_PERSONA</sourceObjName>
<createdBy>mario</createdBy>
<createdTime>2020-11-05 18:06:14 UTC</createdTime>
<ownerDesignName>Diagrama</ownerDesignName>
<useDomainConstraints>false</useDomainConstraints>
<use>1</use>
<logicalDatatype>LOGDT019</logicalDatatype>
<dataTypePrecision>*</dataTypePrecision>
<dataTypeScale>0</dataTypeScale>
<ownDataTypeParameters>,*,0</ownDataTypeParameters>
<autoIncrementCycle>false</autoIncrementCycle>
<associations>
<colAssociation fkAssociation="EB39E581-8FD7-A5C3-45C2-D1E0222A558C" referredColumn="2874E60D-B59D-BC95-05B4-A4C7593031E2"/>
</associations>
</Column>
</columns>
<indexes itemClass="oracle.dbtools.crest.model.design.relational.Index">
<ind_PK_UK id="F9658861-3243-1DA3-98CE-BAC3BBCBEFC5" name="DOCUMENTO_PERSONA_PK">
<sourceConnName>PRFINALBD2020</sourceConnName>
<sourceObjSchema>MARIO</sourceObjSchema>
<sourceObjName>DOCUMENTO_PERSONA_PK</sourceObjName>
<createdBy>mario</createdBy>
<createdTime>2020-11-05 18:06:14 UTC</createdTime>
<ownerDesignName>Diagrama</ownerDesignName>
<pk>true</pk>
<indexState>Primary Constraint</indexState>
<isSurrogateKey>false</isSurrogateKey>
<indexColumnUsage>
<colUsage columnID="7114AB40-C5D2-8798-E081-A8B5ABEC59D5"/>
</indexColumnUsage>
</ind_PK_UK>
<ind_PK_UK id="21A68BA8-1E2D-67AC-40AE-31A19D36E053" schemaObject="F64E1D9B-7E6B-CABF-605F-B7EAC2DFD0C0" name="DOCUMENTO_PERSONA_PK">
<sourceConnName>PRFINALBD2020</sourceConnName>
<sourceObjSchema>MARIO</sourceObjSchema>
<sourceObjName>DOCUMENTO_PERSONA_PK</sourceObjName>
<createdBy>mario</createdBy>
<createdTime>2020-11-05 18:06:14 UTC</createdTime>
<ownerDesignName>Diagrama</ownerDesignName>
<indexState>Unique Plain Index</indexState>
<isSurrogateKey>false</isSurrogateKey>
<indexColumnUsage>
<colUsage columnID="7114AB40-C5D2-8798-E081-A8B5ABEC59D5"/>
</indexColumnUsage>
</ind_PK_UK>
<ind_PK_UK id="6126B551-FFEE-41C5-3E31-27801CA54E22" name="DOCUMENTO_PERSONA_PERSONA_FK">
<createdBy>mario</createdBy>
<createdTime>2020-11-05 18:06:14 UTC</createdTime>
<ownerDesignName>Diagrama</ownerDesignName>
<indexState>Foreign Key</indexState>
<isSurrogateKey>false</isSurrogateKey>
<indexColumnUsage>
<colUsage columnID="1448EF84-F87B-CF42-29BC-A77EAC85F873"/>
</indexColumnUsage>
</ind_PK_UK>
</indexes>
</Table>