<?xml version = '1.0' encoding = 'UTF-8'?>
<Table class="oracle.dbtools.crest.model.design.relational.Table" directorySegmentName="seg_0" id="E46D278F-BB47-A307-4534-0D6A661C6156" schemaObject="F64E1D9B-7E6B-CABF-605F-B7EAC2DFD0C0" name="PAIS">
<sourceConnName>PRFINALBD2020</sourceConnName>
<sourceObjSchema>MARIO</sourceObjSchema>
<sourceObjName>PAIS</sourceObjName>
<createdBy>mario</createdBy>
<createdTime>2020-11-05 18:06:13 UTC</createdTime>
<ownerDesignName>Diagrama</ownerDesignName>
<allowColumnReorder>false</allowColumnReorder>
<existDependencyGenerateInDDl>true</existDependencyGenerateInDDl>
<parsed>true</parsed>
<columns itemClass="oracle.dbtools.crest.model.design.relational.Column">
<Column name="ID_PAIS" id="28600BDB-12EE-9853-F94B-BE6251E8EA94">
<sourceConnName>PRFINALBD2020</sourceConnName>
<sourceObjSchema>PAIS</sourceObjSchema>
<sourceObjName>ID_PAIS</sourceObjName>
<createdBy>mario</createdBy>
<createdTime>2020-11-05 18:06:14 UTC</createdTime>
<ownerDesignName>Diagrama</ownerDesignName>
<useDomainConstraints>false</useDomainConstraints>
<use>1</use>
<logicalDatatype>LOGDT019</logicalDatatype>
<dataTypePrecision>*</dataTypePrecision>
<dataTypeScale>0</dataTypeScale>
<ownDataTypeParameters>,*,0</ownDataTypeParameters>
<autoIncrementCycle>false</autoIncrementCycle>
</Column>
<Column name="PAIS" id="5C10E0A1-0605-DF91-D669-6AF31B2E28AD">
<sourceConnName>PRFINALBD2020</sourceConnName>
<sourceObjSchema>PAIS</sourceObjSchema>
<sourceObjName>PAIS</sourceObjName>
<createdBy>mario</createdBy>
<createdTime>2020-11-05 18:06:14 UTC</createdTime>
<ownerDesignName>Diagrama</ownerDesignName>
<nullsAllowed>true</nullsAllowed>
<useDomainConstraints>false</useDomainConstraints>
<use>1</use>
<logicalDatatype>LOGDT024</logicalDatatype>
<dataTypeSize>30 BYTE</dataTypeSize>
<ownDataTypeParameters>30 BYTE,,</ownDataTypeParameters>
<autoIncrementCycle>false</autoIncrementCycle>
</Column>
</columns>
<indexes itemClass="oracle.dbtools.crest.model.design.relational.Index">
<ind_PK_UK id="235500C8-BECE-1E39-D25B-734068D35469" name="PAIS_PK">
<sourceConnName>PRFINALBD2020</sourceConnName>
<sourceObjSchema>MARIO</sourceObjSchema>
<sourceObjName>PAIS_PK</sourceObjName>
<createdBy>mario</createdBy>
<createdTime>2020-11-05 18:06:14 UTC</createdTime>
<ownerDesignName>Diagrama</ownerDesignName>
<pk>true</pk>
<indexState>Primary Constraint</indexState>
<isSurrogateKey>false</isSurrogateKey>
<indexColumnUsage>
<colUsage columnID="28600BDB-12EE-9853-F94B-BE6251E8EA94"/>
</indexColumnUsage>
</ind_PK_UK>
<ind_PK_UK id="B74BFFBD-9D4E-21E3-7C1D-8DEAAB105F97" schemaObject="F64E1D9B-7E6B-CABF-605F-B7EAC2DFD0C0" name="PAIS_PK">
<sourceConnName>PRFINALBD2020</sourceConnName>
<sourceObjSchema>MARIO</sourceObjSchema>
<sourceObjName>PAIS_PK</sourceObjName>
<createdBy>mario</createdBy>
<createdTime>2020-11-05 18:06:14 UTC</createdTime>
<ownerDesignName>Diagrama</ownerDesignName>
<indexState>Unique Plain Index</indexState>
<isSurrogateKey>false</isSurrogateKey>
<indexColumnUsage>
<colUsage columnID="28600BDB-12EE-9853-F94B-BE6251E8EA94"/>
</indexColumnUsage>
</ind_PK_UK>
</indexes>
</Table>