<?xml version = '1.0' encoding = 'UTF-8'?>
<Table class="oracle.dbtools.crest.model.design.relational.Table" directorySegmentName="seg_0" id="E7686EBA-9F37-A557-542A-FE7BD2399840" schemaObject="F64E1D9B-7E6B-CABF-605F-B7EAC2DFD0C0" name="CUENTAS_POR_PAGAR">
<sourceConnName>PRFINALBD2020</sourceConnName>
<sourceObjSchema>MARIO</sourceObjSchema>
<sourceObjName>CUENTAS_POR_PAGAR</sourceObjName>
<createdBy>mario</createdBy>
<createdTime>2020-11-05 18:06:13 UTC</createdTime>
<ownerDesignName>Diagrama</ownerDesignName>
<allowColumnReorder>false</allowColumnReorder>
<existDependencyGenerateInDDl>true</existDependencyGenerateInDDl>
<parsed>true</parsed>
<columns itemClass="oracle.dbtools.crest.model.design.relational.Column">
<Column name="ID_CUENTA" id="5F43BE6A-066B-B589-41D5-033C6AEED227">
<sourceConnName>PRFINALBD2020</sourceConnName>
<sourceObjSchema>CUENTAS_POR_PAGAR</sourceObjSchema>
<sourceObjName>ID_CUENTA</sourceObjName>
<createdBy>mario</createdBy>
<createdTime>2020-11-05 18:06:14 UTC</createdTime>
<ownerDesignName>Diagrama</ownerDesignName>
<useDomainConstraints>false</useDomainConstraints>
<use>1</use>
<logicalDatatype>LOGDT019</logicalDatatype>
<dataTypePrecision>*</dataTypePrecision>
<dataTypeScale>0</dataTypeScale>
<ownDataTypeParameters>,*,0</ownDataTypeParameters>
<autoIncrementCycle>false</autoIncrementCycle>
</Column>
<Column name="ID_PROVEEDOR" id="A4DA200E-427A-AAE4-3D30-64AE7DE59946">
<sourceConnName>PRFINALBD2020</sourceConnName>
<sourceObjSchema>CUENTAS_POR_PAGAR</sourceObjSchema>
<sourceObjName>ID_PROVEEDOR</sourceObjName>
<createdBy>mario</createdBy>
<createdTime>2020-11-05 18:06:14 UTC</createdTime>
<ownerDesignName>Diagrama</ownerDesignName>
<useDomainConstraints>false</useDomainConstraints>
<use>1</use>
<logicalDatatype>LOGDT019</logicalDatatype>
<dataTypePrecision>*</dataTypePrecision>
<dataTypeScale>0</dataTypeScale>
<ownDataTypeParameters>,*,0</ownDataTypeParameters>
<autoIncrementCycle>false</autoIncrementCycle>
<associations>
<colAssociation fkAssociation="D0D6E792-9771-278F-FCEE-6FC8C910DC88" referredColumn="D5153DF8-04C6-DE14-ECDC-B0F71F583763"/>
</associations>
</Column>
<Column name="ID_COMPRA" id="B7360B34-E850-0903-CDB0-BF9AABF8574E">
<sourceConnName>PRFINALBD2020</sourceConnName>
<sourceObjSchema>CUENTAS_POR_PAGAR</sourceObjSchema>
<sourceObjName>ID_COMPRA</sourceObjName>
<createdBy>mario</createdBy>
<createdTime>2020-11-05 18:06:14 UTC</createdTime>
<ownerDesignName>Diagrama</ownerDesignName>
<nullsAllowed>true</nullsAllowed>
<useDomainConstraints>false</useDomainConstraints>
<use>1</use>
<logicalDatatype>LOGDT019</logicalDatatype>
<dataTypePrecision>*</dataTypePrecision>
<dataTypeScale>0</dataTypeScale>
<ownDataTypeParameters>,*,0</ownDataTypeParameters>
<autoIncrementCycle>false</autoIncrementCycle>
</Column>
<Column name="ID_PAGO_REALIZADO" id="C3F8993B-0756-929E-8ED2-74AA3B893DC0">
<sourceConnName>PRFINALBD2020</sourceConnName>
<sourceObjSchema>CUENTAS_POR_PAGAR</sourceObjSchema>
<sourceObjName>ID_PAGO_REALIZADO</sourceObjName>
<createdBy>mario</createdBy>
<createdTime>2020-11-05 18:06:14 UTC</createdTime>
<ownerDesignName>Diagrama</ownerDesignName>
<useDomainConstraints>false</useDomainConstraints>
<use>1</use>
<logicalDatatype>LOGDT019</logicalDatatype>
<dataTypePrecision>*</dataTypePrecision>
<dataTypeScale>0</dataTypeScale>
<ownDataTypeParameters>,*,0</ownDataTypeParameters>
<autoIncrementCycle>false</autoIncrementCycle>
</Column>
<Column name="ID_STATUS_PAGO" id="4CAB11EC-33C9-5B9C-D74A-DDC9F6A5605C">
<sourceConnName>PRFINALBD2020</sourceConnName>
<sourceObjSchema>CUENTAS_POR_PAGAR</sourceObjSchema>
<sourceObjName>ID_STATUS_PAGO</sourceObjName>
<createdBy>mario</createdBy>
<createdTime>2020-11-05 18:06:14 UTC</createdTime>
<ownerDesignName>Diagrama</ownerDesignName>
<useDomainConstraints>false</useDomainConstraints>
<use>1</use>
<logicalDatatype>LOGDT019</logicalDatatype>
<dataTypePrecision>*</dataTypePrecision>
<dataTypeScale>0</dataTypeScale>
<ownDataTypeParameters>,*,0</ownDataTypeParameters>
<autoIncrementCycle>false</autoIncrementCycle>
<associations>
<colAssociation fkAssociation="B895F128-E32C-DBF5-4750-C3E641120D1A" referredColumn="87A18036-6994-AD2E-AE2E-30636D0A740D"/>
</associations>
</Column>
</columns>
<indexes itemClass="oracle.dbtools.crest.model.design.relational.Index">
<ind_PK_UK id="E2A74C41-7FDD-5FA2-4783-A2FD56E4B4AB" name="CUENTAS_POR_PAGAR_PK">
<sourceConnName>PRFINALBD2020</sourceConnName>
<sourceObjSchema>MARIO</sourceObjSchema>
<sourceObjName>CUENTAS_POR_PAGAR_PK</sourceObjName>
<createdBy>mario</createdBy>
<createdTime>2020-11-05 18:06:14 UTC</createdTime>
<ownerDesignName>Diagrama</ownerDesignName>
<pk>true</pk>
<indexState>Primary Constraint</indexState>
<isSurrogateKey>false</isSurrogateKey>
<indexColumnUsage>
<colUsage columnID="5F43BE6A-066B-B589-41D5-033C6AEED227"/>
</indexColumnUsage>
</ind_PK_UK>
<ind_PK_UK id="19A86840-DD4A-9967-1E9A-14DB04048D88" schemaObject="F64E1D9B-7E6B-CABF-605F-B7EAC2DFD0C0" name="CUENTAS_POR_PAGAR_PK">
<sourceConnName>PRFINALBD2020</sourceConnName>
<sourceObjSchema>MARIO</sourceObjSchema>
<sourceObjName>CUENTAS_POR_PAGAR_PK</sourceObjName>
<createdBy>mario</createdBy>
<createdTime>2020-11-05 18:06:14 UTC</createdTime>
<ownerDesignName>Diagrama</ownerDesignName>
<indexState>Unique Plain Index</indexState>
<isSurrogateKey>false</isSurrogateKey>
<indexColumnUsage>
<colUsage columnID="5F43BE6A-066B-B589-41D5-033C6AEED227"/>
</indexColumnUsage>
</ind_PK_UK>
<ind_PK_UK id="FF834312-56A8-014D-863C-DD101CD5DA75" name="CUENTAS_POR_PAGAR_STATUS_FK">
<createdBy>mario</createdBy>
<createdTime>2020-11-05 18:06:14 UTC</createdTime>
<ownerDesignName>Diagrama</ownerDesignName>
<indexState>Foreign Key</indexState>
<isSurrogateKey>false</isSurrogateKey>
<indexColumnUsage>
<colUsage columnID="4CAB11EC-33C9-5B9C-D74A-DDC9F6A5605C"/>
</indexColumnUsage>
</ind_PK_UK>
<ind_PK_UK id="5E4DB0CE-287B-F47F-D71A-4FA7DA5C1C36" name="PORPAGARYPROVEE">
<createdBy>mario</createdBy>
<createdTime>2020-11-05 18:06:14 UTC</createdTime>
<ownerDesignName>Diagrama</ownerDesignName>
<indexState>Foreign Key</indexState>
<isSurrogateKey>false</isSurrogateKey>
<indexColumnUsage>
<colUsage columnID="A4DA200E-427A-AAE4-3D30-64AE7DE59946"/>
</indexColumnUsage>
</ind_PK_UK>
</indexes>
</Table>