<?xml version = '1.0' encoding = 'UTF-8'?>
<Table class="oracle.dbtools.crest.model.design.relational.Table" directorySegmentName="seg_0" id="EDF1932D-8DFD-EDD7-BD23-C60EE5E0EB26" schemaObject="F64E1D9B-7E6B-CABF-605F-B7EAC2DFD0C0" name="LOTES">
<sourceConnName>PRFINALBD2020</sourceConnName>
<sourceObjSchema>MARIO</sourceObjSchema>
<sourceObjName>LOTES</sourceObjName>
<createdBy>mario</createdBy>
<createdTime>2020-11-05 18:06:13 UTC</createdTime>
<ownerDesignName>Diagrama</ownerDesignName>
<allowColumnReorder>false</allowColumnReorder>
<existDependencyGenerateInDDl>true</existDependencyGenerateInDDl>
<parsed>true</parsed>
<columns itemClass="oracle.dbtools.crest.model.design.relational.Column">
<Column name="ID_INSUMO" id="0C6C825C-B2DB-CE46-CADE-F9D997150B98">
<sourceConnName>PRFINALBD2020</sourceConnName>
<sourceObjSchema>LOTES</sourceObjSchema>
<sourceObjName>ID_INSUMO</sourceObjName>
<createdBy>mario</createdBy>
<createdTime>2020-11-05 18:06:14 UTC</createdTime>
<ownerDesignName>Diagrama</ownerDesignName>
<useDomainConstraints>false</useDomainConstraints>
<use>1</use>
<logicalDatatype>LOGDT019</logicalDatatype>
<dataTypePrecision>*</dataTypePrecision>
<dataTypeScale>0</dataTypeScale>
<ownDataTypeParameters>,*,0</ownDataTypeParameters>
<autoIncrementCycle>false</autoIncrementCycle>
</Column>
<Column name="ID_LOTE" id="09DA6591-09AB-0812-0F13-9C323BB982E5">
<sourceConnName>PRFINALBD2020</sourceConnName>
<sourceObjSchema>LOTES</sourceObjSchema>
<sourceObjName>ID_LOTE</sourceObjName>
<createdBy>mario</createdBy>
<createdTime>2020-11-05 18:06:14 UTC</createdTime>
<ownerDesignName>Diagrama</ownerDesignName>
<useDomainConstraints>false</useDomainConstraints>
<use>1</use>
<logicalDatatype>LOGDT019</logicalDatatype>
<dataTypePrecision>*</dataTypePrecision>
<dataTypeScale>0</dataTypeScale>
<ownDataTypeParameters>,*,0</ownDataTypeParameters>
<autoIncrementCycle>false</autoIncrementCycle>
<associations>
<colAssociation fkAssociation="638584A1-A8A2-F48B-56D4-E6F76B6AEF57" referredColumn="6E806D51-8CCE-BBA2-4D7F-6BFAE6A7274F"/>
</associations>
</Column>
<Column name="FECHA_VENCIMIENTO" id="B398CF4C-1CED-978C-C6C5-F81BFA07680C">
<sourceConnName>PRFINALBD2020</sourceConnName>
<sourceObjSchema>LOTES</sourceObjSchema>
<sourceObjName>FECHA_VENCIMIENTO</sourceObjName>
<createdBy>mario</createdBy>
<createdTime>2020-11-05 18:06:14 UTC</createdTime>
<ownerDesignName>Diagrama</ownerDesignName>
<nullsAllowed>true</nullsAllowed>
<useDomainConstraints>false</useDomainConstraints>
<use>1</use>
<logicalDatatype>LOGDT007</logicalDatatype>
<dataTypeSize>7</dataTypeSize>
<ownDataTypeParameters>7,,</ownDataTypeParameters>
<autoIncrementCycle>false</autoIncrementCycle>
</Column>
<Column name="INSUMO_CLINICAS_ID_INSUMO" id="6135C36F-16AE-5E7F-55AF-4B38138CAE36">
<sourceConnName>PRFINALBD2020</sourceConnName>
<sourceObjSchema>LOTES</sourceObjSchema>
<sourceObjName>INSUMO_CLINICAS_ID_INSUMO</sourceObjName>
<createdBy>mario</createdBy>
<createdTime>2020-11-05 18:06:14 UTC</createdTime>
<ownerDesignName>Diagrama</ownerDesignName>
<useDomainConstraints>false</useDomainConstraints>
<use>1</use>
<logicalDatatype>LOGDT019</logicalDatatype>
<dataTypePrecision>*</dataTypePrecision>
<dataTypeScale>0</dataTypeScale>
<ownDataTypeParameters>,*,0</ownDataTypeParameters>
<autoIncrementCycle>false</autoIncrementCycle>
<associations>
<colAssociation fkAssociation="3E4C4688-9B0E-EDEA-6851-031947752AEA" referredColumn="C2F42FA9-6E1C-574B-20E9-74389709B3B0"/>
</associations>
</Column>
<Column name="INSUMO_CLINICAS_ID_LOTE" id="62C2B365-EC95-1A13-B02F-60C3052D92D1">
<sourceConnName>PRFINALBD2020</sourceConnName>
<sourceObjSchema>LOTES</sourceObjSchema>
<sourceObjName>INSUMO_CLINICAS_ID_LOTE</sourceObjName>
<createdBy>mario</createdBy>
<createdTime>2020-11-05 18:06:14 UTC</createdTime>
<ownerDesignName>Diagrama</ownerDesignName>
<useDomainConstraints>false</useDomainConstraints>
<use>1</use>
<logicalDatatype>LOGDT019</logicalDatatype>
<dataTypePrecision>*</dataTypePrecision>
<dataTypeScale>0</dataTypeScale>
<ownDataTypeParameters>,*,0</ownDataTypeParameters>
<autoIncrementCycle>false</autoIncrementCycle>
<associations>
<colAssociation fkAssociation="3E4C4688-9B0E-EDEA-6851-031947752AEA" referredColumn="E0AAEE76-7A2C-37C4-B5A4-39EF7C16CEFA"/>
</associations>
</Column>
</columns>
<indexes itemClass="oracle.dbtools.crest.model.design.relational.Index">
<ind_PK_UK id="BFF4ADB8-13CF-75D2-5285-D71543D5FAEE" name="LOTES_PK">
<sourceConnName>PRFINALBD2020</sourceConnName>
<sourceObjSchema>MARIO</sourceObjSchema>
<sourceObjName>LOTES_PK</sourceObjName>
<createdBy>mario</createdBy>
<createdTime>2020-11-05 18:06:14 UTC</createdTime>
<ownerDesignName>Diagrama</ownerDesignName>
<pk>true</pk>
<indexState>Primary Constraint</indexState>
<isSurrogateKey>false</isSurrogateKey>
<indexColumnUsage>
<colUsage columnID="0C6C825C-B2DB-CE46-CADE-F9D997150B98"/>
<colUsage columnID="09DA6591-09AB-0812-0F13-9C323BB982E5"/>
</indexColumnUsage>
</ind_PK_UK>
<ind_PK_UK id="CCD69FB1-DDEE-53C7-268E-BF4315816D60" schemaObject="F64E1D9B-7E6B-CABF-605F-B7EAC2DFD0C0" name="LOTES_PK">
<sourceConnName>PRFINALBD2020</sourceConnName>
<sourceObjSchema>MARIO</sourceObjSchema>
<sourceObjName>LOTES_PK</sourceObjName>
<createdBy>mario</createdBy>
<createdTime>2020-11-05 18:06:14 UTC</createdTime>
<ownerDesignName>Diagrama</ownerDesignName>
<indexState>Unique Plain Index</indexState>
<isSurrogateKey>false</isSurrogateKey>
<indexColumnUsage>
<colUsage columnID="0C6C825C-B2DB-CE46-CADE-F9D997150B98"/>
<colUsage columnID="09DA6591-09AB-0812-0F13-9C323BB982E5"/>
</indexColumnUsage>
</ind_PK_UK>
<ind_PK_UK id="0F061387-BB8B-81ED-201F-077FA2424432" name="LOTES_COMPRAS_FK">
<createdBy>mario</createdBy>
<createdTime>2020-11-05 18:06:14 UTC</createdTime>
<ownerDesignName>Diagrama</ownerDesignName>
<indexState>Foreign Key</indexState>
<isSurrogateKey>false</isSurrogateKey>
<indexColumnUsage>
<colUsage columnID="09DA6591-09AB-0812-0F13-9C323BB982E5"/>
</indexColumnUsage>
</ind_PK_UK>
<ind_PK_UK id="D5D02E57-2DC5-92AA-BADF-4A4F123E9E80" name="LOTES_INSUMO_CLINICAS_FK">
<createdBy>mario</createdBy>
<createdTime>2020-11-05 18:06:14 UTC</createdTime>
<ownerDesignName>Diagrama</ownerDesignName>
<indexState>Foreign Key</indexState>
<isSurrogateKey>false</isSurrogateKey>
<indexColumnUsage>
<colUsage columnID="6135C36F-16AE-5E7F-55AF-4B38138CAE36"/>
<colUsage columnID="62C2B365-EC95-1A13-B02F-60C3052D92D1"/>
</indexColumnUsage>
</ind_PK_UK>
</indexes>
</Table>