<?xml version = '1.0' encoding = 'UTF-8'?>
<Table class="oracle.dbtools.crest.model.design.relational.Table" directorySegmentName="seg_0" id="EE672680-2E9E-47F0-6C0C-71DA9604AC68" schemaObject="F64E1D9B-7E6B-CABF-605F-B7EAC2DFD0C0" name="TELEFONO">
<sourceConnName>PRFINALBD2020</sourceConnName>
<sourceObjSchema>MARIO</sourceObjSchema>
<sourceObjName>TELEFONO</sourceObjName>
<createdBy>mario</createdBy>
<createdTime>2020-11-05 18:06:14 UTC</createdTime>
<ownerDesignName>Diagrama</ownerDesignName>
<allowColumnReorder>false</allowColumnReorder>
<existDependencyGenerateInDDl>true</existDependencyGenerateInDDl>
<parsed>true</parsed>
<columns itemClass="oracle.dbtools.crest.model.design.relational.Column">
<Column name="ID_TELEFONO" id="4F8B4961-A343-EEED-62DB-6BC864062AD9">
<sourceConnName>PRFINALBD2020</sourceConnName>
<sourceObjSchema>TELEFONO</sourceObjSchema>
<sourceObjName>ID_TELEFONO</sourceObjName>
<createdBy>mario</createdBy>
<createdTime>2020-11-05 18:06:14 UTC</createdTime>
<ownerDesignName>Diagrama</ownerDesignName>
<useDomainConstraints>false</useDomainConstraints>
<use>1</use>
<logicalDatatype>LOGDT019</logicalDatatype>
<dataTypePrecision>*</dataTypePrecision>
<dataTypeScale>0</dataTypeScale>
<ownDataTypeParameters>,*,0</ownDataTypeParameters>
<autoIncrementCycle>false</autoIncrementCycle>
<associations>
<colAssociation fkAssociation="7A3E33B2-D8C1-7F59-89E9-C8DF2308DDEB" referredColumn="5C0E92DB-7F50-4D6F-BCB4-1F8924AC7A0C"/>
</associations>
</Column>
<Column name="ID_TIPO_TELEFONO" id="56DF3041-18CC-2EDD-E539-6106C9529E79">
<sourceConnName>PRFINALBD2020</sourceConnName>
<sourceObjSchema>TELEFONO</sourceObjSchema>
<sourceObjName>ID_TIPO_TELEFONO</sourceObjName>
<createdBy>mario</createdBy>
<createdTime>2020-11-05 18:06:14 UTC</createdTime>
<ownerDesignName>Diagrama</ownerDesignName>
<nullsAllowed>true</nullsAllowed>
<useDomainConstraints>false</useDomainConstraints>
<use>1</use>
<logicalDatatype>LOGDT019</logicalDatatype>
<dataTypePrecision>*</dataTypePrecision>
<dataTypeScale>0</dataTypeScale>
<ownDataTypeParameters>,*,0</ownDataTypeParameters>
<autoIncrementCycle>false</autoIncrementCycle>
</Column>
<Column name="ID_COMPANIA" id="C29E251C-8628-DA59-B43E-B8B4EB44E215">
<sourceConnName>PRFINALBD2020</sourceConnName>
<sourceObjSchema>TELEFONO</sourceObjSchema>
<sourceObjName>ID_COMPANIA</sourceObjName>
<createdBy>mario</createdBy>
<createdTime>2020-11-05 18:06:14 UTC</createdTime>
<ownerDesignName>Diagrama</ownerDesignName>
<nullsAllowed>true</nullsAllowed>
<useDomainConstraints>false</useDomainConstraints>
<use>1</use>
<logicalDatatype>LOGDT019</logicalDatatype>
<dataTypePrecision>*</dataTypePrecision>
<dataTypeScale>0</dataTypeScale>
<ownDataTypeParameters>,*,0</ownDataTypeParameters>
<autoIncrementCycle>false</autoIncrementCycle>
</Column>
<Column name="TELEFONO" id="1DC1D412-E6E5-96A4-8779-24F2A74B8277">
<sourceConnName>PRFINALBD2020</sourceConnName>
<sourceObjSchema>TELEFONO</sourceObjSchema>
<sourceObjName>TELEFONO</sourceObjName>
<createdBy>mario</createdBy>
<createdTime>2020-11-05 18:06:14 UTC</createdTime>
<ownerDesignName>Diagrama</ownerDesignName>
<nullsAllowed>true</nullsAllowed>
<useDomainConstraints>false</useDomainConstraints>
<use>1</use>
<logicalDatatype>LOGDT019</logicalDatatype>
<dataTypePrecision>15</dataTypePrecision>
<dataTypeScale>0</dataTypeScale>
<ownDataTypeParameters>,15,0</ownDataTypeParameters>
<autoIncrementCycle>false</autoIncrementCycle>
</Column>
</columns>
<indexes itemClass="oracle.dbtools.crest.model.design.relational.Index">
<ind_PK_UK id="1ACACB1D-AF7C-FEB5-4114-DA1A276496A8" name="TELEFONO_PK">
<sourceConnName>PRFINALBD2020</sourceConnName>
<sourceObjSchema>MARIO</sourceObjSchema>
<sourceObjName>TELEFONO_PK</sourceObjName>
<createdBy>mario</createdBy>
<createdTime>2020-11-05 18:06:14 UTC</createdTime>
<ownerDesignName>Diagrama</ownerDesignName>
<pk>true</pk>
<indexState>Primary Constraint</indexState>
<isSurrogateKey>false</isSurrogateKey>
<indexColumnUsage>
<colUsage columnID="4F8B4961-A343-EEED-62DB-6BC864062AD9"/>
</indexColumnUsage>
</ind_PK_UK>
<ind_PK_UK id="35B8282D-6F1E-9E14-0E1D-332AFDE7943D" schemaObject="F64E1D9B-7E6B-CABF-605F-B7EAC2DFD0C0" name="TELEFONO_PK">
<sourceConnName>PRFINALBD2020</sourceConnName>
<sourceObjSchema>MARIO</sourceObjSchema>
<sourceObjName>TELEFONO_PK</sourceObjName>
<createdBy>mario</createdBy>
<createdTime>2020-11-05 18:06:14 UTC</createdTime>
<ownerDesignName>Diagrama</ownerDesignName>
<indexState>Unique Plain Index</indexState>
<isSurrogateKey>false</isSurrogateKey>
<indexColumnUsage>
<colUsage columnID="4F8B4961-A343-EEED-62DB-6BC864062AD9"/>
</indexColumnUsage>
</ind_PK_UK>
<ind_PK_UK id="74AE143A-B1CC-B3AD-3B0C-408D2B66D829" name="TELEFONO_TELEFONO_PERSONA_FK">
<createdBy>mario</createdBy>
<createdTime>2020-11-05 18:06:14 UTC</createdTime>
<ownerDesignName>Diagrama</ownerDesignName>
<indexState>Foreign Key</indexState>
<isSurrogateKey>false</isSurrogateKey>
<indexColumnUsage>
<colUsage columnID="4F8B4961-A343-EEED-62DB-6BC864062AD9"/>
</indexColumnUsage>
</ind_PK_UK>
</indexes>
</Table>