<?xml version = '1.0' encoding = 'UTF-8'?>
<Table class="oracle.dbtools.crest.model.design.relational.Table" directorySegmentName="seg_0" id="F2DF22D7-F77A-F5BE-AA78-8DACDDEDA92E" schemaObject="F64E1D9B-7E6B-CABF-605F-B7EAC2DFD0C0" name="ESPECIALIDAD_MEDICO">
<sourceConnName>PRFINALBD2020</sourceConnName>
<sourceObjSchema>MARIO</sourceObjSchema>
<sourceObjName>ESPECIALIDAD_MEDICO</sourceObjName>
<createdBy>mario</createdBy>
<createdTime>2020-11-05 18:06:13 UTC</createdTime>
<ownerDesignName>Diagrama</ownerDesignName>
<allowColumnReorder>false</allowColumnReorder>
<existDependencyGenerateInDDl>true</existDependencyGenerateInDDl>
<parsed>true</parsed>
<columns itemClass="oracle.dbtools.crest.model.design.relational.Column">
<Column name="ID_MEDICO" id="64AC3B6C-83BC-FF22-C325-0BB5BFCB897C">
<sourceConnName>PRFINALBD2020</sourceConnName>
<sourceObjSchema>ESPECIALIDAD_MEDICO</sourceObjSchema>
<sourceObjName>ID_MEDICO</sourceObjName>
<createdBy>mario</createdBy>
<createdTime>2020-11-05 18:06:14 UTC</createdTime>
<ownerDesignName>Diagrama</ownerDesignName>
<useDomainConstraints>false</useDomainConstraints>
<use>1</use>
<logicalDatatype>LOGDT019</logicalDatatype>
<dataTypePrecision>*</dataTypePrecision>
<dataTypeScale>0</dataTypeScale>
<ownDataTypeParameters>,*,0</ownDataTypeParameters>
<autoIncrementCycle>false</autoIncrementCycle>
<associations>
<colAssociation fkAssociation="C6AFE88D-0133-B8CE-058B-40E646430120" referredColumn="357E815C-C9B8-345B-5AE4-C38818039518"/>
</associations>
</Column>
<Column name="ID_ESPECIALIDAD" id="124B7C52-34BC-4ABB-D036-6AC7EE386A2E">
<sourceConnName>PRFINALBD2020</sourceConnName>
<sourceObjSchema>ESPECIALIDAD_MEDICO</sourceObjSchema>
<sourceObjName>ID_ESPECIALIDAD</sourceObjName>
<createdBy>mario</createdBy>
<createdTime>2020-11-05 18:06:14 UTC</createdTime>
<ownerDesignName>Diagrama</ownerDesignName>
<useDomainConstraints>false</useDomainConstraints>
<use>1</use>
<logicalDatatype>LOGDT019</logicalDatatype>
<dataTypePrecision>*</dataTypePrecision>
<dataTypeScale>0</dataTypeScale>
<ownDataTypeParameters>,*,0</ownDataTypeParameters>
<autoIncrementCycle>false</autoIncrementCycle>
<associations>
<colAssociation fkAssociation="DB1E367E-1DB9-BB37-BB00-B57FEB2291E6" referredColumn="D46EC098-6E96-9597-5921-C7064235873A"/>
</associations>
</Column>
<Column name="FECHA_REGISTRO" id="CD883F3A-DB24-412E-5FD4-F1219C7F518C">
<sourceConnName>PRFINALBD2020</sourceConnName>
<sourceObjSchema>ESPECIALIDAD_MEDICO</sourceObjSchema>
<sourceObjName>FECHA_REGISTRO</sourceObjName>
<createdBy>mario</createdBy>
<createdTime>2020-11-05 18:06:14 UTC</createdTime>
<ownerDesignName>Diagrama</ownerDesignName>
<nullsAllowed>true</nullsAllowed>
<useDomainConstraints>false</useDomainConstraints>
<use>1</use>
<logicalDatatype>LOGDT007</logicalDatatype>
<dataTypeSize>7</dataTypeSize>
<ownDataTypeParameters>7,,</ownDataTypeParameters>
<autoIncrementCycle>false</autoIncrementCycle>
</Column>
</columns>
<indexes itemClass="oracle.dbtools.crest.model.design.relational.Index">
<ind_PK_UK id="39BE6236-6F54-BE58-1580-D69913F00AB4" name="ESPECIALIDAD_MEDICO_PK">
<sourceConnName>PRFINALBD2020</sourceConnName>
<sourceObjSchema>MARIO</sourceObjSchema>
<sourceObjName>ESPECIALIDAD_MEDICO_PK</sourceObjName>
<createdBy>mario</createdBy>
<createdTime>2020-11-05 18:06:14 UTC</createdTime>
<ownerDesignName>Diagrama</ownerDesignName>
<pk>true</pk>
<indexState>Primary Constraint</indexState>
<isSurrogateKey>false</isSurrogateKey>
<indexColumnUsage>
<colUsage columnID="64AC3B6C-83BC-FF22-C325-0BB5BFCB897C"/>
<colUsage columnID="124B7C52-34BC-4ABB-D036-6AC7EE386A2E"/>
</indexColumnUsage>
</ind_PK_UK>
<ind_PK_UK id="DB6CCEC4-D18B-58C3-679F-AE596E9A2F97" schemaObject="F64E1D9B-7E6B-CABF-605F-B7EAC2DFD0C0" name="ESPECIALIDAD_MEDICO_PK">
<sourceConnName>PRFINALBD2020</sourceConnName>
<sourceObjSchema>MARIO</sourceObjSchema>
<sourceObjName>ESPECIALIDAD_MEDICO_PK</sourceObjName>
<createdBy>mario</createdBy>
<createdTime>2020-11-05 18:06:14 UTC</createdTime>
<ownerDesignName>Diagrama</ownerDesignName>
<indexState>Unique Plain Index</indexState>
<isSurrogateKey>false</isSurrogateKey>
<indexColumnUsage>
<colUsage columnID="64AC3B6C-83BC-FF22-C325-0BB5BFCB897C"/>
<colUsage columnID="124B7C52-34BC-4ABB-D036-6AC7EE386A2E"/>
</indexColumnUsage>
</ind_PK_UK>
<ind_PK_UK id="548349AD-4428-B871-4087-2B5875E20AC1" name="ESPECIALIDAD_ESPECIAMD">
<createdBy>mario</createdBy>
<createdTime>2020-11-05 18:06:14 UTC</createdTime>
<ownerDesignName>Diagrama</ownerDesignName>
<indexState>Foreign Key</indexState>
<isSurrogateKey>false</isSurrogateKey>
<indexColumnUsage>
<colUsage columnID="124B7C52-34BC-4ABB-D036-6AC7EE386A2E"/>
</indexColumnUsage>
</ind_PK_UK>
<ind_PK_UK id="F356710F-6B70-C68D-5DF9-89361B480AC3" name="ESPECIAL_MEDICO">
<createdBy>mario</createdBy>
<createdTime>2020-11-05 18:06:14 UTC</createdTime>
<ownerDesignName>Diagrama</ownerDesignName>
<indexState>Foreign Key</indexState>
<isSurrogateKey>false</isSurrogateKey>
<indexColumnUsage>
<colUsage columnID="64AC3B6C-83BC-FF22-C325-0BB5BFCB897C"/>
</indexColumnUsage>
</ind_PK_UK>
</indexes>
</Table>