<?xml version = '1.0' encoding = 'UTF-8'?>
<Table class="oracle.dbtools.crest.model.design.relational.Table" directorySegmentName="seg_0" id="F9FB7931-3D40-E773-FE13-B90969672AC9" schemaObject="F64E1D9B-7E6B-CABF-605F-B7EAC2DFD0C0" name="ROL_APLICACION">
<sourceConnName>PRFINALBD2020</sourceConnName>
<sourceObjSchema>MARIO</sourceObjSchema>
<sourceObjName>ROL_APLICACION</sourceObjName>
<createdBy>mario</createdBy>
<createdTime>2020-11-05 18:06:14 UTC</createdTime>
<ownerDesignName>Diagrama</ownerDesignName>
<allowColumnReorder>false</allowColumnReorder>
<existDependencyGenerateInDDl>true</existDependencyGenerateInDDl>
<parsed>true</parsed>
<columns itemClass="oracle.dbtools.crest.model.design.relational.Column">
<Column name="ID_ROL_APLICACION" id="361C19DC-0238-BC82-B82E-13BB149AB124">
<sourceConnName>PRFINALBD2020</sourceConnName>
<sourceObjSchema>ROL_APLICACION</sourceObjSchema>
<sourceObjName>ID_ROL_APLICACION</sourceObjName>
<createdBy>mario</createdBy>
<createdTime>2020-11-05 18:06:14 UTC</createdTime>
<ownerDesignName>Diagrama</ownerDesignName>
<useDomainConstraints>false</useDomainConstraints>
<use>1</use>
<logicalDatatype>LOGDT019</logicalDatatype>
<dataTypePrecision>*</dataTypePrecision>
<dataTypeScale>0</dataTypeScale>
<ownDataTypeParameters>,*,0</ownDataTypeParameters>
<autoIncrementCycle>false</autoIncrementCycle>
</Column>
<Column name="ID_MENU" id="8F557173-DEE6-5F61-E329-282D598BD037">
<sourceConnName>PRFINALBD2020</sourceConnName>
<sourceObjSchema>ROL_APLICACION</sourceObjSchema>
<sourceObjName>ID_MENU</sourceObjName>
<createdBy>mario</createdBy>
<createdTime>2020-11-05 18:06:14 UTC</createdTime>
<ownerDesignName>Diagrama</ownerDesignName>
<useDomainConstraints>false</useDomainConstraints>
<use>1</use>
<logicalDatatype>LOGDT019</logicalDatatype>
<dataTypePrecision>*</dataTypePrecision>
<dataTypeScale>0</dataTypeScale>
<ownDataTypeParameters>,*,0</ownDataTypeParameters>
<autoIncrementCycle>false</autoIncrementCycle>
<associations>
<colAssociation fkAssociation="81B5717E-DD69-FE68-40C5-6A0085D71334" referredColumn="07FA8240-4CAE-6C01-7397-82CC6ECEB105"/>
</associations>
</Column>
</columns>
<indexes itemClass="oracle.dbtools.crest.model.design.relational.Index">
<ind_PK_UK id="4709609F-9EA6-D684-726C-43AFB2357649" name="ROL_APLICACION_PK">
<sourceConnName>PRFINALBD2020</sourceConnName>
<sourceObjSchema>MARIO</sourceObjSchema>
<sourceObjName>ROL_APLICACION_PK</sourceObjName>
<createdBy>mario</createdBy>
<createdTime>2020-11-05 18:06:14 UTC</createdTime>
<ownerDesignName>Diagrama</ownerDesignName>
<pk>true</pk>
<indexState>Primary Constraint</indexState>
<isSurrogateKey>false</isSurrogateKey>
<indexColumnUsage>
<colUsage columnID="361C19DC-0238-BC82-B82E-13BB149AB124"/>
</indexColumnUsage>
</ind_PK_UK>
<ind_PK_UK id="6F73CB22-4D04-3087-716C-1441C739F4BF" schemaObject="F64E1D9B-7E6B-CABF-605F-B7EAC2DFD0C0" name="ROL_APLICACION_PK">
<sourceConnName>PRFINALBD2020</sourceConnName>
<sourceObjSchema>MARIO</sourceObjSchema>
<sourceObjName>ROL_APLICACION_PK</sourceObjName>
<createdBy>mario</createdBy>
<createdTime>2020-11-05 18:06:14 UTC</createdTime>
<ownerDesignName>Diagrama</ownerDesignName>
<indexState>Unique Plain Index</indexState>
<isSurrogateKey>false</isSurrogateKey>
<indexColumnUsage>
<colUsage columnID="361C19DC-0238-BC82-B82E-13BB149AB124"/>
</indexColumnUsage>
</ind_PK_UK>
<ind_PK_UK id="438B412F-0A68-0549-AC55-3CEBBD32AE51" name="ROL_APLICACION_MENU_FK">
<createdBy>mario</createdBy>
<createdTime>2020-11-05 18:06:14 UTC</createdTime>
<ownerDesignName>Diagrama</ownerDesignName>
<indexState>Foreign Key</indexState>
<isSurrogateKey>false</isSurrogateKey>
<indexColumnUsage>
<colUsage columnID="8F557173-DEE6-5F61-E329-282D598BD037"/>
</indexColumnUsage>
</ind_PK_UK>
</indexes>
</Table>