<?xml version = '1.0' encoding = 'UTF-8'?>
<Table class="oracle.dbtools.crest.model.design.relational.Table" directorySegmentName="seg_0" id="FADA4BE7-D438-FCA2-729A-9410CF69C598" schemaObject="F64E1D9B-7E6B-CABF-605F-B7EAC2DFD0C0" name="RAZON_SOCIAL_PERSONA">
<sourceConnName>PRFINALBD2020</sourceConnName>
<sourceObjSchema>MARIO</sourceObjSchema>
<sourceObjName>RAZON_SOCIAL_PERSONA</sourceObjName>
<createdBy>mario</createdBy>
<createdTime>2020-11-05 18:06:13 UTC</createdTime>
<ownerDesignName>Diagrama</ownerDesignName>
<allowColumnReorder>false</allowColumnReorder>
<existDependencyGenerateInDDl>true</existDependencyGenerateInDDl>
<parsed>true</parsed>
<columns itemClass="oracle.dbtools.crest.model.design.relational.Column">
<Column name="ID_RAZON_SOCIAL" id="65A4CB8B-427F-BAA6-67DD-1B023643A7DB">
<sourceConnName>PRFINALBD2020</sourceConnName>
<sourceObjSchema>RAZON_SOCIAL_PERSONA</sourceObjSchema>
<sourceObjName>ID_RAZON_SOCIAL</sourceObjName>
<createdBy>mario</createdBy>
<createdTime>2020-11-05 18:06:14 UTC</createdTime>
<ownerDesignName>Diagrama</ownerDesignName>
<useDomainConstraints>false</useDomainConstraints>
<use>1</use>
<logicalDatatype>LOGDT019</logicalDatatype>
<dataTypePrecision>*</dataTypePrecision>
<dataTypeScale>0</dataTypeScale>
<ownDataTypeParameters>,*,0</ownDataTypeParameters>
<autoIncrementCycle>false</autoIncrementCycle>
</Column>
<Column name="ID_PERSONA" id="345A45E3-B87B-DDA1-D0B3-7598E10FBAE0">
<sourceConnName>PRFINALBD2020</sourceConnName>
<sourceObjSchema>RAZON_SOCIAL_PERSONA</sourceObjSchema>
<sourceObjName>ID_PERSONA</sourceObjName>
<createdBy>mario</createdBy>
<createdTime>2020-11-05 18:06:14 UTC</createdTime>
<ownerDesignName>Diagrama</ownerDesignName>
<useDomainConstraints>false</useDomainConstraints>
<use>1</use>
<logicalDatatype>LOGDT019</logicalDatatype>
<dataTypePrecision>*</dataTypePrecision>
<dataTypeScale>0</dataTypeScale>
<ownDataTypeParameters>,*,0</ownDataTypeParameters>
<autoIncrementCycle>false</autoIncrementCycle>
<associations>
<colAssociation fkAssociation="AAB94572-AE90-CD22-EF57-217FC021958F" referredColumn="2874E60D-B59D-BC95-05B4-A4C7593031E2"/>
</associations>
</Column>
<Column name="ID_TIPO_RAZON_SOCIAL" id="70F7C5C4-577D-2B17-0ACC-7DC4A3C61D4F">
<sourceConnName>PRFINALBD2020</sourceConnName>
<sourceObjSchema>RAZON_SOCIAL_PERSONA</sourceObjSchema>
<sourceObjName>ID_TIPO_RAZON_SOCIAL</sourceObjName>
<createdBy>mario</createdBy>
<createdTime>2020-11-05 18:06:14 UTC</createdTime>
<ownerDesignName>Diagrama</ownerDesignName>
<nullsAllowed>true</nullsAllowed>
<useDomainConstraints>false</useDomainConstraints>
<use>1</use>
<logicalDatatype>LOGDT024</logicalDatatype>
<dataTypeSize>100 BYTE</dataTypeSize>
<ownDataTypeParameters>100 BYTE,,</ownDataTypeParameters>
<autoIncrementCycle>false</autoIncrementCycle>
</Column>
<Column name="NIT" id="FE860956-B0BA-6ADC-FB9B-7D63D8F753A6">
<sourceConnName>PRFINALBD2020</sourceConnName>
<sourceObjSchema>RAZON_SOCIAL_PERSONA</sourceObjSchema>
<sourceObjName>NIT</sourceObjName>
<createdBy>mario</createdBy>
<createdTime>2020-11-05 18:06:14 UTC</createdTime>
<ownerDesignName>Diagrama</ownerDesignName>
<nullsAllowed>true</nullsAllowed>
<useDomainConstraints>false</useDomainConstraints>
<use>1</use>
<logicalDatatype>LOGDT024</logicalDatatype>
<dataTypeSize>25 BYTE</dataTypeSize>
<ownDataTypeParameters>25 BYTE,,</ownDataTypeParameters>
<autoIncrementCycle>false</autoIncrementCycle>
</Column>
</columns>
<indexes itemClass="oracle.dbtools.crest.model.design.relational.Index">
<ind_PK_UK id="E445248A-70D6-95B0-F9A2-5C9CF588CEB7" name="RAZON_SOCIAL_PERSONA_PK">
<sourceConnName>PRFINALBD2020</sourceConnName>
<sourceObjSchema>MARIO</sourceObjSchema>
<sourceObjName>RAZON_SOCIAL_PERSONA_PK</sourceObjName>
<createdBy>mario</createdBy>
<createdTime>2020-11-05 18:06:14 UTC</createdTime>
<ownerDesignName>Diagrama</ownerDesignName>
<pk>true</pk>
<indexState>Primary Constraint</indexState>
<isSurrogateKey>false</isSurrogateKey>
<indexColumnUsage>
<colUsage columnID="65A4CB8B-427F-BAA6-67DD-1B023643A7DB"/>
</indexColumnUsage>
</ind_PK_UK>
<ind_PK_UK id="531D548E-217F-76E7-076D-2B0F11015788" schemaObject="F64E1D9B-7E6B-CABF-605F-B7EAC2DFD0C0" name="RAZON_SOCIAL_PERSONA_PK">
<sourceConnName>PRFINALBD2020</sourceConnName>
<sourceObjSchema>MARIO</sourceObjSchema>
<sourceObjName>RAZON_SOCIAL_PERSONA_PK</sourceObjName>
<createdBy>mario</createdBy>
<createdTime>2020-11-05 18:06:14 UTC</createdTime>
<ownerDesignName>Diagrama</ownerDesignName>
<indexState>Unique Plain Index</indexState>
<isSurrogateKey>false</isSurrogateKey>
<indexColumnUsage>
<colUsage columnID="65A4CB8B-427F-BAA6-67DD-1B023643A7DB"/>
</indexColumnUsage>
</ind_PK_UK>
<ind_PK_UK id="3979E1AF-B39F-C0DF-AE24-C20D66579865" name="RAZONSOCIAL_PERSONA">
<createdBy>mario</createdBy>
<createdTime>2020-11-05 18:06:14 UTC</createdTime>
<ownerDesignName>Diagrama</ownerDesignName>
<indexState>Foreign Key</indexState>
<isSurrogateKey>false</isSurrogateKey>
<indexColumnUsage>
<colUsage columnID="345A45E3-B87B-DDA1-D0B3-7598E10FBAE0"/>
</indexColumnUsage>
</ind_PK_UK>
</indexes>
</Table>