<?xml version = '1.0' encoding = 'UTF-8'?>
<Table class="oracle.dbtools.crest.model.design.relational.Table" directorySegmentName="seg_0" id="FCCE1C29-37A9-FE27-85F4-F370B2ED9DDD" schemaObject="F64E1D9B-7E6B-CABF-605F-B7EAC2DFD0C0" name="CREDITO_CILIENTE">
<sourceConnName>PRFINALBD2020</sourceConnName>
<sourceObjSchema>MARIO</sourceObjSchema>
<sourceObjName>CREDITO_CILIENTE</sourceObjName>
<createdBy>mario</createdBy>
<createdTime>2020-11-05 18:06:13 UTC</createdTime>
<ownerDesignName>Diagrama</ownerDesignName>
<allowColumnReorder>false</allowColumnReorder>
<existDependencyGenerateInDDl>true</existDependencyGenerateInDDl>
<parsed>true</parsed>
<columns itemClass="oracle.dbtools.crest.model.design.relational.Column">
<Column name="ID_CREDITO" id="AD71A894-7F67-86FF-8C95-713CEC36CCA9">
<sourceConnName>PRFINALBD2020</sourceConnName>
<sourceObjSchema>CREDITO_CILIENTE</sourceObjSchema>
<sourceObjName>ID_CREDITO</sourceObjName>
<createdBy>mario</createdBy>
<createdTime>2020-11-05 18:06:14 UTC</createdTime>
<ownerDesignName>Diagrama</ownerDesignName>
<useDomainConstraints>false</useDomainConstraints>
<use>1</use>
<logicalDatatype>LOGDT019</logicalDatatype>
<dataTypePrecision>*</dataTypePrecision>
<dataTypeScale>0</dataTypeScale>
<ownDataTypeParameters>,*,0</ownDataTypeParameters>
<autoIncrementCycle>false</autoIncrementCycle>
</Column>
<Column name="ID_CLIENTE" id="6AC43BC6-BFEB-AE96-727C-D17F85A5201C">
<sourceConnName>PRFINALBD2020</sourceConnName>
<sourceObjSchema>CREDITO_CILIENTE</sourceObjSchema>
<sourceObjName>ID_CLIENTE</sourceObjName>
<createdBy>mario</createdBy>
<createdTime>2020-11-05 18:06:14 UTC</createdTime>
<ownerDesignName>Diagrama</ownerDesignName>
<nullsAllowed>true</nullsAllowed>
<useDomainConstraints>false</useDomainConstraints>
<use>1</use>
<logicalDatatype>LOGDT019</logicalDatatype>
<dataTypePrecision>*</dataTypePrecision>
<dataTypeScale>0</dataTypeScale>
<ownDataTypeParameters>,*,0</ownDataTypeParameters>
<autoIncrementCycle>false</autoIncrementCycle>
<associations>
<colAssociation fkAssociation="4A9368F0-7857-FEB9-D4A4-BBDA07290C90" referredColumn="D45C7C0E-52E6-1799-83D1-B1B6F824858B"/>
</associations>
</Column>
<Column name="ID_INTERES" id="729506AA-F47D-4205-8325-0D5644E534D7">
<sourceConnName>PRFINALBD2020</sourceConnName>
<sourceObjSchema>CREDITO_CILIENTE</sourceObjSchema>
<sourceObjName>ID_INTERES</sourceObjName>
<createdBy>mario</createdBy>
<createdTime>2020-11-05 18:06:14 UTC</createdTime>
<ownerDesignName>Diagrama</ownerDesignName>
<nullsAllowed>true</nullsAllowed>
<useDomainConstraints>false</useDomainConstraints>
<use>1</use>
<logicalDatatype>LOGDT019</logicalDatatype>
<dataTypePrecision>*</dataTypePrecision>
<dataTypeScale>0</dataTypeScale>
<ownDataTypeParameters>,*,0</ownDataTypeParameters>
<autoIncrementCycle>false</autoIncrementCycle>
<associations>
<colAssociation fkAssociation="B21537D9-030D-CF36-688E-55C6745145F1" referredColumn="5D2248CC-463C-2A90-D4B2-FEEB91ADD49C"/>
</associations>
</Column>
<Column name="SALDO" id="132EA3F0-20BC-2115-815C-C3C142AEC96A">
<sourceConnName>PRFINALBD2020</sourceConnName>
<sourceObjSchema>CREDITO_CILIENTE</sourceObjSchema>
<sourceObjName>SALDO</sourceObjName>
<createdBy>mario</createdBy>
<createdTime>2020-11-05 18:06:14 UTC</createdTime>
<ownerDesignName>Diagrama</ownerDesignName>
<nullsAllowed>true</nullsAllowed>
<useDomainConstraints>false</useDomainConstraints>
<use>1</use>
<logicalDatatype>LOGDT021</logicalDatatype>
<dataTypePrecision>126</dataTypePrecision>
<ownDataTypeParameters>,126,</ownDataTypeParameters>
<autoIncrementCycle>false</autoIncrementCycle>
</Column>
<Column name="FECHA_INICIO" id="F18B9605-4C62-55A6-12E3-B5359D0FF217">
<sourceConnName>PRFINALBD2020</sourceConnName>
<sourceObjSchema>CREDITO_CILIENTE</sourceObjSchema>
<sourceObjName>FECHA_INICIO</sourceObjName>
<createdBy>mario</createdBy>
<createdTime>2020-11-05 18:06:14 UTC</createdTime>
<ownerDesignName>Diagrama</ownerDesignName>
<nullsAllowed>true</nullsAllowed>
<useDomainConstraints>false</useDomainConstraints>
<use>1</use>
<logicalDatatype>LOGDT007</logicalDatatype>
<dataTypeSize>7</dataTypeSize>
<ownDataTypeParameters>7,,</ownDataTypeParameters>
<autoIncrementCycle>false</autoIncrementCycle>
</Column>
<Column name="FECHA_FIN" id="E2C65509-B7E5-8606-8FED-6F147BE31D24">
<sourceConnName>PRFINALBD2020</sourceConnName>
<sourceObjSchema>CREDITO_CILIENTE</sourceObjSchema>
<sourceObjName>FECHA_FIN</sourceObjName>
<createdBy>mario</createdBy>
<createdTime>2020-11-05 18:06:14 UTC</createdTime>
<ownerDesignName>Diagrama</ownerDesignName>
<nullsAllowed>true</nullsAllowed>
<useDomainConstraints>false</useDomainConstraints>
<use>1</use>
<logicalDatatype>LOGDT007</logicalDatatype>
<dataTypeSize>7</dataTypeSize>
<ownDataTypeParameters>7,,</ownDataTypeParameters>
<autoIncrementCycle>false</autoIncrementCycle>
</Column>
<Column name="USUARIO_REGISTRO" id="4467368A-3E75-862D-C86E-7F0E72D75F1F">
<sourceConnName>PRFINALBD2020</sourceConnName>
<sourceObjSchema>CREDITO_CILIENTE</sourceObjSchema>
<sourceObjName>USUARIO_REGISTRO</sourceObjName>
<createdBy>mario</createdBy>
<createdTime>2020-11-05 18:06:14 UTC</createdTime>
<ownerDesignName>Diagrama</ownerDesignName>
<nullsAllowed>true</nullsAllowed>
<useDomainConstraints>false</useDomainConstraints>
<use>1</use>
<logicalDatatype>LOGDT019</logicalDatatype>
<dataTypePrecision>*</dataTypePrecision>
<dataTypeScale>0</dataTypeScale>
<ownDataTypeParameters>,*,0</ownDataTypeParameters>
<autoIncrementCycle>false</autoIncrementCycle>
</Column>
<Column name="LIMITE" id="C1CE345E-B67D-726F-7DBA-682F8BA9C535">
<sourceConnName>PRFINALBD2020</sourceConnName>
<sourceObjSchema>CREDITO_CILIENTE</sourceObjSchema>
<sourceObjName>LIMITE</sourceObjName>
<createdBy>mario</createdBy>
<createdTime>2020-11-05 18:06:14 UTC</createdTime>
<ownerDesignName>Diagrama</ownerDesignName>
<nullsAllowed>true</nullsAllowed>
<useDomainConstraints>false</useDomainConstraints>
<use>1</use>
<logicalDatatype>LOGDT019</logicalDatatype>
<dataTypePrecision>*</dataTypePrecision>
<dataTypeScale>0</dataTypeScale>
<ownDataTypeParameters>,*,0</ownDataTypeParameters>
<autoIncrementCycle>false</autoIncrementCycle>
</Column>
</columns>
<indexes itemClass="oracle.dbtools.crest.model.design.relational.Index">
<ind_PK_UK id="07C98A58-7111-55C7-9CA7-B094F320B934" name="PK_CREDITO_CILIENTE">
<sourceConnName>PRFINALBD2020</sourceConnName>
<sourceObjSchema>MARIO</sourceObjSchema>
<sourceObjName>PK_CREDITO_CILIENTE</sourceObjName>
<createdBy>mario</createdBy>
<createdTime>2020-11-05 18:06:14 UTC</createdTime>
<ownerDesignName>Diagrama</ownerDesignName>
<pk>true</pk>
<indexState>Primary Constraint</indexState>
<isSurrogateKey>false</isSurrogateKey>
<indexColumnUsage>
<colUsage columnID="AD71A894-7F67-86FF-8C95-713CEC36CCA9"/>
</indexColumnUsage>
</ind_PK_UK>
<ind_PK_UK id="3AA29775-803B-052A-5F19-19752A86FCEA" schemaObject="F64E1D9B-7E6B-CABF-605F-B7EAC2DFD0C0" name="PK_CREDITO_CILIENTE">
<sourceConnName>PRFINALBD2020</sourceConnName>
<sourceObjSchema>MARIO</sourceObjSchema>
<sourceObjName>PK_CREDITO_CILIENTE</sourceObjName>
<createdBy>mario</createdBy>
<createdTime>2020-11-05 18:06:14 UTC</createdTime>
<ownerDesignName>Diagrama</ownerDesignName>
<indexState>Unique Plain Index</indexState>
<isSurrogateKey>false</isSurrogateKey>
<indexColumnUsage>
<colUsage columnID="AD71A894-7F67-86FF-8C95-713CEC36CCA9"/>
</indexColumnUsage>
</ind_PK_UK>
<ind_PK_UK id="4C030BA5-E0D9-124B-703D-13450697530E" name="FK_CREDITO__REFERENCE_CLIENTE">
<createdBy>mario</createdBy>
<createdTime>2020-11-05 18:06:14 UTC</createdTime>
<ownerDesignName>Diagrama</ownerDesignName>
<indexState>Foreign Key</indexState>
<isSurrogateKey>false</isSurrogateKey>
<indexColumnUsage>
<colUsage columnID="6AC43BC6-BFEB-AE96-727C-D17F85A5201C"/>
</indexColumnUsage>
</ind_PK_UK>
<ind_PK_UK id="B33C3737-3D98-0599-F116-32787A426A93" name="FK_CREDITO__REFERENCE_INTERES">
<createdBy>mario</createdBy>
<createdTime>2020-11-05 18:06:14 UTC</createdTime>
<ownerDesignName>Diagrama</ownerDesignName>
<indexState>Foreign Key</indexState>
<isSurrogateKey>false</isSurrogateKey>
<indexColumnUsage>
<colUsage columnID="729506AA-F47D-4205-8325-0D5644E534D7"/>
</indexColumnUsage>
</ind_PK_UK>
</indexes>
</Table>