<?xml version = '1.0' encoding = 'UTF-8'?>
<FKIndexAssociation class="oracle.dbtools.crest.model.design.relational.FKIndexAssociation" directorySegmentName="seg_1" id="0070F321-199B-38EC-36C1-5D914BE8800D" containerWithKeyObject="DAAE24F0-731D-4C5A-4ED0-CC20657A3FF1" localFKIndex="8AAD783E-517B-7E43-1BDF-52CC0DAA9580" name="PERSONA_ROL_FK">
<sourceConnName>PRFINALBD2020</sourceConnName>
<sourceObjSchema>MARIO</sourceObjSchema>
<sourceObjName>PERSONA_ROL_FK</sourceObjName>
<createdBy>mario</createdBy>
<createdTime>2020-11-05 18:06:14 UTC</createdTime>
<ownerDesignName>Diagrama</ownerDesignName>
<referredTableLongName>MARIO.ROL_PERSONA</referredTableLongName>
<deleteRule>NO ACTION</deleteRule>
<referredTableID>3852FEC3-870E-C8BF-7F11-E886C2D624BE</referredTableID>
<keyObject>90CC7DA9-604D-A2ED-A64F-F007C2FEE7D9</keyObject>
<referredKeyID>90CC7DA9-604D-A2ED-A64F-F007C2FEE7D9</referredKeyID>
<mandatory>true</mandatory>
<refColNames>ID_ROL</refColNames>
<transferable>true</transferable>
<rely>false</rely>
<columnDependencyConstraintGenerateInDDL>true</columnDependencyConstraintGenerateInDDL>
</FKIndexAssociation>