<?xml version = '1.0' encoding = 'UTF-8'?>
<FKIndexAssociation class="oracle.dbtools.crest.model.design.relational.FKIndexAssociation" directorySegmentName="seg_1" id="1414D775-1D89-7705-8CD0-3E3FAF5439DE" containerWithKeyObject="E2BDE607-69C2-AAF3-5324-1431922AB41E" localFKIndex="27185AE1-9155-2739-7FC7-A3EC0E13B7C4" name="PERSONAL_TECNICO">
<sourceConnName>PRFINALBD2020</sourceConnName>
<sourceObjSchema>MARIO</sourceObjSchema>
<sourceObjName>PERSONAL_TECNICO</sourceObjName>
<createdBy>mario</createdBy>
<createdTime>2020-11-05 18:06:14 UTC</createdTime>
<ownerDesignName>Diagrama</ownerDesignName>
<referredTableLongName>MARIO.TIPO_PERSONAL_TECNICO</referredTableLongName>
<deleteRule>NO ACTION</deleteRule>
<referredTableID>7F5706D6-E934-20E3-01EB-DD4C456F544F</referredTableID>
<keyObject>B8029356-F09B-2BCC-A13F-296B02B8A605</keyObject>
<referredKeyID>B8029356-F09B-2BCC-A13F-296B02B8A605</referredKeyID>
<mandatory>true</mandatory>
<refColNames>ID_TIPO_PERSONAL_T</refColNames>
<transferable>true</transferable>
<rely>false</rely>
<columnDependencyConstraintGenerateInDDL>true</columnDependencyConstraintGenerateInDDL>
</FKIndexAssociation>