<?xml version = '1.0' encoding = 'UTF-8'?>
<FKIndexAssociation class="oracle.dbtools.crest.model.design.relational.FKIndexAssociation" directorySegmentName="seg_1" id="330EEAFF-0C5A-2A2E-46B9-BA355AF0FC22" containerWithKeyObject="3635802B-F9A0-554C-2AFC-597F903C8333" localFKIndex="0903DA04-8A5C-2F9D-7149-B21D199C6D54" name="SEGURO_TIPO_SEGURO_FK">
<sourceConnName>PRFINALBD2020</sourceConnName>
<sourceObjSchema>MARIO</sourceObjSchema>
<sourceObjName>SEGURO_TIPO_SEGURO_FK</sourceObjName>
<createdBy>mario</createdBy>
<createdTime>2020-11-05 18:06:14 UTC</createdTime>
<ownerDesignName>Diagrama</ownerDesignName>
<referredTableLongName>MARIO.TIPO_SEGURO</referredTableLongName>
<deleteRule>NO ACTION</deleteRule>
<referredTableID>CC6DAD23-9C5B-8A3A-83C6-B54E7D9961C8</referredTableID>
<keyObject>E504279A-84EC-77D4-4378-5C51B6B6A45E</keyObject>
<referredKeyID>E504279A-84EC-77D4-4378-5C51B6B6A45E</referredKeyID>
<mandatory>true</mandatory>
<refColNames>ID_TIPO_SEGURO</refColNames>
<transferable>true</transferable>
<rely>false</rely>
<columnDependencyConstraintGenerateInDDL>true</columnDependencyConstraintGenerateInDDL>
</FKIndexAssociation>