<?xml version = '1.0' encoding = 'UTF-8'?>
<FKIndexAssociation class="oracle.dbtools.crest.model.design.relational.FKIndexAssociation" directorySegmentName="seg_1" id="37857DB9-9717-888F-A526-5806914D2920" containerWithKeyObject="42691672-7A53-954E-BB18-BE39770CB803" localFKIndex="43119C5B-9F49-8FD2-0348-A14F66C8F379" name="RESULTADO_PERSONALTECNICO">
<sourceConnName>PRFINALBD2020</sourceConnName>
<sourceObjSchema>MARIO</sourceObjSchema>
<sourceObjName>RESULTADO_PERSONALTECNICO</sourceObjName>
<createdBy>mario</createdBy>
<createdTime>2020-11-05 18:06:14 UTC</createdTime>
<ownerDesignName>Diagrama</ownerDesignName>
<referredTableLongName>MARIO.PERSONAL_TECNICO</referredTableLongName>
<deleteRule>NO ACTION</deleteRule>
<referredTableID>E2BDE607-69C2-AAF3-5324-1431922AB41E</referredTableID>
<keyObject>F11172B7-250B-22F8-8EEC-3B44B31D9C79</keyObject>
<referredKeyID>F11172B7-250B-22F8-8EEC-3B44B31D9C79</referredKeyID>
<mandatory>true</mandatory>
<refColNames>ID_PERSONAL_T</refColNames>
<transferable>true</transferable>
<rely>false</rely>
<columnDependencyConstraintGenerateInDDL>true</columnDependencyConstraintGenerateInDDL>
</FKIndexAssociation>