<?xml version = '1.0' encoding = 'UTF-8'?>
<FKIndexAssociation class="oracle.dbtools.crest.model.design.relational.FKIndexAssociation" directorySegmentName="seg_1" id="4DC7A962-1414-6C02-8045-156315AD49C1" containerWithKeyObject="182D3B4E-5C9A-57D8-8A38-1AC6B48D059B" localFKIndex="30D2D037-B1DD-DAF3-2D1F-412465DDC105" name="TIPODOC_DOCPERSONA">
<sourceConnName>PRFINALBD2020</sourceConnName>
<sourceObjSchema>MARIO</sourceObjSchema>
<sourceObjName>TIPODOC_DOCPERSONA</sourceObjName>
<createdBy>mario</createdBy>
<createdTime>2020-11-05 18:06:14 UTC</createdTime>
<ownerDesignName>Diagrama</ownerDesignName>
<referredTableLongName>MARIO.DOCUMENTO_PERSONA</referredTableLongName>
<deleteRule>NO ACTION</deleteRule>
<referredTableID>E35042C1-48C9-F6BD-4CEB-0044089FAD4E</referredTableID>
<keyObject>F9658861-3243-1DA3-98CE-BAC3BBCBEFC5</keyObject>
<referredKeyID>F9658861-3243-1DA3-98CE-BAC3BBCBEFC5</referredKeyID>
<mandatory>true</mandatory>
<refColNames>ID_TIPO_DOCUMENTO</refColNames>
<transferable>true</transferable>
<rely>false</rely>
<columnDependencyConstraintGenerateInDDL>true</columnDependencyConstraintGenerateInDDL>
</FKIndexAssociation>