<?xml version = '1.0' encoding = 'UTF-8'?>
<FKIndexAssociation class="oracle.dbtools.crest.model.design.relational.FKIndexAssociation" directorySegmentName="seg_1" id="54DE9A15-DF43-FFCB-EAE1-9664D1713E2B" containerWithKeyObject="9717DA77-AB3D-DC5C-45DB-1A8DA76CD345" localFKIndex="8F8F1455-A35C-1769-1520-B7A8E4CB6264" name="RELACION_CUENTAS">
<sourceConnName>PRFINALBD2020</sourceConnName>
<sourceObjSchema>MARIO</sourceObjSchema>
<sourceObjName>RELACION_CUENTAS</sourceObjName>
<createdBy>mario</createdBy>
<createdTime>2020-11-05 18:06:14 UTC</createdTime>
<ownerDesignName>Diagrama</ownerDesignName>
<referredTableLongName>MARIO.CUENTAS_POR_PAGAR</referredTableLongName>
<deleteRule>NO ACTION</deleteRule>
<referredTableID>E7686EBA-9F37-A557-542A-FE7BD2399840</referredTableID>
<keyObject>E2A74C41-7FDD-5FA2-4783-A2FD56E4B4AB</keyObject>
<referredKeyID>E2A74C41-7FDD-5FA2-4783-A2FD56E4B4AB</referredKeyID>
<mandatory>true</mandatory>
<refColNames>ID_CUENTA</refColNames>
<transferable>true</transferable>
<rely>false</rely>
<columnDependencyConstraintGenerateInDDL>true</columnDependencyConstraintGenerateInDDL>
</FKIndexAssociation>