<?xml version = '1.0' encoding = 'UTF-8'?>
<FKIndexAssociation class="oracle.dbtools.crest.model.design.relational.FKIndexAssociation" directorySegmentName="seg_1" id="56D71BEA-5A3C-2CAD-E865-511C8E3C43EA" containerWithKeyObject="81412519-BBC2-709A-7727-345A08353DCF" localFKIndex="64169C41-2191-E947-9B8E-71CD54858CEB" name="SUSPENCION_PERSONA_PERSONA_FK">
<sourceConnName>PRFINALBD2020</sourceConnName>
<sourceObjSchema>MARIO</sourceObjSchema>
<sourceObjName>SUSPENCION_PERSONA_PERSONA_FK</sourceObjName>
<createdBy>mario</createdBy>
<createdTime>2020-11-05 18:06:14 UTC</createdTime>
<ownerDesignName>Diagrama</ownerDesignName>
<referredTableLongName>MARIO.PERSONA</referredTableLongName>
<deleteRule>NO ACTION</deleteRule>
<referredTableID>DAAE24F0-731D-4C5A-4ED0-CC20657A3FF1</referredTableID>
<keyObject>FD7C1A16-04CE-E643-30F0-0ECDC33BF003</keyObject>
<referredKeyID>FD7C1A16-04CE-E643-30F0-0ECDC33BF003</referredKeyID>
<mandatory>true</mandatory>
<refColNames>ID_PERSONA</refColNames>
<transferable>true</transferable>
<rely>false</rely>
<columnDependencyConstraintGenerateInDDL>true</columnDependencyConstraintGenerateInDDL>
</FKIndexAssociation>