<?xml version = '1.0' encoding = 'UTF-8'?>
<FKIndexAssociation class="oracle.dbtools.crest.model.design.relational.FKIndexAssociation" directorySegmentName="seg_1" id="6B9AFBCE-678D-3F17-B348-F2D3108A12E5" containerWithKeyObject="B314EE70-9C4D-F1C1-A36D-9F1397309936" localFKIndex="BFE1F7C3-B515-86F7-BF86-D17030146554" name="PROV_DIRECCION">
<sourceConnName>PRFINALBD2020</sourceConnName>
<sourceObjSchema>MARIO</sourceObjSchema>
<sourceObjName>PROV_DIRECCION</sourceObjName>
<createdBy>mario</createdBy>
<createdTime>2020-11-05 18:06:14 UTC</createdTime>
<ownerDesignName>Diagrama</ownerDesignName>
<referredTableLongName>MARIO.DIRECCION_PROVEEDORES</referredTableLongName>
<deleteRule>NO ACTION</deleteRule>
<referredTableID>DF710BCC-4857-0571-AE03-C4D82FA9A13C</referredTableID>
<keyObject>A3FDD9DC-166A-78D0-DF2B-8D09EEAB52F9</keyObject>
<referredKeyID>A3FDD9DC-166A-78D0-DF2B-8D09EEAB52F9</referredKeyID>
<mandatory>true</mandatory>
<refColNames>ID_DIRECCION_PROV</refColNames>
<transferable>true</transferable>
<rely>false</rely>
<columnDependencyConstraintGenerateInDDL>true</columnDependencyConstraintGenerateInDDL>
</FKIndexAssociation>