<?xml version = '1.0' encoding = 'UTF-8'?>
<FKIndexAssociation class="oracle.dbtools.crest.model.design.relational.FKIndexAssociation" directorySegmentName="seg_1" id="7A3E33B2-D8C1-7F59-89E9-C8DF2308DDEB" containerWithKeyObject="EE672680-2E9E-47F0-6C0C-71DA9604AC68" localFKIndex="74AE143A-B1CC-B3AD-3B0C-408D2B66D829" name="TELEFONO_TELEFONO_PERSONA_FK">
<sourceConnName>PRFINALBD2020</sourceConnName>
<sourceObjSchema>MARIO</sourceObjSchema>
<sourceObjName>TELEFONO_TELEFONO_PERSONA_FK</sourceObjName>
<createdBy>mario</createdBy>
<createdTime>2020-11-05 18:06:14 UTC</createdTime>
<ownerDesignName>Diagrama</ownerDesignName>
<referredTableLongName>MARIO.TELEFONO_PERSONA</referredTableLongName>
<deleteRule>NO ACTION</deleteRule>
<referredTableID>D3BE5B3A-EF88-5AD2-FD61-13CD4568A853</referredTableID>
<keyObject>F5CCE62C-ABC1-AD63-B002-33927066E5FF</keyObject>
<referredKeyID>F5CCE62C-ABC1-AD63-B002-33927066E5FF</referredKeyID>
<mandatory>true</mandatory>
<refColNames>ID_TELEFONO</refColNames>
<transferable>true</transferable>
<rely>false</rely>
<columnDependencyConstraintGenerateInDDL>true</columnDependencyConstraintGenerateInDDL>
</FKIndexAssociation>