<?xml version = '1.0' encoding = 'UTF-8'?>
<FKIndexAssociation class="oracle.dbtools.crest.model.design.relational.FKIndexAssociation" directorySegmentName="seg_1" id="7B176BF0-3FD8-83E0-2D8D-EDA01213F9A2" containerWithKeyObject="99CC0ED5-675C-9A7E-CB63-6AFCBAD89EE4" localFKIndex="B59D577C-16B9-B440-4C0D-D1745426D829" name="TIPODOCPAG_DETPAGO">
<sourceConnName>PRFINALBD2020</sourceConnName>
<sourceObjSchema>MARIO</sourceObjSchema>
<sourceObjName>TIPODOCPAG_DETPAGO</sourceObjName>
<createdBy>mario</createdBy>
<createdTime>2020-11-05 18:06:14 UTC</createdTime>
<ownerDesignName>Diagrama</ownerDesignName>
<referredTableLongName>MARIO.DETALLE_PAGO</referredTableLongName>
<deleteRule>NO ACTION</deleteRule>
<referredTableID>6CAAAFCC-4081-A1B4-6E7C-6061F10DF940</referredTableID>
<keyObject>4C6C5D6D-1B89-D609-2667-C638156E3582</keyObject>
<referredKeyID>4C6C5D6D-1B89-D609-2667-C638156E3582</referredKeyID>
<mandatory>true</mandatory>
<refColNames>ID_DETALLE_PAGO</refColNames>
<transferable>true</transferable>
<rely>false</rely>
<columnDependencyConstraintGenerateInDDL>true</columnDependencyConstraintGenerateInDDL>
</FKIndexAssociation>