<?xml version = '1.0' encoding = 'UTF-8'?>
<FKIndexAssociation class="oracle.dbtools.crest.model.design.relational.FKIndexAssociation" directorySegmentName="seg_1" id="7CD986BA-0BA3-A88A-1DF9-2BF8D291D633" containerWithKeyObject="99F1DEF1-E8C7-37E8-4F07-33896654F5D9" localFKIndex="47B701DB-2AB5-442B-DB7B-4B1C6ED865E9" name="TIPO_TELEFONO_TELEFONO_FK">
<sourceConnName>PRFINALBD2020</sourceConnName>
<sourceObjSchema>MARIO</sourceObjSchema>
<sourceObjName>TIPO_TELEFONO_TELEFONO_FK</sourceObjName>
<createdBy>mario</createdBy>
<createdTime>2020-11-05 18:06:14 UTC</createdTime>
<ownerDesignName>Diagrama</ownerDesignName>
<referredTableLongName>MARIO.TELEFONO</referredTableLongName>
<deleteRule>NO ACTION</deleteRule>
<referredTableID>EE672680-2E9E-47F0-6C0C-71DA9604AC68</referredTableID>
<keyObject>1ACACB1D-AF7C-FEB5-4114-DA1A276496A8</keyObject>
<referredKeyID>1ACACB1D-AF7C-FEB5-4114-DA1A276496A8</referredKeyID>
<mandatory>true</mandatory>
<refColNames>ID_TELEFONO</refColNames>
<transferable>true</transferable>
<rely>false</rely>
<columnDependencyConstraintGenerateInDDL>true</columnDependencyConstraintGenerateInDDL>
</FKIndexAssociation>