<?xml version = '1.0' encoding = 'UTF-8'?>
<FKIndexAssociation class="oracle.dbtools.crest.model.design.relational.FKIndexAssociation" directorySegmentName="seg_1" id="80B07241-8DE0-D050-CC19-4B8D753C4F5C" containerWithKeyObject="14138C3E-2D0F-1017-AA0F-B46F2712FB04" localFKIndex="E8BDA2AA-272B-E389-78DB-F9D4E90494C9" name="ROL_USUARIO_PERSONA_FK">
<sourceConnName>PRFINALBD2020</sourceConnName>
<sourceObjSchema>MARIO</sourceObjSchema>
<sourceObjName>ROL_USUARIO_PERSONA_FK</sourceObjName>
<createdBy>mario</createdBy>
<createdTime>2020-11-05 18:06:14 UTC</createdTime>
<ownerDesignName>Diagrama</ownerDesignName>
<referredTableLongName>MARIO.PERSONA</referredTableLongName>
<deleteRule>NO ACTION</deleteRule>
<referredTableID>DAAE24F0-731D-4C5A-4ED0-CC20657A3FF1</referredTableID>
<keyObject>FD7C1A16-04CE-E643-30F0-0ECDC33BF003</keyObject>
<referredKeyID>FD7C1A16-04CE-E643-30F0-0ECDC33BF003</referredKeyID>
<mandatory>true</mandatory>
<refColNames>ID_PERSONA</refColNames>
<transferable>true</transferable>
<rely>false</rely>
<columnDependencyConstraintGenerateInDDL>true</columnDependencyConstraintGenerateInDDL>
</FKIndexAssociation>