<?xml version = '1.0' encoding = 'UTF-8'?>
<FKIndexAssociation class="oracle.dbtools.crest.model.design.relational.FKIndexAssociation" directorySegmentName="seg_1" id="81B5717E-DD69-FE68-40C5-6A0085D71334" containerWithKeyObject="F9FB7931-3D40-E773-FE13-B90969672AC9" localFKIndex="438B412F-0A68-0549-AC55-3CEBBD32AE51" name="ROL_APLICACION_MENU_FK">
<sourceConnName>PRFINALBD2020</sourceConnName>
<sourceObjSchema>MARIO</sourceObjSchema>
<sourceObjName>ROL_APLICACION_MENU_FK</sourceObjName>
<createdBy>mario</createdBy>
<createdTime>2020-11-05 18:06:14 UTC</createdTime>
<ownerDesignName>Diagrama</ownerDesignName>
<referredTableLongName>MARIO.MENU</referredTableLongName>
<deleteRule>NO ACTION</deleteRule>
<referredTableID>1EA8FA86-9305-ED67-129D-95215B58806F</referredTableID>
<keyObject>BDA8F89A-8EF4-6310-BE69-51F51C52070B</keyObject>
<referredKeyID>BDA8F89A-8EF4-6310-BE69-51F51C52070B</referredKeyID>
<mandatory>true</mandatory>
<refColNames>ID_MENU</refColNames>
<transferable>true</transferable>
<rely>false</rely>
<columnDependencyConstraintGenerateInDDL>true</columnDependencyConstraintGenerateInDDL>
</FKIndexAssociation>