<?xml version = '1.0' encoding = 'UTF-8'?>
<FKIndexAssociation class="oracle.dbtools.crest.model.design.relational.FKIndexAssociation" directorySegmentName="seg_1" id="8877F3B8-7B53-8FE6-A015-C431208F5CC8" containerWithKeyObject="81616052-7254-CC25-ECA4-F4BE8B81ABBE" localFKIndex="CDC06FC7-82AD-C9A7-590B-7DDF296E2C8A" name="SUSPENCION_MEDICA_PERSONA_FK">
<sourceConnName>PRFINALBD2020</sourceConnName>
<sourceObjSchema>MARIO</sourceObjSchema>
<sourceObjName>SUSPENCION_MEDICA_PERSONA_FK</sourceObjName>
<createdBy>mario</createdBy>
<createdTime>2020-11-05 18:06:14 UTC</createdTime>
<ownerDesignName>Diagrama</ownerDesignName>
<referredTableLongName>MARIO.PERSONA</referredTableLongName>
<deleteRule>NO ACTION</deleteRule>
<referredTableID>DAAE24F0-731D-4C5A-4ED0-CC20657A3FF1</referredTableID>
<keyObject>FD7C1A16-04CE-E643-30F0-0ECDC33BF003</keyObject>
<referredKeyID>FD7C1A16-04CE-E643-30F0-0ECDC33BF003</referredKeyID>
<mandatory>true</mandatory>
<refColNames>ID_PERSONA</refColNames>
<transferable>true</transferable>
<rely>false</rely>
<columnDependencyConstraintGenerateInDDL>true</columnDependencyConstraintGenerateInDDL>
</FKIndexAssociation>