<?xml version = '1.0' encoding = 'UTF-8'?>
<FKIndexAssociation class="oracle.dbtools.crest.model.design.relational.FKIndexAssociation" directorySegmentName="seg_1" id="8C660926-F613-C37C-6B9A-7EC4E13F3F2E" containerWithKeyObject="DAAE24F0-731D-4C5A-4ED0-CC20657A3FF1" localFKIndex="CAE4F6C5-3147-CCBB-138A-55D1A1CE2C48" name="PERSONA_TIPO_SANGRE_FK">
<sourceConnName>PRFINALBD2020</sourceConnName>
<sourceObjSchema>MARIO</sourceObjSchema>
<sourceObjName>PERSONA_TIPO_SANGRE_FK</sourceObjName>
<createdBy>mario</createdBy>
<createdTime>2020-11-05 18:06:14 UTC</createdTime>
<ownerDesignName>Diagrama</ownerDesignName>
<referredTableLongName>MARIO.TIPO_SANGRE</referredTableLongName>
<deleteRule>NO ACTION</deleteRule>
<referredTableID>3698D67F-4502-7FED-06F2-F7D2A2B6424A</referredTableID>
<keyObject>C90F8C39-23EF-525F-534D-4077AA9D180B</keyObject>
<referredKeyID>C90F8C39-23EF-525F-534D-4077AA9D180B</referredKeyID>
<mandatory>true</mandatory>
<refColNames>ID_TIPO_SANGRE</refColNames>
<transferable>true</transferable>
<rely>false</rely>
<columnDependencyConstraintGenerateInDDL>true</columnDependencyConstraintGenerateInDDL>
</FKIndexAssociation>