<?xml version = '1.0' encoding = 'UTF-8'?>
<FKIndexAssociation class="oracle.dbtools.crest.model.design.relational.FKIndexAssociation" directorySegmentName="seg_1" id="977A0266-8963-9F54-D2B0-C5FEF62EBF14" containerWithKeyObject="5703DB31-C78D-9430-933E-0730EE63601F" localFKIndex="3BA06EC3-E415-A93A-478D-17351B7435C3" name="TELPROV_TEL">
<sourceConnName>PRFINALBD2020</sourceConnName>
<sourceObjSchema>MARIO</sourceObjSchema>
<sourceObjName>TELPROV_TEL</sourceObjName>
<createdBy>mario</createdBy>
<createdTime>2020-11-05 18:06:14 UTC</createdTime>
<ownerDesignName>Diagrama</ownerDesignName>
<referredTableLongName>MARIO.TELEFONO</referredTableLongName>
<deleteRule>NO ACTION</deleteRule>
<referredTableID>EE672680-2E9E-47F0-6C0C-71DA9604AC68</referredTableID>
<keyObject>1ACACB1D-AF7C-FEB5-4114-DA1A276496A8</keyObject>
<referredKeyID>1ACACB1D-AF7C-FEB5-4114-DA1A276496A8</referredKeyID>
<mandatory>true</mandatory>
<refColNames>ID_TELEFONO</refColNames>
<transferable>true</transferable>
<rely>false</rely>
<columnDependencyConstraintGenerateInDDL>true</columnDependencyConstraintGenerateInDDL>
</FKIndexAssociation>