<?xml version = '1.0' encoding = 'UTF-8'?>
<FKIndexAssociation class="oracle.dbtools.crest.model.design.relational.FKIndexAssociation" directorySegmentName="seg_1" id="C41A4E19-CF5E-A34B-DFAC-FA30F53B5A80" containerWithKeyObject="81616052-7254-CC25-ECA4-F4BE8B81ABBE" localFKIndex="0547130B-0E7B-BD6A-31A5-9FBAE63E8D7C" name="SUSPEN_TIPOSUSPEN">
<sourceConnName>PRFINALBD2020</sourceConnName>
<sourceObjSchema>MARIO</sourceObjSchema>
<sourceObjName>SUSPEN_TIPOSUSPEN</sourceObjName>
<createdBy>mario</createdBy>
<createdTime>2020-11-05 18:06:14 UTC</createdTime>
<ownerDesignName>Diagrama</ownerDesignName>
<referredTableLongName>MARIO.TIPO_SUSPENCION</referredTableLongName>
<deleteRule>NO ACTION</deleteRule>
<referredTableID>8F053890-C999-FDE2-D76A-C9FB6EF75AEF</referredTableID>
<keyObject>593431FB-EAE9-DA21-6768-94E37AF830D4</keyObject>
<referredKeyID>593431FB-EAE9-DA21-6768-94E37AF830D4</referredKeyID>
<mandatory>true</mandatory>
<refColNames>ID_TIPO_SUSPENCION</refColNames>
<transferable>true</transferable>
<rely>false</rely>
<columnDependencyConstraintGenerateInDDL>true</columnDependencyConstraintGenerateInDDL>
</FKIndexAssociation>