<?xml version = '1.0' encoding = 'UTF-8'?>
<FKIndexAssociation class="oracle.dbtools.crest.model.design.relational.FKIndexAssociation" directorySegmentName="seg_1" id="C6C6E5D0-4B2E-22C3-9459-1132960CE5BD" containerWithKeyObject="B314EE70-9C4D-F1C1-A36D-9F1397309936" localFKIndex="6F8F6D45-5C73-A4BC-2C66-B555DF785CB4" name="PROV_TELEFONO">
<sourceConnName>PRFINALBD2020</sourceConnName>
<sourceObjSchema>MARIO</sourceObjSchema>
<sourceObjName>PROV_TELEFONO</sourceObjName>
<createdBy>mario</createdBy>
<createdTime>2020-11-05 18:06:14 UTC</createdTime>
<ownerDesignName>Diagrama</ownerDesignName>
<referredTableLongName>MARIO.TELEFONO_PROVEEDORES</referredTableLongName>
<deleteRule>NO ACTION</deleteRule>
<referredTableID>5703DB31-C78D-9430-933E-0730EE63601F</referredTableID>
<keyObject>7A77D447-F481-D645-2663-A18DDEB8B360</keyObject>
<referredKeyID>7A77D447-F481-D645-2663-A18DDEB8B360</referredKeyID>
<mandatory>true</mandatory>
<refColNames>ID_TELEFONO</refColNames>
<transferable>true</transferable>
<rely>false</rely>
<columnDependencyConstraintGenerateInDDL>true</columnDependencyConstraintGenerateInDDL>
</FKIndexAssociation>