<?xml version = '1.0' encoding = 'UTF-8'?>
<FKIndexAssociation class="oracle.dbtools.crest.model.design.relational.FKIndexAssociation" directorySegmentName="seg_1" id="D0D6E792-9771-278F-FCEE-6FC8C910DC88" containerWithKeyObject="E7686EBA-9F37-A557-542A-FE7BD2399840" localFKIndex="5E4DB0CE-287B-F47F-D71A-4FA7DA5C1C36" name="PORPAGARYPROVEE">
<sourceConnName>PRFINALBD2020</sourceConnName>
<sourceObjSchema>MARIO</sourceObjSchema>
<sourceObjName>PORPAGARYPROVEE</sourceObjName>
<createdBy>mario</createdBy>
<createdTime>2020-11-05 18:06:14 UTC</createdTime>
<ownerDesignName>Diagrama</ownerDesignName>
<referredTableLongName>MARIO.PROVEEDORES</referredTableLongName>
<deleteRule>NO ACTION</deleteRule>
<referredTableID>B314EE70-9C4D-F1C1-A36D-9F1397309936</referredTableID>
<keyObject>F9365682-9BDD-9971-8F89-0FFCEC172055</keyObject>
<referredKeyID>F9365682-9BDD-9971-8F89-0FFCEC172055</referredKeyID>
<mandatory>true</mandatory>
<refColNames>ID_PROVEEDOR</refColNames>
<transferable>true</transferable>
<rely>false</rely>
<columnDependencyConstraintGenerateInDDL>true</columnDependencyConstraintGenerateInDDL>
</FKIndexAssociation>