<?xml version = '1.0' encoding = 'UTF-8'?>
<FKIndexAssociation class="oracle.dbtools.crest.model.design.relational.FKIndexAssociation" directorySegmentName="seg_1" id="D5F24D47-416C-BCF2-3434-728B61DBB04D" containerWithKeyObject="14138C3E-2D0F-1017-AA0F-B46F2712FB04" localFKIndex="8EF1F29B-A1BD-8A0F-416D-501EA70DDBBF" name="ROL_USUARIO_ROL_FK">
<sourceConnName>PRFINALBD2020</sourceConnName>
<sourceObjSchema>MARIO</sourceObjSchema>
<sourceObjName>ROL_USUARIO_ROL_FK</sourceObjName>
<createdBy>mario</createdBy>
<createdTime>2020-11-05 18:06:14 UTC</createdTime>
<ownerDesignName>Diagrama</ownerDesignName>
<referredTableLongName>MARIO.ROL</referredTableLongName>
<deleteRule>NO ACTION</deleteRule>
<referredTableID>354CC805-22AB-68F6-06F1-F270CDC2F67C</referredTableID>
<keyObject>3D6E2978-8AFE-0D4D-004F-0A4E239F7FDA</keyObject>
<referredKeyID>3D6E2978-8AFE-0D4D-004F-0A4E239F7FDA</referredKeyID>
<mandatory>true</mandatory>
<refColNames>ID_ROL_USUARIO</refColNames>
<transferable>true</transferable>
<rely>false</rely>
<columnDependencyConstraintGenerateInDDL>true</columnDependencyConstraintGenerateInDDL>
</FKIndexAssociation>