<?xml version = '1.0' encoding = 'UTF-8'?>
<FKIndexAssociation class="oracle.dbtools.crest.model.design.relational.FKIndexAssociation" directorySegmentName="seg_1" id="FEE1C7C3-1F20-E6E5-AC96-0CFD6B6078D9" containerWithKeyObject="25B56DB1-9365-9711-8F04-ED7ED5114F94" localFKIndex="27C4426A-9552-BC8A-2FB4-A1AF74362DF4" name="TIPO_FK">
<sourceConnName>PRFINALBD2020</sourceConnName>
<sourceObjSchema>MARIO</sourceObjSchema>
<sourceObjName>TIPO_FK</sourceObjName>
<createdBy>mario</createdBy>
<createdTime>2020-11-05 18:06:14 UTC</createdTime>
<ownerDesignName>Diagrama</ownerDesignName>
<referredTableLongName>MARIO.TIPO_ODONTOLOGIA</referredTableLongName>
<deleteRule>NO ACTION</deleteRule>
<referredTableID>1F0FBADD-23D5-AA94-1096-510FFDC6E1DE</referredTableID>
<keyObject>B4A8A56F-E5F3-940B-BB37-D123C14A103D</keyObject>
<referredKeyID>B4A8A56F-E5F3-940B-BB37-D123C14A103D</referredKeyID>
<mandatory>true</mandatory>
<refColNames>ID_ODONTOLOGIA</refColNames>
<transferable>true</transferable>
<rely>false</rely>
<columnDependencyConstraintGenerateInDDL>true</columnDependencyConstraintGenerateInDDL>
</FKIndexAssociation>