<?xml version = '1.0' encoding = 'UTF-8'?>
<TableProxyOraclev11g class="oracle.dbtools.crest.model.design.storage.oracle.v11g.TableProxyOraclev11g" name="BANCOS" directorySegmentName="seg_1" id="E3A8C1B8-CC39-72DD-DCEF-0C4538582CA2">
<createdBy>mario</createdBy>
<createdTime>2020-11-05 18:06:13 UTC</createdTime>
<ownerDesignName>Diagrama</ownerDesignName>
<schemaObject>F64E1D9B-7E6B-CABF-605F-B7EAC2DFD0C0</schemaObject>
<logging>YES</logging>
<partitionedRowMovement>DISABLE</partitionedRowMovement>
<segment>BB0EA2FC-37AF-EAAD-70E8-91F0393D3F8B</segment>
<tableSpace>8A00E2BC-553A-1E49-22AD-01378FBC8BBB</tableSpace>
<temporaryChanged>false</temporaryChanged>
<accessDriverType>oracle_loader</accessDriverType>
<rejectLimit></rejectLimit>
<columnProxies itemClass="oracle.dbtools.crest.model.design.storage.oracle.v12c.ColumnProxyOraclev12c">
<ColumnProxy name="ID_BANCO" id="0F5FA8E8-C424-3CB6-DF4E-F07F4438C57B">
<createdBy>mario</createdBy>
<createdTime>2020-11-05 18:06:14 UTC</createdTime>
<ownerDesignName>Diagrama</ownerDesignName>
</ColumnProxy>
<ColumnProxy name="BANCO" id="C1F35950-D2FB-5C7F-A779-BE21141BD2D0">
<createdBy>mario</createdBy>
<createdTime>2020-11-05 18:06:14 UTC</createdTime>
<ownerDesignName>Diagrama</ownerDesignName>
</ColumnProxy>
</columnProxies>
<indexProxies>
<IndexProxy class="oracle.dbtools.crest.model.design.storage.oracle.v10g.IndexProxyOraclev10g" name="BANCOS_PK" id="AFCDA098-F500-B131-88C0-599B818D9DC5">
<createdBy>mario</createdBy>
<createdTime>2020-11-05 18:06:14 UTC</createdTime>
<ownerDesignName>Diagrama</ownerDesignName>
<schemaObject>F64E1D9B-7E6B-CABF-605F-B7EAC2DFD0C0</schemaObject>
<segment>864DFDF8-0630-C0E8-6AF0-EE7C5D309461</segment>
<tableSpace>8A00E2BC-553A-1E49-22AD-01378FBC8BBB</tableSpace>
</IndexProxy>
</indexProxies>
<primaryKeys>
<PrimaryKey class="oracle.dbtools.crest.model.design.storage.oracle.v10g.PKProxyOraclev10g" name="BANCOS_PK" id="85AB65A5-14E3-537A-3D74-2D31FA16A0AD">
<createdBy>mario</createdBy>
<createdTime>2020-11-05 18:06:14 UTC</createdTime>
<ownerDesignName>Diagrama</ownerDesignName>
<segment>864DFDF8-0630-C0E8-6AF0-EE7C5D309461</segment>
<tableSpace>8A00E2BC-553A-1E49-22AD-01378FBC8BBB</tableSpace>
<existingIndex>AFCDA098-F500-B131-88C0-599B818D9DC5</existingIndex>
<indexSegment>864DFDF8-0630-C0E8-6AF0-EE7C5D309461</indexSegment>
<indexSort>SORTED</indexSort>
<usingIndex>BY INDEX NAME</usingIndex>
</PrimaryKey>
</primaryKeys>
</TableProxyOraclev11g>